time,q1_des,q1,q1_err,q2_des,q2,q2_err,q3_des,q3,q3_err,q4_des,q4,q4_err,q5_des,q5,q5_err,q6_des,q6,q6_err,q7_des,q7,q7_err,dq1_des,dq1,dq1_err,dq2_des,dq2,dq2_err,dq3_des,dq3,dq3_err,dq4_des,dq4,dq4_err,dq5_des,dq5,dq5_err,dq6_des,dq6,dq6_err,dq7_des,dq7,dq7_err,qddsafe1,qddsafe2,qddsafe3,qddsafe4,qddsafe5,qddsafe6,qddsafe7,tau1,tau2,tau3,tau4,tau5,tau6,tau7
0.000000,-0.001456,-0.001456,-0.000000,-0.553386,-0.553382,-0.000005,-0.000501,-0.000501,0.000000,-2.139945,-2.139940,-0.000004,-0.015011,-0.015011,0.000000,1.236741,1.236734,0.000007,0.717400,0.717399,0.000001,-0.000072,-0.000797,0.000725,-0.002421,-0.001880,-0.000541,0.000058,0.000039,0.000019,-0.002198,0.001015,-0.003213,0.000211,-0.000151,0.000362,0.003464,0.002145,0.001319,0.000690,-0.002221,0.002911,-0.018685,-0.624892,0.015050,-0.567356,0.054395,0.894047,0.178092,0.016291,-0.702502,0.024915,0.066687,-0.000547,-0.004410,0.001942
0.004845,-0.001456,-0.001455,-0.000001,-0.553386,-0.553379,-0.000007,-0.000501,-0.000505,0.000004,-2.139945,-2.139942,-0.000002,-0.015011,-0.015013,0.000002,1.236741,1.236730,0.000010,0.717400,0.717409,-0.000008,-0.000072,-0.000141,0.000069,-0.002421,0.000372,-0.002793,0.000058,-0.000855,0.000913,-0.002198,-0.000913,-0.001285,0.000211,-0.001783,0.001994,0.003464,0.000893,0.002570,0.000690,0.000887,-0.000197,-0.018685,-0.624892,0.015050,-0.567356,0.054395,0.894047,0.178092,0.016291,-0.702569,0.024937,0.066655,-0.000523,-0.004389,0.001941
0.009689,-0.001458,-0.001455,-0.000003,-0.553440,-0.553379,-0.000061,-0.000499,-0.000505,0.000005,-2.139994,-2.139942,-0.000051,-0.015006,-0.015013,0.000007,1.236818,1.236730,0.000088,0.717416,0.717409,0.000007,-0.000254,-0.000141,-0.000113,-0.008508,0.000372,-0.008880,0.000205,-0.000855,0.001059,-0.007725,-0.000913,-0.006812,0.000741,-0.001783,0.002524,0.012173,0.000893,0.011280,0.002425,0.000887,0.001537,-0.018314,-0.612500,0.014751,-0.556105,0.053316,0.876317,0.174561,0.015960,-0.689021,0.024473,0.065014,-0.000475,-0.004129,0.001916
0.014877,-0.001458,-0.001455,-0.000003,-0.553440,-0.553379,-0.000061,-0.000499,-0.000505,0.000005,-2.139994,-2.139942,-0.000051,-0.015006,-0.015013,0.000007,1.236818,1.236730,0.000088,0.717416,0.717409,0.000007,-0.000254,-0.000141,-0.000113,-0.008508,0.000372,-0.008880,0.000205,-0.000855,0.001059,-0.007725,-0.000913,-0.006812,0.000741,-0.001783,0.002524,0.012173,0.000893,0.011280,0.002425,0.000887,0.001537,-0.018314,-0.612500,0.014751,-0.556105,0.053316,0.876317,0.174561,0.015956,-0.689259,0.024501,0.064830,-0.000442,-0.004028,0.001923
0.020047,-0.001462,-0.001455,-0.000006,-0.553561,-0.553379,-0.000182,-0.000497,-0.000505,0.000008,-2.140104,-2.139942,-0.000161,-0.014995,-0.015013,0.000018,1.236991,1.236730,0.000261,0.717450,0.717409,0.000042,-0.000443,-0.000141,-0.000301,-0.014804,0.000372,-0.015175,0.000357,-0.000855,0.001211,-0.013441,-0.000913,-0.012528,0.001289,-0.001783,0.003072,0.021180,0.000893,0.020286,0.004219,0.000887,0.003332,-0.017923,-0.599415,0.014436,-0.544225,0.052177,0.857596,0.170832,0.015589,-0.675545,0.024026,0.062563,-0.000365,-0.003472,0.001923
0.024887,-0.001462,-0.001455,-0.000006,-0.553561,-0.553379,-0.000182,-0.000497,-0.000505,0.000008,-2.140104,-2.139942,-0.000161,-0.014995,-0.015013,0.000018,1.236991,1.236730,0.000261,0.717450,0.717409,0.000042,-0.000443,-0.000141,-0.000301,-0.014804,0.000372,-0.015175,0.000357,-0.000855,0.001211,-0.013441,-0.000913,-0.012528,0.001289,-0.001783,0.003072,0.021180,0.000893,0.020286,0.004219,0.000887,0.003332,-0.017923,-0.599415,0.014436,-0.544225,0.052177,0.857596,0.170832,0.015580,-0.675952,0.024056,0.062223,-0.000326,-0.003289,0.001938
0.030241,-0.001467,-0.001455,-0.000011,-0.553732,-0.553379,-0.000353,-0.000492,-0.000505,0.000012,-2.140259,-2.139942,-0.000316,-0.014980,-0.015013,0.000032,1.237236,1.236730,0.000506,0.717499,0.717409,0.000090,-0.000614,-0.000141,-0.000473,-0.020542,0.000372,-0.020914,0.000495,-0.000855,0.001349,-0.018651,-0.000913,-0.017738,0.001788,-0.001783,0.003572,0.029390,0.000893,0.028497,0.005854,0.000887,0.004967,-0.017559,-0.587233,0.014143,-0.533164,0.051117,0.840167,0.167360,0.015219,-0.663843,0.023631,0.059516,-0.000223,-0.002459,0.001967
0.035903,-0.001467,-0.001450,-0.000017,-0.553732,-0.553394,-0.000338,-0.000492,-0.000509,0.000016,-2.140259,-2.139944,-0.000315,-0.014980,-0.015010,0.000029,1.237236,1.236728,0.000509,0.717499,0.717403,0.000096,-0.000614,0.000514,-0.001128,-0.020542,0.000862,-0.021404,0.000495,-0.002181,0.002676,-0.018651,0.001303,-0.019953,0.001788,0.000588,0.001200,0.029390,0.000080,0.029310,0.005854,0.000174,0.005680,-0.017559,-0.587233,0.014143,-0.533164,0.051117,0.840167,0.167360,0.015075,-0.664586,0.023909,0.058543,-0.000377,-0.002093,0.002016
0.040141,-0.001474,-0.001450,-0.000024,-0.553967,-0.553394,-0.000572,-0.000487,-0.000509,0.000022,-2.140472,-2.139944,-0.000528,-0.014960,-0.015010,0.000050,1.237572,1.236728,0.000844,0.717566,0.717403,0.000163,-0.000788,0.000514,-0.001302,-0.026349,0.000862,-0.027211,0.000635,-0.002181,0.002816,-0.023923,0.001303,-0.025226,0.002294,0.000588,0.001706,0.037698,0.000080,0.037618,0.007509,0.000174,0.007335,-0.017182,-0.574643,0.013840,-0.521734,0.050021,0.822154,0.163772,0.014670,-0.652628,0.023505,0.055194,-0.000275,-0.000964,0.002074
0.045658,-0.001474,-0.001450,-0.000024,-0.553967,-0.553394,-0.000572,-0.000487,-0.000509,0.000022,-2.140472,-2.139944,-0.000528,-0.014960,-0.015010,0.000050,1.237572,1.236728,0.000844,0.717566,0.717403,0.000163,-0.000788,0.000514,-0.001302,-0.026349,0.000862,-0.027211,0.000635,-0.002181,0.002816,-0.023923,0.001303,-0.025226,0.002294,0.000588,0.001706,0.037698,0.000080,0.037618,0.007509,0.000174,0.007335,-0.017182,-0.574643,0.013840,-0.521734,0.050021,0.822154,0.163772,0.014628,-0.653529,0.023586,0.054359,-0.000244,-0.000542,0.002113
0.050346,-0.001482,-0.001450,-0.000033,-0.554260,-0.553394,-0.000865,-0.000480,-0.000509,0.000029,-2.140738,-2.139944,-0.000794,-0.014935,-0.015010,0.000075,1.237991,1.236728,0.001263,0.717649,0.717403,0.000246,-0.000958,0.000514,-0.001472,-0.032050,0.000862,-0.032912,0.000772,-0.002181,0.002953,-0.029099,0.001303,-0.030402,0.002790,0.000588,0.002202,0.045855,0.000080,0.045775,0.009134,0.000174,0.008960,-0.016805,-0.562008,0.013535,-0.510262,0.048921,0.804078,0.160171,0.014195,-0.642365,0.023207,0.050238,-0.000105,0.000989,0.002206
0.055052,-0.001482,-0.001450,-0.000033,-0.554260,-0.553394,-0.000865,-0.000480,-0.000509,0.000029,-2.140738,-2.139944,-0.000794,-0.014935,-0.015010,0.000075,1.237991,1.236728,0.001263,0.717649,0.717403,0.000246,-0.000958,0.000514,-0.001472,-0.032050,0.000862,-0.032912,0.000772,-0.002181,0.002953,-0.029099,0.001303,-0.030402,0.002790,0.000588,0.002202,0.045855,0.000080,0.045775,0.009134,0.000174,0.008960,-0.016805,-0.562008,0.013535,-0.510262,0.048921,0.804078,0.160171,0.014152,-0.643362,0.023282,0.049318,-0.000069,0.001457,0.002250
0.060118,-0.001493,-0.001450,-0.000043,-0.554607,-0.553394,-0.001213,-0.000471,-0.000509,0.000037,-2.141053,-2.139944,-0.001109,-0.014904,-0.015010,0.000105,1.238488,1.236728,0.001760,0.717748,0.717403,0.000345,-0.001124,0.000514,-0.001638,-0.037595,0.000862,-0.038456,0.000905,-0.002181,0.003087,-0.034133,0.001303,-0.035436,0.003273,0.000588,0.002685,0.053787,0.000080,0.053707,0.010714,0.000174,0.010540,-0.016429,-0.549443,0.013233,-0.498854,0.047827,0.786100,0.156590,0.013693,-0.633167,0.022932,0.044392,0.000110,0.003412,0.002381
0.065184,-0.001493,-0.001450,-0.000043,-0.554607,-0.553394,-0.001213,-0.000471,-0.000509,0.000037,-2.141053,-2.139944,-0.001109,-0.014904,-0.015010,0.000105,1.238488,1.236728,0.001760,0.717748,0.717403,0.000345,-0.001124,0.000514,-0.001638,-0.037595,0.000862,-0.038456,0.000905,-0.002181,0.003087,-0.034133,0.001303,-0.035436,0.003273,0.000588,0.002685,0.053787,0.000080,0.053707,0.010714,0.000174,0.010540,-0.016429,-0.549443,0.013233,-0.498854,0.047827,0.786100,0.156590,0.013640,-0.634481,0.023019,0.043184,0.000160,0.004031,0.002438
0.069981,-0.001505,-0.001453,-0.000052,-0.555010,-0.553410,-0.001600,-0.000462,-0.000502,0.000040,-2.141419,-2.139938,-0.001481,-0.014869,-0.015016,0.000146,1.239064,1.236730,0.002334,0.717863,0.717400,0.000463,-0.001286,-0.000142,-0.001145,-0.043020,0.001683,-0.044703,0.001036,0.000744,0.000292,-0.039059,0.000696,-0.039755,0.003745,-0.002085,0.005830,0.061550,-0.000457,0.062007,0.012261,-0.001915,0.014176,-0.016053,-0.536862,0.012930,-0.487431,0.046732,0.768100,0.153004,0.013394,-0.625300,0.021673,0.037699,0.000839,0.006432,0.002723
0.075290,-0.001505,-0.001453,-0.000052,-0.555010,-0.553410,-0.001600,-0.000462,-0.000502,0.000040,-2.141419,-2.139938,-0.001481,-0.014869,-0.015016,0.000146,1.239064,1.236730,0.002334,0.717863,0.717400,0.000463,-0.001286,-0.000142,-0.001145,-0.043020,0.001683,-0.044703,0.001036,0.000744,0.000292,-0.039059,0.000696,-0.039755,0.003745,-0.002085,0.005830,0.061550,-0.000457,0.062007,0.012261,-0.001915,0.014176,-0.016053,-0.536862,0.012930,-0.487431,0.046732,0.768100,0.153004,0.013349,-0.626932,0.021693,0.036230,0.000937,0.007199,0.002802
0.080117,-0.001519,-0.001453,-0.000065,-0.555469,-0.553410,-0.002059,-0.000451,-0.000502,0.000051,-2.141835,-2.139938,-0.001897,-0.014829,-0.015016,0.000186,1.239720,1.236730,0.002990,0.717994,0.717400,0.000594,-0.001446,-0.000142,-0.001304,-0.048345,0.001683,-0.050028,0.001164,0.000744,0.000420,-0.043894,0.000696,-0.044590,0.004208,-0.002085,0.006293,0.069169,-0.000457,0.069626,0.013778,-0.001915,0.015694,-0.015675,-0.524219,0.012625,-0.475953,0.045632,0.750012,0.149401,0.012851,-0.618471,0.021309,0.029670,0.001229,0.010020,0.003016
0.085172,-0.001519,-0.001453,-0.000065,-0.555469,-0.553410,-0.002059,-0.000451,-0.000502,0.000051,-2.141835,-2.139938,-0.001897,-0.014829,-0.015016,0.000186,1.239720,1.236730,0.002990,0.717994,0.717400,0.000594,-0.001446,-0.000142,-0.001304,-0.048345,0.001683,-0.050028,0.001164,0.000744,0.000420,-0.043894,0.000696,-0.044590,0.004208,-0.002085,0.006293,0.069169,-0.000457,0.069626,0.013778,-0.001915,0.015694,-0.015675,-0.524219,0.012625,-0.475953,0.045632,0.750012,0.149401,0.012799,-0.620313,0.021335,0.028009,0.001336,0.010888,0.003104
0.090101,-0.001534,-0.001453,-0.000081,-0.555979,-0.553410,-0.002570,-0.000438,-0.000502,0.000063,-2.142299,-2.139938,-0.002361,-0.014785,-0.015016,0.000231,1.240451,1.236730,0.003721,0.718139,0.717400,0.000739,-0.001601,-0.000142,-0.001459,-0.053536,0.001683,-0.055219,0.001289,0.000744,0.000545,-0.048606,0.000696,-0.049303,0.004660,-0.002085,0.006745,0.076595,-0.000457,0.077052,0.015257,-0.001915,0.017173,-0.015297,-0.511597,0.012321,-0.464493,0.044533,0.731953,0.145804,0.012270,-0.612932,0.020978,0.020492,0.001677,0.014213,0.003362
0.096596,-0.001534,-0.001453,-0.000081,-0.555979,-0.553410,-0.002570,-0.000438,-0.000502,0.000063,-2.142299,-2.139938,-0.002361,-0.014785,-0.015016,0.000231,1.240451,1.236730,0.003721,0.718139,0.717400,0.000739,-0.001601,-0.000142,-0.001459,-0.053536,0.001683,-0.055219,0.001289,0.000744,0.000545,-0.048606,0.000696,-0.049303,0.004660,-0.002085,0.006745,0.076595,-0.000457,0.077052,0.015257,-0.001915,0.017173,-0.015297,-0.511597,0.012321,-0.464493,0.044533,0.731953,0.145804,0.012193,-0.615653,0.021019,0.018036,0.001830,0.015496,0.003489
0.100006,-0.001551,-0.001453,-0.000097,-0.556540,-0.553410,-0.003130,-0.000425,-0.000502,0.000077,-2.142808,-2.139938,-0.002870,-0.014736,-0.015016,0.000280,1.241253,1.236730,0.004523,0.718299,0.717400,0.000899,-0.001752,-0.000142,-0.001610,-0.058585,0.001683,-0.060268,0.001411,0.000744,0.000666,-0.053191,0.000696,-0.053888,0.005100,-0.002085,0.007184,0.083819,-0.000457,0.084276,0.016697,-0.001915,0.018612,-0.014921,-0.499010,0.012018,-0.453065,0.043437,0.713945,0.142217,0.011651,-0.608742,0.020679,0.010128,0.002185,0.019029,0.003761
0.104717,-0.001551,-0.001453,-0.000097,-0.556540,-0.553414,-0.003125,-0.000425,-0.000505,0.000080,-2.142808,-2.139942,-0.002866,-0.014736,-0.015010,0.000273,1.241253,1.236730,0.004522,0.718299,0.717409,0.000890,-0.001752,-0.000109,-0.001643,-0.058585,-0.001170,-0.057415,0.001411,-0.002132,0.003543,-0.053191,0.000390,-0.053581,0.005100,0.001495,0.003605,0.083819,0.000528,0.083292,0.016697,0.000511,0.016185,-0.014921,-0.499010,0.012018,-0.453065,0.043437,0.713945,0.142217,0.011569,-0.609519,0.022182,0.008279,0.001387,0.019924,0.003654
0.109935,-0.001569,-0.001453,-0.000115,-0.557145,-0.553414,-0.003730,-0.000410,-0.000505,0.000095,-2.143357,-2.139942,-0.003415,-0.014683,-0.015010,0.000326,1.242118,1.236730,0.005388,0.718472,0.717409,0.001062,-0.001898,-0.000109,-0.001789,-0.063471,-0.001170,-0.062300,0.001529,-0.002132,0.003661,-0.057627,0.000390,-0.058017,0.005525,0.001495,0.004030,0.090809,0.000528,0.090281,0.018089,0.000511,0.017578,-0.014548,-0.486524,0.011717,-0.441728,0.042351,0.696080,0.138658,0.010976,-0.604468,0.021956,-0.001258,0.001786,0.024312,0.003994
0.115036,-0.001569,-0.001453,-0.000115,-0.557145,-0.553414,-0.003730,-0.000410,-0.000505,0.000095,-2.143357,-2.139942,-0.003415,-0.014683,-0.015010,0.000326,1.242118,1.236730,0.005388,0.718472,0.717409,0.001062,-0.001898,-0.000109,-0.001789,-0.063471,-0.001170,-0.062300,0.001529,-0.002132,0.003661,-0.057627,0.000390,-0.058017,0.005525,0.001495,0.004030,0.090809,0.000528,0.090281,0.018089,0.000511,0.017578,-0.014548,-0.486524,0.011717,-0.441728,0.042351,0.696080,0.138658,0.010896,-0.607148,0.022075,-0.003736,0.001889,0.025605,0.004110
0.120082,-0.001589,-0.001453,-0.000136,-0.557829,-0.553414,-0.004415,-0.000394,-0.000505,0.000111,-2.143979,-2.139942,-0.004037,-0.014624,-0.015010,0.000386,1.243098,1.236730,0.006368,0.718667,0.717409,0.001258,-0.002047,-0.000109,-0.001938,-0.068452,-0.001170,-0.067282,0.001649,-0.002132,0.003781,-0.062149,0.000390,-0.062539,0.005959,0.001495,0.004464,0.097935,0.000528,0.097408,0.019509,0.000511,0.018997,-0.014157,-0.473453,0.011403,-0.429861,0.041213,0.677380,0.134933,0.010245,-0.602858,0.021858,-0.014620,0.002355,0.030673,0.004505
0.125223,-0.001589,-0.001453,-0.000136,-0.557829,-0.553414,-0.004415,-0.000394,-0.000505,0.000111,-2.143979,-2.139942,-0.004037,-0.014624,-0.015010,0.000386,1.243098,1.236730,0.006368,0.718667,0.717409,0.001258,-0.002047,-0.000109,-0.001938,-0.068452,-0.001170,-0.067282,0.001649,-0.002132,0.003781,-0.062149,0.000390,-0.062539,0.005959,0.001495,0.004464,0.097935,0.000528,0.097408,0.019509,0.000511,0.018997,-0.014157,-0.473453,0.011403,-0.429861,0.041213,0.677380,0.134933,0.010155,-0.605895,0.021986,-0.017423,0.002474,0.032136,0.004636
0.130580,-0.001610,-0.001453,-0.000156,-0.558511,-0.553414,-0.005097,-0.000377,-0.000505,0.000128,-2.144598,-2.139942,-0.004656,-0.014564,-0.015010,0.000445,1.244073,1.236730,0.007343,0.718861,0.717409,0.001452,-0.002182,-0.000109,-0.002072,-0.072958,-0.001170,-0.071788,0.001757,-0.002132,0.003889,-0.066241,0.000390,-0.066631,0.006351,0.001495,0.004856,0.104383,0.000528,0.103855,0.020793,0.000511,0.020281,-0.013794,-0.461309,0.011110,-0.418835,0.040156,0.660006,0.131472,0.009500,-0.603573,0.021832,-0.029051,0.002979,0.037641,0.005071
0.135217,-0.001610,-0.001451,-0.000158,-0.558511,-0.553409,-0.005102,-0.000377,-0.000501,0.000124,-2.144598,-2.139946,-0.004652,-0.014564,-0.015012,0.000447,1.244073,1.236730,0.007343,0.718861,0.717403,0.001458,-0.002182,0.000560,-0.002742,-0.072958,0.000233,-0.073191,0.001757,0.000839,0.000919,-0.066241,-0.001110,-0.065130,0.006351,-0.000824,0.007175,0.104383,-0.000294,0.104677,0.020793,0.000879,0.019914,-0.013794,-0.461309,0.011110,-0.418835,0.040156,0.660006,0.131472,0.008963,-0.607563,0.019994,-0.030842,0.003862,0.039280,0.005167
0.139741,-0.001632,-0.001451,-0.000181,-0.559263,-0.553409,-0.005854,-0.000359,-0.000501,0.000142,-2.145281,-2.139946,-0.005335,-0.014499,-0.015012,0.000513,1.245149,1.236730,0.008420,0.719075,0.717403,0.001672,-0.002318,0.000560,-0.002878,-0.077506,0.000233,-0.077739,0.001867,0.000839,0.001028,-0.070370,-0.001110,-0.069260,0.006747,-0.000824,0.007570,0.110890,-0.000294,0.111184,0.022089,0.000879,0.021210,-0.013417,-0.448720,0.010807,-0.407405,0.039060,0.641994,0.127884,0.008252,-0.605753,0.019771,-0.043368,0.004442,0.045259,0.005638
0.144912,-0.001632,-0.001451,-0.000181,-0.559263,-0.553409,-0.005854,-0.000359,-0.000501,0.000142,-2.145281,-2.139946,-0.005335,-0.014499,-0.015012,0.000513,1.245149,1.236730,0.008420,0.719075,0.717403,0.001672,-0.002318,0.000560,-0.002878,-0.077506,0.000233,-0.077739,0.001867,0.000839,0.001028,-0.070370,-0.001110,-0.069260,0.006747,-0.000824,0.007570,0.110890,-0.000294,0.111184,0.022089,0.000879,0.021210,-0.013417,-0.448720,0.010807,-0.407405,0.039060,0.641994,0.127884,0.008125,-0.609485,0.019840,-0.046730,0.004620,0.047043,0.005795
0.149971,-0.001656,-0.001451,-0.000204,-0.560061,-0.553409,-0.006652,-0.000340,-0.000501,0.000161,-2.146005,-2.139946,-0.006059,-0.014430,-0.015012,0.000582,1.246291,1.236730,0.009561,0.719303,0.717403,0.001899,-0.002450,0.000560,-0.003010,-0.081932,0.000233,-0.082166,0.001973,0.000839,0.001135,-0.074388,-0.001110,-0.073278,0.007132,-0.000824,0.007956,0.117222,-0.000294,0.117517,0.023350,0.000879,0.022471,-0.013040,-0.436120,0.010503,-0.395965,0.037963,0.623966,0.124293,0.007361,-0.609367,0.019656,-0.060802,0.005279,0.053835,0.006334
0.155055,-0.001656,-0.001451,-0.000204,-0.560061,-0.553409,-0.006652,-0.000340,-0.000501,0.000161,-2.146005,-2.139946,-0.006059,-0.014430,-0.015012,0.000582,1.246291,1.236730,0.009561,0.719303,0.717403,0.001899,-0.002450,0.000560,-0.003010,-0.081932,0.000233,-0.082166,0.001973,0.000839,0.001135,-0.074388,-0.001110,-0.073278,0.007132,-0.000824,0.007956,0.117222,-0.000294,0.117517,0.023350,0.000879,0.022471,-0.013040,-0.436120,0.010503,-0.395965,0.037963,0.623966,0.124293,0.007225,-0.613409,0.019733,-0.064446,0.005471,0.055767,0.006503
0.160037,-0.001681,-0.001451,-0.000230,-0.560905,-0.553409,-0.007496,-0.000320,-0.000501,0.000181,-2.146771,-2.139946,-0.006826,-0.014356,-0.015012,0.000656,1.247499,1.236730,0.010769,0.719543,0.717403,0.002140,-0.002579,0.000560,-0.003139,-0.086247,0.000233,-0.086480,0.002077,0.000839,0.001239,-0.078306,-0.001110,-0.077196,0.007508,-0.000824,0.008331,0.123395,-0.000294,0.123690,0.024580,0.000879,0.023701,-0.012662,-0.423476,0.010199,-0.384485,0.036862,0.605876,0.120689,0.006422,-0.614547,0.019578,-0.079708,0.006190,0.063182,0.007093
0.164838,-0.001681,-0.001451,-0.000230,-0.560905,-0.553409,-0.007496,-0.000320,-0.000501,0.000181,-2.146771,-2.139946,-0.006826,-0.014356,-0.015012,0.000656,1.247499,1.236730,0.010769,0.719543,0.717403,0.002140,-0.002579,0.000560,-0.003139,-0.086247,0.000233,-0.086480,0.002077,0.000839,0.001239,-0.078306,-0.001110,-0.077196,0.007508,-0.000824,0.008331,0.123395,-0.000294,0.123690,0.024580,0.000879,0.023701,-0.012662,-0.423476,0.010199,-0.384485,0.036862,0.605876,0.120689,0.006282,-0.618721,0.019659,-0.083473,0.006387,0.065176,0.007267
0.170091,-0.001707,-0.001455,-0.000252,-0.561782,-0.553414,-0.008368,-0.000299,-0.000507,0.000208,-2.147568,-2.139939,-0.007628,-0.014280,-0.015010,0.000730,1.248753,1.236734,0.012020,0.719793,0.717403,0.002391,-0.002703,-0.001112,-0.001591,-0.090390,0.001050,-0.091440,0.002177,-0.000054,0.002231,-0.082067,0.001044,-0.083111,0.007868,0.000834,0.007034,0.129322,0.002736,0.126586,0.025761,-0.000014,0.025775,-0.012288,-0.410970,0.009898,-0.373130,0.035774,0.587984,0.117125,0.006838,-0.622165,0.020336,-0.101937,0.006488,0.072485,0.008042
0.174824,-0.001707,-0.001455,-0.000252,-0.561782,-0.553414,-0.008368,-0.000299,-0.000507,0.000208,-2.147568,-2.139939,-0.007628,-0.014280,-0.015010,0.000730,1.248753,1.236734,0.012020,0.719793,0.717403,0.002391,-0.002703,-0.001112,-0.001591,-0.090390,0.001050,-0.091440,0.002177,-0.000054,0.002231,-0.082067,0.001044,-0.083111,0.007868,0.000834,0.007034,0.129322,0.002736,0.126586,0.025761,-0.000014,0.025775,-0.012288,-0.410970,0.009898,-0.373130,0.035774,0.587984,0.117125,0.006730,-0.626610,0.020446,-0.105983,0.006678,0.074577,0.008230
0.179877,-0.001735,-0.001455,-0.000280,-0.562707,-0.553414,-0.009292,-0.000276,-0.000507,0.000231,-2.148407,-2.139939,-0.008468,-0.014199,-0.015010,0.000810,1.250076,1.236734,0.013342,0.720057,0.717403,0.002654,-0.002824,-0.001112,-0.001712,-0.094437,0.001050,-0.095488,0.002274,-0.000054,0.002329,-0.085742,0.001044,-0.086786,0.008221,0.000834,0.007387,0.135113,0.002736,0.132377,0.026914,-0.000014,0.026929,-0.011912,-0.398372,0.009594,-0.361692,0.034677,0.569959,0.113535,0.005884,-0.630679,0.020385,-0.123893,0.007508,0.083332,0.008937
0.184729,-0.001735,-0.001455,-0.000280,-0.562707,-0.553414,-0.009292,-0.000276,-0.000507,0.000231,-2.148407,-2.139939,-0.008468,-0.014199,-0.015010,0.000810,1.250076,1.236734,0.013342,0.720057,0.717403,0.002654,-0.002824,-0.001112,-0.001712,-0.094437,0.001050,-0.095488,0.002274,-0.000054,0.002329,-0.085742,0.001044,-0.086786,0.008221,0.000834,0.007387,0.135113,0.002736,0.132377,0.026914,-0.000014,0.026929,-0.011912,-0.398372,0.009594,-0.361692,0.034677,0.569959,0.113535,0.005762,-0.635625,0.020507,-0.128394,0.007721,0.085662,0.009145
0.189793,-0.001764,-0.001455,-0.000309,-0.563670,-0.553414,-0.010256,-0.000253,-0.000507,0.000254,-2.149282,-2.139939,-0.009343,-0.014115,-0.015010,0.000894,1.251455,1.236734,0.014721,0.720331,0.717403,0.002929,-0.002941,-0.001112,-0.001829,-0.098357,0.001050,-0.099407,0.002369,-0.000054,0.002423,-0.089301,0.001044,-0.090345,0.008562,0.000834,0.007728,0.140721,0.002736,0.137985,0.028031,-0.000014,0.028046,-0.011535,-0.385780,0.009291,-0.350260,0.033581,0.551945,0.109946,0.004873,-0.641140,0.020482,-0.147608,0.008617,0.095102,0.009908
0.195913,-0.001764,-0.001455,-0.000309,-0.563670,-0.553414,-0.010256,-0.000253,-0.000507,0.000254,-2.149282,-2.139939,-0.009343,-0.014115,-0.015010,0.000894,1.251455,1.236734,0.014721,0.720331,0.717403,0.002929,-0.002941,-0.001112,-0.001829,-0.098357,0.001050,-0.099407,0.002369,-0.000054,0.002423,-0.089301,0.001044,-0.090345,0.008562,0.000834,0.007728,0.140721,0.002736,0.137985,0.028031,-0.000014,0.028046,-0.011535,-0.385780,0.009291,-0.350260,0.033581,0.551945,0.109946,0.004706,-0.647803,0.020646,-0.153672,0.008904,0.098244,0.010188
0.200103,-0.001794,-0.001455,-0.000339,-0.564677,-0.553414,-0.011262,-0.000229,-0.000507,0.000278,-2.150196,-2.139939,-0.010256,-0.014028,-0.015010,0.000982,1.252894,1.236734,0.016161,0.720618,0.717403,0.003216,-0.003055,-0.001112,-0.001943,-0.102165,0.001050,-0.103215,0.002461,-0.000054,0.002515,-0.092758,0.001044,-0.093802,0.008893,0.000834,0.008059,0.146169,0.002736,0.143433,0.029117,-0.000014,0.029131,-0.011157,-0.373141,0.008987,-0.338785,0.032481,0.533862,0.106344,0.003791,-0.653958,0.020634,-0.173519,0.009835,0.108021,0.010976
0.204934,-0.001794,-0.001452,-0.000342,-0.564677,-0.553416,-0.011260,-0.000229,-0.000504,0.000275,-2.150196,-2.139952,-0.010243,-0.014028,-0.015008,0.000980,1.252894,1.236734,0.016160,0.720618,0.717399,0.003219,-0.003055,0.000081,-0.003136,-0.102165,-0.001252,-0.100912,0.002461,-0.000676,0.003136,-0.092758,-0.001066,-0.091692,0.008893,0.001325,0.007568,0.146169,-0.000303,0.146473,0.029117,-0.000872,0.029988,-0.011157,-0.373141,0.008987,-0.338785,0.032481,0.533862,0.106344,0.002430,-0.657301,0.021347,-0.176420,0.009828,0.111678,0.011358
0.210110,-0.001825,-0.001452,-0.000373,-0.565712,-0.553416,-0.012295,-0.000204,-0.000504,0.000300,-2.151135,-2.139952,-0.011183,-0.013938,-0.015008,0.001070,1.254375,1.236734,0.017641,0.720913,0.717399,0.003514,-0.003164,0.000081,-0.003245,-0.105816,-0.001252,-0.104563,0.002548,-0.000676,0.003224,-0.096073,-0.001066,-0.095007,0.009211,0.001325,0.007886,0.151393,-0.000303,0.151696,0.030157,-0.000872,0.031029,-0.010783,-0.360607,0.008685,-0.327405,0.031390,0.515929,0.102772,0.001418,-0.665969,0.021414,-0.198428,0.010862,0.122643,0.012248
0.214908,-0.001825,-0.001452,-0.000373,-0.565712,-0.553416,-0.012295,-0.000204,-0.000504,0.000300,-2.151135,-2.139952,-0.011183,-0.013938,-0.015008,0.001070,1.254375,1.236734,0.017641,0.720913,0.717399,0.003514,-0.003164,0.000081,-0.003245,-0.105816,-0.001252,-0.104563,0.002548,-0.000676,0.003224,-0.096073,-0.001066,-0.095007,0.009211,0.001325,0.007886,0.151393,-0.000303,0.151696,0.030157,-0.000872,0.031029,-0.010783,-0.360607,0.008685,-0.327405,0.031390,0.515929,0.102772,0.001236,-0.671902,0.021574,-0.203822,0.011117,0.125493,0.012501
0.220983,-0.001857,-0.001452,-0.000406,-0.566790,-0.553416,-0.013374,-0.000178,-0.000504,0.000326,-2.152115,-2.139952,-0.012162,-0.013844,-0.015008,0.001164,1.255918,1.236734,0.019184,0.721221,0.717399,0.003821,-0.003270,0.000081,-0.003351,-0.109367,-0.001252,-0.108115,0.002634,-0.000676,0.003310,-0.099297,-0.001066,-0.098232,0.009520,0.001325,0.008195,0.156474,-0.000303,0.156778,0.031169,-0.000872,0.032041,-0.010405,-0.347981,0.008381,-0.315942,0.030291,0.497865,0.099174,0.000147,-0.682933,0.021699,-0.228081,0.012263,0.137637,0.013490
0.224954,-0.001857,-0.001452,-0.000406,-0.566790,-0.553416,-0.013374,-0.000178,-0.000504,0.000326,-2.152115,-2.139952,-0.012162,-0.013844,-0.015008,0.001164,1.255918,1.236734,0.019184,0.721221,0.717399,0.003821,-0.003270,0.000081,-0.003351,-0.109367,-0.001252,-0.108115,0.002634,-0.000676,0.003310,-0.099297,-0.001066,-0.098232,0.009520,0.001325,0.008195,0.156474,-0.000303,0.156778,0.031169,-0.000872,0.032041,-0.010405,-0.347981,0.008381,-0.315942,0.030291,0.497865,0.099174,-0.000023,-0.688496,0.021848,-0.233138,0.012502,0.140309,0.013727
0.230144,-0.001890,-0.001452,-0.000439,-0.567903,-0.553416,-0.014486,-0.000151,-0.000504,0.000353,-2.153125,-2.139952,-0.013172,-0.013747,-0.015008,0.001261,1.257510,1.236734,0.020776,0.721538,0.717399,0.004138,-0.003373,0.000081,-0.003453,-0.112789,-0.001252,-0.111537,0.002716,-0.000676,0.003392,-0.102404,-0.001066,-0.101339,0.009818,0.001325,0.008493,0.161370,-0.000303,0.161673,0.032145,-0.000872,0.033016,-0.010028,-0.335367,0.008077,-0.304489,0.029193,0.479817,0.095579,-0.001134,-0.700329,0.021991,-0.258111,0.013687,0.152827,0.014743
0.234881,-0.001890,-0.001451,-0.000439,-0.567903,-0.553409,-0.014494,-0.000151,-0.000504,0.000353,-2.153125,-2.139962,-0.013162,-0.013747,-0.015010,0.001263,1.257510,1.236734,0.020776,0.721538,0.717400,0.004137,-0.003373,-0.000386,-0.002986,-0.112789,0.000766,-0.113556,0.002716,0.000589,0.002127,-0.102404,0.000949,-0.103354,0.009818,0.000690,0.009128,0.161370,0.001424,0.159946,0.032145,-0.000171,0.032316,-0.010028,-0.335367,0.008077,-0.304489,0.029193,0.479817,0.095579,-0.000813,-0.709443,0.020744,-0.266366,0.014349,0.155409,0.014895
0.239835,-0.001924,-0.001451,-0.000473,-0.569044,-0.553409,-0.015635,-0.000124,-0.000504,0.000380,-2.154161,-2.139962,-0.014198,-0.013648,-0.015010,0.001362,1.259143,1.236734,0.022408,0.721863,0.717400,0.004463,-0.003471,-0.000386,-0.003085,-0.116070,0.000766,-0.116837,0.002795,0.000589,0.002206,-0.105383,0.000949,-0.106333,0.010104,0.000690,0.009414,0.166064,0.001424,0.164640,0.033080,-0.000171,0.033251,-0.009652,-0.322810,0.007775,-0.293088,0.028100,0.461852,0.092000,-0.001946,-0.722540,0.020885,-0.292421,0.015595,0.168460,0.015952
0.244862,-0.001924,-0.001451,-0.000473,-0.569044,-0.553409,-0.015635,-0.000124,-0.000504,0.000380,-2.154161,-2.139962,-0.014198,-0.013648,-0.015010,0.001362,1.259143,1.236734,0.022408,0.721863,0.717400,0.004463,-0.003471,-0.000386,-0.003085,-0.116070,0.000766,-0.116837,0.002795,0.000589,0.002206,-0.105383,0.000949,-0.106333,0.010104,0.000690,0.009414,0.166064,0.001424,0.164640,0.033080,-0.000171,0.033251,-0.009652,-0.322810,0.007775,-0.293088,0.028100,0.461852,0.092000,-0.002163,-0.730057,0.021053,-0.299252,0.015927,0.172028,0.016264
0.250485,-0.001960,-0.001451,-0.000508,-0.570221,-0.553409,-0.016812,-0.000095,-0.000504,0.000409,-2.155230,-2.139962,-0.015267,-0.013545,-0.015010,0.001464,1.260827,1.236734,0.024093,0.722198,0.717400,0.004798,-0.003565,-0.000386,-0.003179,-0.119238,0.000766,-0.120004,0.002872,0.000589,0.002282,-0.108259,0.000949,-0.109208,0.010379,0.000690,0.009690,0.170596,0.001424,0.169172,0.033982,-0.000171,0.034154,-0.009275,-0.310206,0.007471,-0.281644,0.027003,0.443819,0.088408,-0.003376,-0.745778,0.021255,-0.327743,0.017296,0.186354,0.017427
0.254999,-0.001960,-0.001451,-0.000508,-0.570221,-0.553409,-0.016812,-0.000095,-0.000504,0.000409,-2.155230,-2.139962,-0.015267,-0.013545,-0.015010,0.001464,1.260827,1.236734,0.024093,0.722198,0.717400,0.004798,-0.003565,-0.000386,-0.003179,-0.119238,0.000766,-0.120004,0.002872,0.000589,0.002282,-0.108259,0.000949,-0.109208,0.010379,0.000690,0.009690,0.170596,0.001424,0.169172,0.033982,-0.000171,0.034154,-0.009275,-0.310206,0.007471,-0.281644,0.027003,0.443819,0.088408,-0.003584,-0.752970,0.021416,-0.334280,0.017614,0.189769,0.017725
0.260016,-0.001996,-0.001451,-0.000544,-0.571429,-0.553409,-0.018020,-0.000066,-0.000504,0.000438,-2.156326,-2.139962,-0.016364,-0.013440,-0.015010,0.001570,1.262555,1.236734,0.025821,0.722543,0.717400,0.005142,-0.003656,-0.000386,-0.003270,-0.122277,0.000766,-0.123043,0.002945,0.000589,0.002355,-0.111018,0.000949,-0.111968,0.010644,0.000690,0.009954,0.174944,0.001424,0.173520,0.034848,-0.000171,0.035020,-0.008899,-0.297611,0.007168,-0.270209,0.025906,0.425799,0.084818,-0.004819,-0.769407,0.021637,-0.363410,0.019017,0.204433,0.018912
0.264877,-0.001996,-0.001451,-0.000544,-0.571429,-0.553409,-0.018020,-0.000066,-0.000504,0.000438,-2.156326,-2.139962,-0.016364,-0.013440,-0.015010,0.001570,1.262555,1.236734,0.025821,0.722543,0.717400,0.005142,-0.003656,-0.000386,-0.003270,-0.122277,0.000766,-0.123043,0.002945,0.000589,0.002355,-0.111018,0.000949,-0.111968,0.010644,0.000690,0.009954,0.174944,0.001424,0.173520,0.034848,-0.000171,0.035020,-0.008899,-0.297611,0.007168,-0.270209,0.025906,0.425799,0.084818,-0.005054,-0.777536,0.021820,-0.370797,0.019378,0.208295,0.019249
0.270031,-0.002033,-0.001451,-0.000581,-0.572669,-0.553423,-0.019246,-0.000036,-0.000505,0.000468,-2.157452,-2.139999,-0.017453,-0.013332,-0.015011,0.001679,1.264330,1.236738,0.027591,0.722896,0.717401,0.005495,-0.003743,-0.000338,-0.003405,-0.125196,-0.001999,-0.123197,0.003015,-0.000660,0.003675,-0.113669,-0.001300,-0.112369,0.010898,0.000986,0.009912,0.179121,-0.002052,0.181173,0.035681,-0.000232,0.035913,-0.008521,-0.284987,0.006864,-0.258747,0.024807,0.407737,0.081220,-0.006409,-0.792053,0.023718,-0.398183,0.020691,0.225358,0.020522
0.274956,-0.002033,-0.001451,-0.000581,-0.572669,-0.553423,-0.019246,-0.000036,-0.000505,0.000468,-2.157452,-2.139999,-0.017453,-0.013332,-0.015011,0.001679,1.264330,1.236738,0.027591,0.722896,0.717401,0.005495,-0.003743,-0.000338,-0.003405,-0.125196,-0.001999,-0.123197,0.003015,-0.000660,0.003675,-0.113669,-0.001300,-0.112369,0.010898,0.000986,0.009912,0.179121,-0.002052,0.181173,0.035681,-0.000232,0.035913,-0.008521,-0.284987,0.006864,-0.258747,0.024807,0.407737,0.081220,-0.006661,-0.800656,0.023943,-0.405999,0.021073,0.229505,0.020880
0.279721,-0.002071,-0.001451,-0.000619,-0.573932,-0.553423,-0.020509,-0.000006,-0.000505,0.000499,-2.158598,-2.139999,-0.018600,-0.013222,-0.015011,0.001789,1.266136,1.236738,0.029397,0.723256,0.717401,0.005855,-0.003827,-0.000338,-0.003488,-0.127975,-0.001999,-0.125976,0.003082,-0.000660,0.003742,-0.116192,-0.001300,-0.114892,0.011140,0.000986,0.010154,0.183097,-0.002052,0.185149,0.036473,-0.000232,0.036705,-0.008146,-0.272428,0.006561,-0.247345,0.023714,0.389769,0.077641,-0.007978,-0.819788,0.024261,-0.437534,0.022600,0.245494,0.022170
0.284857,-0.002071,-0.001451,-0.000619,-0.573932,-0.553423,-0.020509,-0.000006,-0.000505,0.000499,-2.158598,-2.139999,-0.018600,-0.013222,-0.015011,0.001789,1.266136,1.236738,0.029397,0.723256,0.717401,0.005855,-0.003827,-0.000338,-0.003488,-0.127975,-0.001999,-0.125976,0.003082,-0.000660,0.003742,-0.116192,-0.001300,-0.114892,0.011140,0.000986,0.010154,0.183097,-0.002052,0.185149,0.036473,-0.000232,0.036705,-0.008146,-0.272428,0.006561,-0.247345,0.023714,0.389769,0.077641,-0.008255,-0.829199,0.024506,-0.446084,0.023018,0.250028,0.022561
0.290012,-0.002109,-0.001451,-0.000658,-0.575225,-0.553423,-0.021802,0.000025,-0.000505,0.000530,-2.159773,-2.139999,-0.019774,-0.013110,-0.015011,0.001902,1.267986,1.236738,0.031248,0.723624,0.717401,0.006223,-0.003906,-0.000338,-0.003568,-0.130637,-0.001999,-0.128638,0.003146,-0.000660,0.003806,-0.118609,-0.001300,-0.117309,0.011372,0.000986,0.010386,0.186905,-0.002052,0.188957,0.037231,-0.000232,0.037463,-0.007769,-0.259831,0.006258,-0.235908,0.022618,0.371746,0.074051,-0.009641,-0.850590,0.024879,-0.479712,0.024651,0.267117,0.023941
0.296196,-0.002109,-0.001451,-0.000658,-0.575225,-0.553423,-0.021802,0.000025,-0.000505,0.000530,-2.159773,-2.139999,-0.019774,-0.013110,-0.015011,0.001902,1.267986,1.236738,0.031248,0.723624,0.717401,0.006223,-0.003906,-0.000338,-0.003568,-0.130637,-0.001999,-0.128638,0.003146,-0.000660,0.003806,-0.118609,-0.001300,-0.117309,0.011372,0.000986,0.010386,0.186905,-0.002052,0.188957,0.037231,-0.000232,0.037463,-0.007769,-0.259831,0.006258,-0.235908,0.022618,0.371746,0.074051,-0.009994,-0.862599,0.025191,-0.490624,0.025186,0.272901,0.024438
0.299974,-0.002149,-0.001451,-0.000697,-0.576547,-0.553423,-0.023125,0.000057,-0.000505,0.000562,-2.160973,-2.139999,-0.020975,-0.012994,-0.015011,0.002017,1.269878,1.236738,0.033140,0.724001,0.717401,0.006600,-0.003982,-0.000338,-0.003644,-0.133179,-0.001999,-0.131180,0.003207,-0.000660,0.003868,-0.120916,-0.001300,-0.119616,0.011593,0.000986,0.010607,0.190541,-0.002052,0.192593,0.037955,-0.000232,0.038187,-0.007392,-0.247205,0.005954,-0.224444,0.021519,0.353682,0.070453,-0.011359,-0.883171,0.025539,-0.523540,0.026786,0.289604,0.025780
0.305203,-0.002149,-0.001455,-0.000693,-0.576547,-0.553444,-0.023103,0.000057,-0.000504,0.000561,-2.160973,-2.140169,-0.020804,-0.012994,-0.015011,0.002016,1.269878,1.236745,0.033133,0.724001,0.717404,0.006597,-0.003982,-0.000931,-0.003052,-0.133179,-0.000262,-0.132917,0.003207,0.000759,0.002448,-0.120916,-0.005719,-0.115197,0.011593,-0.000089,0.011682,0.190541,-0.000724,0.191265,0.037955,-0.000025,0.037980,-0.007392,-0.247205,0.005954,-0.224444,0.021519,0.353682,0.070453,-0.010730,-0.895840,0.023717,-0.523563,0.028038,0.293991,0.026157
0.309929,-0.002189,-0.001455,-0.000733,-0.577887,-0.553444,-0.024443,0.000089,-0.000504,0.000593,-2.162190,-2.140169,-0.022021,-0.012878,-0.015011,0.002133,1.271795,1.236745,0.035050,0.724383,0.717404,0.006979,-0.004054,-0.000931,-0.003123,-0.135580,-0.000262,-0.135318,0.003265,0.000759,0.002506,-0.123097,-0.005719,-0.117378,0.011802,-0.000089,0.011891,0.193977,-0.000724,0.194701,0.038640,-0.000025,0.038665,-0.007016,-0.234650,0.005651,-0.213045,0.020426,0.335719,0.066875,-0.012175,-0.919792,0.024118,-0.559287,0.029799,0.312248,0.027628
0.314942,-0.002189,-0.001455,-0.000733,-0.577887,-0.553444,-0.024443,0.000089,-0.000504,0.000593,-2.162190,-2.140169,-0.022021,-0.012878,-0.015011,0.002133,1.271795,1.236745,0.035050,0.724383,0.717404,0.006979,-0.004054,-0.000931,-0.003123,-0.135580,-0.000262,-0.135318,0.003265,0.000759,0.002506,-0.123097,-0.005719,-0.117378,0.011802,-0.000089,0.011891,0.193977,-0.000724,0.194701,0.038640,-0.000025,0.038665,-0.007016,-0.234650,0.005651,-0.213045,0.020426,0.335719,0.066875,-0.012471,-0.930413,0.024357,-0.568746,0.030285,0.317330,0.028063
0.320033,-0.002232,-0.001455,-0.000776,-0.579314,-0.553444,-0.025869,0.000124,-0.000504,0.000628,-2.163485,-2.140169,-0.023316,-0.012754,-0.015011,0.002257,1.273836,1.236745,0.037091,0.724790,0.717404,0.007385,-0.004125,-0.000931,-0.003195,-0.137959,-0.000262,-0.137697,0.003323,0.000759,0.002563,-0.125257,-0.005719,-0.119538,0.012009,-0.000089,0.012098,0.197381,-0.000724,0.198105,0.039318,-0.000025,0.039343,-0.006623,-0.221513,0.005335,-0.201118,0.019282,0.316924,0.063131,-0.014042,-0.957469,0.024823,-0.607931,0.032220,0.337385,0.029678
0.325905,-0.002232,-0.001455,-0.000776,-0.579314,-0.553444,-0.025869,0.000124,-0.000504,0.000628,-2.163485,-2.140169,-0.023316,-0.012754,-0.015011,0.002257,1.273836,1.236745,0.037091,0.724790,0.717404,0.007385,-0.004125,-0.000931,-0.003195,-0.137959,-0.000262,-0.137697,0.003323,0.000759,0.002563,-0.125257,-0.005719,-0.119538,0.012009,-0.000089,0.012098,0.197381,-0.000724,0.198105,0.039318,-0.000025,0.039343,-0.006623,-0.221513,0.005335,-0.201118,0.019282,0.316924,0.063131,-0.014404,-0.970412,0.025115,-0.619468,0.032812,0.343577,0.030208
0.329878,-0.002271,-0.001455,-0.000816,-0.580650,-0.553444,-0.027205,0.000156,-0.000504,0.000660,-2.164698,-2.140169,-0.024529,-0.012637,-0.015011,0.002373,1.275747,1.236745,0.039002,0.725170,0.717404,0.007766,-0.004187,-0.000931,-0.003256,-0.140030,-0.000262,-0.139768,0.003372,0.000759,0.002613,-0.127137,-0.005719,-0.121418,0.012189,-0.000089,0.012278,0.200344,-0.000724,0.201068,0.039908,-0.000025,0.039933,-0.006262,-0.209409,0.005043,-0.190128,0.018228,0.299606,0.059681,-0.015852,-0.995230,0.025545,-0.655499,0.034591,0.362000,0.031687
0.335016,-0.002271,-0.001454,-0.000818,-0.580650,-0.553476,-0.027174,0.000156,-0.000502,0.000658,-2.164698,-2.140479,-0.024219,-0.012637,-0.015014,0.002377,1.275747,1.236757,0.038990,0.725170,0.717408,0.007762,-0.004187,0.000076,-0.004263,-0.140030,-0.001831,-0.138198,0.003372,0.000607,0.002766,-0.127137,-0.009154,-0.117983,0.012189,-0.000446,0.012635,0.200344,0.000085,0.200258,0.039908,0.001147,0.038761,-0.006262,-0.209409,0.005043,-0.190128,0.018228,0.299606,0.059681,-0.017839,-1.003822,0.026016,-0.654325,0.035456,0.367131,0.031845
0.340053,-0.002313,-0.001454,-0.000860,-0.582054,-0.553476,-0.028578,0.000190,-0.000502,0.000691,-2.165973,-2.140479,-0.025494,-0.012515,-0.015014,0.002499,1.277757,1.236757,0.040999,0.725571,0.717408,0.008163,-0.004248,0.000076,-0.004324,-0.142052,-0.001831,-0.140221,0.003421,0.000607,0.002815,-0.128973,-0.009154,-0.119820,0.012365,-0.000446,0.012811,0.203238,0.000085,0.203152,0.040485,0.001147,0.039337,-0.005887,-0.196867,0.004741,-0.178741,0.017137,0.281663,0.056107,-0.019476,-1.033409,0.026555,-0.694995,0.037485,0.388083,0.033528
0.344962,-0.002313,-0.001454,-0.000860,-0.582054,-0.553476,-0.028578,0.000190,-0.000502,0.000691,-2.165973,-2.140479,-0.025494,-0.012515,-0.015014,0.002499,1.277757,1.236757,0.040999,0.725571,0.717408,0.008163,-0.004248,0.000076,-0.004324,-0.142052,-0.001831,-0.140221,0.003421,0.000607,0.002815,-0.128973,-0.009154,-0.119820,0.012365,-0.000446,0.012811,0.203238,0.000085,0.203152,0.040485,0.001147,0.039337,-0.005887,-0.196867,0.004741,-0.178741,0.017137,0.281663,0.056107,-0.019832,-1.045138,0.026825,-0.705334,0.038029,0.393707,0.034003
0.350571,-0.002356,-0.001454,-0.000903,-0.583486,-0.553476,-0.030011,0.000224,-0.000502,0.000726,-2.167273,-2.140479,-0.026795,-0.012390,-0.015014,0.002624,1.279806,1.236757,0.043049,0.725979,0.717408,0.008571,-0.004305,0.000076,-0.004381,-0.143961,-0.001831,-0.142129,0.003467,0.000607,0.002861,-0.130706,-0.009154,-0.121552,0.012531,-0.000446,0.012978,0.205968,0.000085,0.205883,0.041028,0.001147,0.039881,-0.005509,-0.184253,0.004438,-0.167289,0.016039,0.263615,0.052512,-0.021564,-1.077709,0.027434,-0.748763,0.040200,0.416125,0.035805
0.355072,-0.002356,-0.001454,-0.000903,-0.583486,-0.553476,-0.030011,0.000224,-0.000502,0.000726,-2.167273,-2.140479,-0.026795,-0.012390,-0.015014,0.002624,1.279806,1.236757,0.043049,0.725979,0.717408,0.008571,-0.004305,0.000076,-0.004381,-0.143961,-0.001831,-0.142129,0.003467,0.000607,0.002861,-0.130706,-0.009154,-0.121552,0.012531,-0.000446,0.012978,0.205968,0.000085,0.205883,0.041028,0.001147,0.039881,-0.005509,-0.184253,0.004438,-0.167289,0.016039,0.263615,0.052512,-0.021898,-1.088739,0.027688,-0.758497,0.040712,0.421414,0.036251
0.360623,-0.002400,-0.001454,-0.000946,-0.584939,-0.553476,-0.031463,0.000259,-0.000502,0.000761,-2.168592,-2.140479,-0.028114,-0.012264,-0.015014,0.002750,1.281884,1.236757,0.045127,0.726393,0.717408,0.008985,-0.004358,0.000076,-0.004434,-0.145745,-0.001831,-0.143914,0.003510,0.000607,0.002904,-0.132326,-0.009154,-0.123172,0.012687,-0.000446,0.013133,0.208521,0.000085,0.208436,0.041537,0.001147,0.040390,-0.005132,-0.171623,0.004133,-0.155821,0.014939,0.245544,0.048912,-0.023680,-1.122954,0.028337,-0.803439,0.042960,0.444625,0.038115
0.364869,-0.002400,-0.001454,-0.000946,-0.584939,-0.553476,-0.031463,0.000259,-0.000502,0.000761,-2.168592,-2.140479,-0.028114,-0.012264,-0.015014,0.002750,1.281884,1.236757,0.045127,0.726393,0.717408,0.008985,-0.004358,0.000076,-0.004434,-0.145745,-0.001831,-0.143914,0.003510,0.000607,0.002904,-0.132326,-0.009154,-0.123172,0.012687,-0.000446,0.013133,0.208521,0.000085,0.208436,0.041537,0.001147,0.040390,-0.005132,-0.171623,0.004133,-0.155821,0.014939,0.245544,0.048912,-0.024012,-1.133949,0.028591,-0.813153,0.043470,0.449895,0.038559
0.369874,-0.002444,-0.001450,-0.000994,-0.586421,-0.553613,-0.032808,0.000295,-0.000505,0.000799,-2.169938,-2.141070,-0.028868,-0.012135,-0.015009,0.002874,1.284005,1.236785,0.047220,0.726815,0.717403,0.009412,-0.004408,0.000894,-0.005302,-0.147416,-0.005668,-0.141749,0.003550,-0.000190,0.003740,-0.133843,-0.021254,-0.112589,0.012832,0.000172,0.012661,0.210912,0.002038,0.208874,0.042013,-0.001160,0.043173,-0.004751,-0.158887,0.003827,-0.144258,0.013831,0.227323,0.045282,-0.027345,-1.158442,0.030719,-0.823899,0.045119,0.471898,0.041128
0.375161,-0.002444,-0.001450,-0.000994,-0.586421,-0.553613,-0.032808,0.000295,-0.000505,0.000799,-2.169938,-2.141070,-0.028868,-0.012135,-0.015009,0.002874,1.284005,1.236785,0.047220,0.726815,0.717403,0.009412,-0.004408,0.000894,-0.005302,-0.147416,-0.005668,-0.141749,0.003550,-0.000190,0.003740,-0.133843,-0.021254,-0.112589,0.012832,0.000172,0.012661,0.210912,0.002038,0.208874,0.042013,-0.001160,0.043173,-0.004751,-0.158887,0.003827,-0.144258,0.013831,0.227323,0.045282,-0.027796,-1.172469,0.031068,-0.835933,0.045766,0.478668,0.041710
0.379944,-0.002488,-0.001450,-0.001038,-0.587894,-0.553613,-0.034281,0.000330,-0.000505,0.000835,-2.171275,-2.141070,-0.030205,-0.012007,-0.015009,0.003002,1.286112,1.236785,0.049327,0.727235,0.717403,0.009832,-0.004453,0.000894,-0.005347,-0.148933,-0.005668,-0.143265,0.003587,-0.000190,0.003777,-0.135220,-0.021254,-0.113966,0.012964,0.000172,0.012793,0.213082,0.002038,0.211044,0.042445,-0.001160,0.043606,-0.004377,-0.146372,0.003525,-0.132895,0.012741,0.209417,0.041716,-0.029617,-1.207454,0.031760,-0.881150,0.048044,0.502219,0.043605
0.385039,-0.002488,-0.001450,-0.001038,-0.587894,-0.553613,-0.034281,0.000330,-0.000505,0.000835,-2.171275,-2.141070,-0.030205,-0.012007,-0.015009,0.003002,1.286112,1.236785,0.049327,0.727235,0.717403,0.009832,-0.004453,0.000894,-0.005347,-0.148933,-0.005668,-0.143265,0.003587,-0.000190,0.003777,-0.135220,-0.021254,-0.113966,0.012964,0.000172,0.012793,0.213082,0.002038,0.211044,0.042445,-0.001160,0.043606,-0.004377,-0.146372,0.003525,-0.132895,0.012741,0.209417,0.041716,-0.030064,-1.221420,0.032107,-0.893157,0.048689,0.508958,0.044183
0.389874,-0.002533,-0.001450,-0.001083,-0.589380,-0.553613,-0.035766,0.000366,-0.000505,0.000871,-2.172624,-2.141070,-0.031554,-0.011877,-0.015009,0.003131,1.288237,1.236785,0.051452,0.727658,0.717403,0.010255,-0.004495,0.000894,-0.005388,-0.150324,-0.005668,-0.144656,0.003620,-0.000190,0.003810,-0.136483,-0.021254,-0.115229,0.013085,0.000172,0.012914,0.215072,0.002038,0.213034,0.042842,-0.001160,0.044002,-0.004003,-0.133867,0.003224,-0.121541,0.011653,0.191526,0.038152,-0.031933,-1.258027,0.032839,-0.939829,0.051041,0.533278,0.046138
0.395488,-0.002533,-0.001450,-0.001083,-0.589380,-0.553613,-0.035766,0.000366,-0.000505,0.000871,-2.172624,-2.141070,-0.031554,-0.011877,-0.015009,0.003131,1.288237,1.236785,0.051452,0.727658,0.717403,0.010255,-0.004495,0.000894,-0.005388,-0.150324,-0.005668,-0.144656,0.003620,-0.000190,0.003810,-0.136483,-0.021254,-0.115229,0.013085,0.000172,0.012914,0.215072,0.002038,0.213034,0.042842,-0.001160,0.044002,-0.004003,-0.133867,0.003224,-0.121541,0.011653,0.191526,0.038152,-0.032440,-1.273870,0.033233,-0.953475,0.051773,0.540919,0.046792
0.399992,-0.002578,-0.001450,-0.001129,-0.590916,-0.553613,-0.037303,0.000403,-0.000505,0.000908,-2.174019,-2.141070,-0.032949,-0.011744,-0.015009,0.003265,1.290436,1.236785,0.053650,0.728096,0.717403,0.010693,-0.004534,0.000894,-0.005427,-0.151621,-0.005668,-0.145953,0.003652,-0.000190,0.003841,-0.137661,-0.021254,-0.116407,0.013198,0.000172,0.013027,0.216928,0.002038,0.214890,0.043212,-0.001160,0.044372,-0.003620,-0.121051,0.002915,-0.109905,0.010537,0.173190,0.034499,-0.034362,-1.311698,0.033989,-1.001648,0.054198,0.565985,0.048803
0.405375,-0.002578,-0.001452,-0.001127,-0.590916,-0.553939,-0.036977,0.000403,-0.000504,0.000907,-2.174019,-2.142052,-0.031967,-0.011744,-0.015009,0.003265,1.290436,1.236921,0.053514,0.728096,0.717405,0.010691,-0.004534,0.000906,-0.005439,-0.151621,-0.013978,-0.137643,0.003652,0.000225,0.003427,-0.137661,-0.033754,-0.103906,0.013198,-0.000022,0.013220,0.216928,0.008756,0.208171,0.043212,0.001262,0.041949,-0.003620,-0.121051,0.002915,-0.109905,0.010537,0.173190,0.034499,-0.034844,-1.303286,0.033555,-0.967140,0.055113,0.568130,0.048660
0.410081,-0.002624,-0.001452,-0.001172,-0.592425,-0.553939,-0.038486,0.000439,-0.000504,0.000943,-2.175389,-2.142052,-0.033338,-0.011612,-0.015009,0.003396,1.292595,1.236921,0.055674,0.728526,0.717405,0.011121,-0.004568,0.000906,-0.005473,-0.152760,-0.013978,-0.138782,0.003679,0.000225,0.003454,-0.138695,-0.033754,-0.104940,0.013297,-0.000022,0.013319,0.218557,0.008756,0.209800,0.043536,0.001262,0.042274,-0.003246,-0.108559,0.002615,-0.098564,0.009450,0.155318,0.030939,-0.036784,-1.342101,0.034337,-1.015504,0.057583,0.593558,0.050696
0.414885,-0.002624,-0.001452,-0.001172,-0.592425,-0.553939,-0.038486,0.000439,-0.000504,0.000943,-2.175389,-2.142052,-0.033338,-0.011612,-0.015009,0.003396,1.292595,1.236921,0.055674,0.728526,0.717405,0.011121,-0.004568,0.000906,-0.005473,-0.152760,-0.013978,-0.138782,0.003679,0.000225,0.003454,-0.138695,-0.033754,-0.104940,0.013297,-0.000022,0.013319,0.218557,0.008756,0.209800,0.043536,0.001262,0.042274,-0.003246,-0.108559,0.002615,-0.098564,0.009450,0.155318,0.030939,-0.037255,-1.356590,0.034694,-1.027698,0.058268,0.600615,0.051294
0.420131,-0.002669,-0.001452,-0.001217,-0.593951,-0.553939,-0.040012,0.000476,-0.000504,0.000980,-2.176774,-2.142052,-0.034723,-0.011480,-0.015009,0.003529,1.294778,1.236921,0.057856,0.728961,0.717405,0.011556,-0.004598,0.000906,-0.005504,-0.153778,-0.013978,-0.139800,0.003704,0.000225,0.003479,-0.139619,-0.033754,-0.105864,0.013386,-0.000022,0.013408,0.220013,0.008756,0.211257,0.043826,0.001262,0.042564,-0.002871,-0.096024,0.002313,-0.087183,0.008359,0.137384,0.027367,-0.039299,-1.398630,0.035554,-1.078927,0.060891,0.627622,0.053458
0.424838,-0.002669,-0.001452,-0.001217,-0.593951,-0.553939,-0.040012,0.000476,-0.000504,0.000980,-2.176774,-2.142052,-0.034723,-0.011480,-0.015009,0.003529,1.294778,1.236921,0.057856,0.728961,0.717405,0.011556,-0.004598,0.000906,-0.005504,-0.153778,-0.013978,-0.139800,0.003704,0.000225,0.003479,-0.139619,-0.033754,-0.105864,0.013386,-0.000022,0.013408,0.220013,0.008756,0.211257,0.043826,0.001262,0.042564,-0.002871,-0.096024,0.002313,-0.087183,0.008359,0.137384,0.027367,-0.039767,-1.413085,0.035909,-1.091122,0.061574,0.634658,0.054053
0.430079,-0.002715,-0.001452,-0.001263,-0.595489,-0.553939,-0.041550,0.000513,-0.000504,0.001017,-2.178171,-2.142052,-0.036119,-0.011346,-0.015009,0.003663,1.296979,1.236921,0.060057,0.729400,0.717405,0.011995,-0.004625,0.000906,-0.005530,-0.154673,-0.013978,-0.140695,0.003725,0.000225,0.003500,-0.140432,-0.033754,-0.106677,0.013464,-0.000022,0.013485,0.221294,0.008756,0.212538,0.044081,0.001262,0.042819,-0.002496,-0.083462,0.002010,-0.075777,0.007265,0.119411,0.023786,-0.041854,-1.456533,0.036802,-1.143666,0.064265,0.662350,0.056269
0.434942,-0.002715,-0.001453,-0.001262,-0.595489,-0.554480,-0.041009,0.000513,-0.000502,0.001015,-2.178171,-2.143523,-0.034648,-0.011346,-0.015011,0.003665,1.296979,1.237721,0.059258,0.729400,0.717406,0.011993,-0.004625,0.000520,-0.005145,-0.154673,-0.020596,-0.134077,0.003725,0.001047,0.002678,-0.140432,-0.051916,-0.088515,0.013464,0.000473,0.012991,0.221294,0.036954,0.184340,0.044081,0.001581,0.042501,-0.002496,-0.083462,0.002010,-0.075777,0.007265,0.119411,0.023786,-0.041516,-1.444089,0.035414,-1.080593,0.064514,0.643345,0.056794
0.440058,-0.002761,-0.001453,-0.001308,-0.597035,-0.554480,-0.042554,0.000550,-0.000502,0.001052,-2.179574,-2.143523,-0.036051,-0.011211,-0.015011,0.003800,1.299190,1.237721,0.061469,0.729840,0.717406,0.012434,-0.004648,0.000520,-0.005168,-0.155442,-0.020596,-0.134846,0.003744,0.001047,0.002697,-0.141130,-0.051916,-0.089214,0.013531,0.000473,0.013058,0.222394,0.036954,0.185441,0.044301,0.001581,0.042720,-0.002120,-0.070910,0.001708,-0.064381,0.006173,0.101452,0.020209,-0.043623,-1.488240,0.036312,-1.133169,0.067247,0.671203,0.059045
0.445130,-0.002761,-0.001453,-0.001308,-0.597035,-0.554480,-0.042554,0.000550,-0.000502,0.001052,-2.179574,-2.143523,-0.036051,-0.011211,-0.015011,0.003800,1.299190,1.237721,0.061469,0.729840,0.717406,0.012434,-0.004648,0.000520,-0.005168,-0.155442,-0.020596,-0.134846,0.003744,0.001047,0.002697,-0.141130,-0.051916,-0.089214,0.013531,0.000473,0.013058,0.222394,0.036954,0.185441,0.044301,0.001581,0.042720,-0.002120,-0.070910,0.001708,-0.064381,0.006173,0.101452,0.020209,-0.044147,-1.504482,0.036698,-1.146319,0.068023,0.678947,0.059723
0.450058,-0.002808,-0.001453,-0.001355,-0.598609,-0.554480,-0.044129,0.000588,-0.000502,0.001090,-2.181004,-2.143523,-0.037481,-0.011074,-0.015011,0.003937,1.301443,1.237721,0.063722,0.730289,0.717406,0.012883,-0.004667,0.000520,-0.005188,-0.156095,-0.020596,-0.135498,0.003759,0.001047,0.002713,-0.141722,-0.051916,-0.089806,0.013588,0.000473,0.013115,0.223328,0.036954,0.186374,0.044486,0.001581,0.042906,-0.001740,-0.058177,0.001401,-0.052821,0.005064,0.083236,0.016580,-0.046302,-1.549944,0.037624,-1.200335,0.070826,0.707528,0.062026
0.454966,-0.002808,-0.001453,-0.001355,-0.598609,-0.554480,-0.044129,0.000588,-0.000502,0.001090,-2.181004,-2.143523,-0.037481,-0.011074,-0.015011,0.003937,1.301443,1.237721,0.063722,0.730289,0.717406,0.012883,-0.004667,0.000520,-0.005188,-0.156095,-0.020596,-0.135498,0.003759,0.001047,0.002713,-0.141722,-0.051916,-0.089806,0.013588,0.000473,0.013115,0.223328,0.036954,0.186374,0.044486,0.001581,0.042906,-0.001740,-0.058177,0.001401,-0.052821,0.005064,0.083236,0.016580,-0.046821,-1.566076,0.038008,-1.213443,0.071596,0.715220,0.062698
0.459748,-0.002856,-0.001453,-0.001402,-0.600184,-0.554480,-0.045704,0.000626,-0.000502,0.001128,-2.182434,-2.143523,-0.038911,-0.010937,-0.015011,0.004074,1.303696,1.237721,0.065975,0.730738,0.717406,0.013331,-0.004683,0.000520,-0.005203,-0.156617,-0.020596,-0.136020,0.003772,0.001047,0.002725,-0.142196,-0.051916,-0.090280,0.013633,0.000473,0.013160,0.224075,0.036954,0.187121,0.044635,0.001581,0.043055,-0.001360,-0.045491,0.001096,-0.041302,0.003960,0.065085,0.012965,-0.048992,-1.612200,0.038952,-1.268060,0.074428,0.744091,0.065021
0.464938,-0.002856,-0.001453,-0.001402,-0.600184,-0.554480,-0.045704,0.000626,-0.000502,0.001128,-2.182434,-2.143523,-0.038911,-0.010937,-0.015011,0.004074,1.303696,1.237721,0.065975,0.730738,0.717406,0.013331,-0.004683,0.000520,-0.005203,-0.156617,-0.020596,-0.136020,0.003772,0.001047,0.002725,-0.142196,-0.051916,-0.090280,0.013633,0.000473,0.013160,0.224075,0.036954,0.187121,0.044635,0.001581,0.043055,-0.001360,-0.045491,0.001096,-0.041302,0.003960,0.065085,0.012965,-0.049551,-1.629595,0.039365,-1.282242,0.075258,0.752385,0.065744
0.469993,-0.002902,-0.001452,-0.001451,-0.601741,-0.555483,-0.046258,0.000664,-0.000500,0.001164,-2.183847,-2.145840,-0.038007,-0.010801,-0.015008,0.004206,1.305923,1.240102,0.065821,0.731181,0.717399,0.013783,-0.004695,0.001114,-0.005809,-0.157006,-0.034063,-0.122943,0.003781,0.002379,0.001402,-0.142550,-0.082402,-0.060148,0.013667,0.000511,0.013156,0.224632,0.102231,0.122401,0.044746,-0.001844,0.046590,-0.000986,-0.032988,0.000794,-0.029951,0.002872,0.047197,0.009402,-0.053164,-1.619084,0.037302,-1.204330,0.078083,0.710666,0.069456
0.474965,-0.002902,-0.001452,-0.001451,-0.601741,-0.555483,-0.046258,0.000664,-0.000500,0.001164,-2.183847,-2.145840,-0.038007,-0.010801,-0.015008,0.004206,1.305923,1.240102,0.065821,0.731181,0.717399,0.013783,-0.004695,0.001114,-0.005809,-0.157006,-0.034063,-0.122943,0.003781,0.002379,0.001402,-0.142550,-0.082402,-0.060148,0.013667,0.000511,0.013156,0.224632,0.102231,0.122401,0.044746,-0.001844,0.046590,-0.000986,-0.032988,0.000794,-0.029951,0.002872,0.047197,0.009402,-0.053733,-1.635746,0.037681,-1.217049,0.078906,0.718152,0.070187
0.479925,-0.002949,-0.001452,-0.001497,-0.603297,-0.555483,-0.047814,0.000701,-0.000500,0.001201,-2.185260,-2.145840,-0.039420,-0.010666,-0.015008,0.004342,1.308150,1.240102,0.068047,0.731625,0.717399,0.014226,-0.004703,0.001114,-0.005817,-0.157271,-0.034063,-0.123208,0.003788,0.002379,0.001408,-0.142791,-0.082402,-0.060389,0.013690,0.000511,0.013179,0.225011,0.102231,0.122780,0.044822,-0.001844,0.046666,-0.000613,-0.020517,0.000494,-0.018628,0.001786,0.029354,0.005847,-0.055986,-1.683933,0.038660,-1.272349,0.081852,0.747422,0.072613
0.485001,-0.002949,-0.001452,-0.001497,-0.603297,-0.555483,-0.047814,0.000701,-0.000500,0.001201,-2.185260,-2.145840,-0.039420,-0.010666,-0.015008,0.004342,1.308150,1.240102,0.068047,0.731625,0.717399,0.014226,-0.004703,0.001114,-0.005817,-0.157271,-0.034063,-0.123208,0.003788,0.002379,0.001408,-0.142791,-0.082402,-0.060389,0.013690,0.000511,0.013179,0.225011,0.102231,0.122780,0.044822,-0.001844,0.046666,-0.000613,-0.020517,0.000494,-0.018628,0.001786,0.029354,0.005847,-0.056586,-1.701565,0.039061,-1.285878,0.082721,0.755358,0.073384
0.490041,-0.002996,-0.001452,-0.001544,-0.604875,-0.555483,-0.049391,0.000739,-0.000500,0.001239,-2.186692,-2.145840,-0.040852,-0.010529,-0.015008,0.004479,1.310407,1.240102,0.070304,0.732074,0.717399,0.014676,-0.004707,0.001114,-0.005821,-0.157413,-0.034063,-0.123350,0.003791,0.002379,0.001412,-0.142920,-0.082402,-0.060518,0.013702,0.000511,0.013191,0.225215,0.102231,0.122984,0.044862,-0.001844,0.046707,-0.000236,-0.007890,0.000190,-0.007164,0.000687,0.011289,0.002249,-0.058905,-1.751614,0.040082,-1.343006,0.085763,0.785593,0.075886
0.495143,-0.002996,-0.001452,-0.001544,-0.604875,-0.555483,-0.049391,0.000739,-0.000500,0.001239,-2.186692,-2.145840,-0.040852,-0.010529,-0.015008,0.004479,1.310407,1.240102,0.070304,0.732074,0.717399,0.014676,-0.004707,0.001114,-0.005821,-0.157413,-0.034063,-0.123350,0.003791,0.002379,0.001412,-0.142920,-0.082402,-0.060518,0.013702,0.000511,0.013191,0.225215,0.102231,0.122984,0.044862,-0.001844,0.046707,-0.000236,-0.007890,0.000190,-0.007164,0.000687,0.011289,0.002249,-0.059517,-1.769634,0.040493,-1.356901,0.086650,0.793716,0.076670
0.499962,-0.003043,-0.001452,-0.001591,-0.606448,-0.555483,-0.050965,0.000777,-0.000500,0.001277,-2.188121,-2.145840,-0.042281,-0.010392,-0.015008,0.004616,1.312657,1.240102,0.072555,0.732523,0.717399,0.015124,-0.004707,0.001114,-0.005821,-0.157429,-0.034063,-0.123366,0.003792,0.002379,0.001412,-0.142934,-0.082402,-0.060533,0.013704,0.000511,0.013192,0.225238,0.102231,0.123007,0.044867,-0.001844,0.046711,0.000140,0.004695,-0.000113,0.004263,-0.000409,-0.006718,-0.001338,-0.061840,-1.819986,0.041523,-1.414358,0.089702,0.824093,0.079176
0.504968,-0.003043,-0.001455,-0.001588,-0.606448,-0.557100,-0.049347,0.000777,-0.000502,0.001280,-2.188121,-2.149360,-0.038761,-0.010392,-0.015012,0.004621,1.312657,1.245424,0.067234,0.732523,0.717402,0.015120,-0.004707,0.000883,-0.005590,-0.157429,-0.051081,-0.106349,0.003792,0.001268,0.002523,-0.142934,-0.116002,-0.026932,0.013704,-0.001229,0.014932,0.225238,0.191554,0.033684,0.044867,0.000662,0.044205,0.000140,0.004695,-0.000113,0.004263,-0.000409,-0.006718,-0.001338,-0.061784,-1.748047,0.044711,-1.240412,0.092787,0.706421,0.078943
0.510071,-0.003090,-0.001455,-0.001634,-0.608016,-0.557100,-0.050916,0.000815,-0.000502,0.001317,-2.189545,-2.149360,-0.040185,-0.010255,-0.015012,0.004757,1.314901,1.245424,0.069478,0.732970,0.717402,0.015567,-0.004704,0.000883,-0.005587,-0.157320,-0.051081,-0.106239,0.003789,0.001268,0.002521,-0.142835,-0.116002,-0.026833,0.013694,-0.001229,0.014923,0.225081,0.191554,0.033527,0.044836,0.000662,0.044174,0.000516,0.017248,-0.000415,0.015660,-0.001501,-0.024677,-0.004916,-0.064156,-1.799347,0.045812,-1.297477,0.095949,0.736367,0.081508
0.515002,-0.003090,-0.001455,-0.001634,-0.608016,-0.557100,-0.050916,0.000815,-0.000502,0.001317,-2.189545,-2.149360,-0.040185,-0.010255,-0.015012,0.004757,1.314901,1.245424,0.069478,0.732970,0.717402,0.015567,-0.004704,0.000883,-0.005587,-0.157320,-0.051081,-0.106239,0.003789,0.001268,0.002521,-0.142835,-0.116002,-0.026833,0.013694,-0.001229,0.014923,0.225081,0.191554,0.033527,0.044836,0.000662,0.044174,0.000516,0.017248,-0.000415,0.015660,-0.001501,-0.024677,-0.004916,-0.064773,-1.816974,0.046262,-1.310036,0.096878,0.743503,0.082299
0.520478,-0.003137,-0.001455,-0.001682,-0.609598,-0.557100,-0.052498,0.000853,-0.000502,0.001356,-2.190981,-2.149360,-0.041621,-0.010118,-0.015012,0.004895,1.317164,1.245424,0.071740,0.733421,0.717402,0.016018,-0.004697,0.000883,-0.005580,-0.157083,-0.051081,-0.106002,0.003783,0.001268,0.002515,-0.142620,-0.116002,-0.026618,0.013674,-0.001229,0.014902,0.224742,0.191554,0.033188,0.044768,0.000662,0.044106,0.000895,0.029918,-0.000721,0.027164,-0.002604,-0.042805,-0.008527,-0.067241,-1.871035,0.047431,-1.369475,0.100184,0.774731,0.084980
0.525549,-0.003137,-0.001455,-0.001682,-0.609598,-0.557100,-0.052498,0.000853,-0.000502,0.001356,-2.190981,-2.149360,-0.041621,-0.010118,-0.015012,0.004895,1.317164,1.245424,0.071740,0.733421,0.717402,0.016018,-0.004697,0.000883,-0.005580,-0.157083,-0.051081,-0.106002,0.003783,0.001268,0.002515,-0.142620,-0.116002,-0.026618,0.013674,-0.001229,0.014902,0.224742,0.191554,0.033188,0.044768,0.000662,0.044106,0.000895,0.029918,-0.000721,0.027164,-0.002604,-0.042805,-0.008527,-0.067888,-1.889562,0.047904,-1.382767,0.101159,0.782266,0.085807
0.530050,-0.003184,-0.001455,-0.001729,-0.611173,-0.557100,-0.054072,0.000891,-0.000502,0.001393,-2.192410,-2.149360,-0.043051,-0.009980,-0.015012,0.005032,1.319417,1.245424,0.073993,0.733869,0.717402,0.016467,-0.004686,0.000883,-0.005569,-0.156719,-0.051081,-0.105638,0.003774,0.001268,0.002506,-0.142289,-0.116002,-0.026287,0.013642,-0.001229,0.014871,0.224222,0.191554,0.032668,0.044665,0.000662,0.044002,0.001273,0.042558,-0.001025,0.038639,-0.003705,-0.060888,-0.012129,-0.070254,-1.940884,0.049001,-1.440377,0.104314,0.812427,0.088355
0.535179,-0.003184,-0.001459,-0.001725,-0.611173,-0.559023,-0.052150,0.000891,-0.000502,0.001393,-2.192410,-2.153586,-0.038824,-0.009980,-0.015013,0.005032,1.319417,1.252798,0.066619,0.733869,0.717405,0.016464,-0.004686,-0.001776,-0.002910,-0.156719,-0.065597,-0.091122,0.003774,0.000506,0.003268,-0.142289,-0.136981,-0.005309,0.013642,-0.000246,0.013888,0.224222,0.255556,-0.031334,0.044665,-0.000809,0.045474,0.001273,0.042558,-0.001025,0.038639,-0.003705,-0.060888,-0.012129,-0.063969,-1.861264,0.051430,-1.264658,0.104077,0.686576,0.089835
0.540053,-0.003230,-0.001459,-0.001771,-0.612720,-0.559023,-0.053697,0.000928,-0.000502,0.001430,-2.193816,-2.153586,-0.040229,-0.009846,-0.015013,0.005167,1.321631,1.252798,0.068834,0.734310,0.717405,0.016906,-0.004672,-0.001776,-0.002895,-0.156237,-0.065597,-0.090639,0.003763,0.000506,0.003256,-0.141851,-0.136981,-0.004871,0.013600,-0.000246,0.013846,0.223531,0.255556,-0.032025,0.044527,-0.000809,0.045336,0.001645,0.055014,-0.001325,0.049949,-0.004789,-0.078710,-0.015679,-0.066331,-1.913796,0.052601,-1.321883,0.107321,0.716289,0.092469
0.545187,-0.003230,-0.001459,-0.001771,-0.612720,-0.559023,-0.053697,0.000928,-0.000502,0.001430,-2.193816,-2.153586,-0.040229,-0.009846,-0.015013,0.005167,1.321631,1.252798,0.068834,0.734310,0.717405,0.016906,-0.004672,-0.001776,-0.002895,-0.156237,-0.065597,-0.090639,0.003763,0.000506,0.003256,-0.141851,-0.136981,-0.004871,0.013600,-0.000246,0.013846,0.223531,0.255556,-0.032025,0.044527,-0.000809,0.045336,0.001645,0.055014,-0.001325,0.049949,-0.004789,-0.078710,-0.015679,-0.066948,-1.932580,0.053122,-1.334402,0.108341,0.723097,0.093350
0.550223,-0.003277,-0.001459,-0.001818,-0.614284,-0.559023,-0.055261,0.000966,-0.000502,0.001468,-2.195235,-2.153586,-0.041649,-0.009710,-0.015013,0.005303,1.323869,1.252798,0.071071,0.734756,0.717405,0.017351,-0.004653,-0.001776,-0.002877,-0.155622,-0.065597,-0.090024,0.003748,0.000506,0.003242,-0.141293,-0.136981,-0.004312,0.013546,-0.000246,0.013792,0.222651,0.255556,-0.032904,0.044352,-0.000809,0.045161,0.002023,0.067645,-0.001629,0.061416,-0.005888,-0.096781,-0.019279,-0.069374,-1.986871,0.054335,-1.393321,0.111681,0.753697,0.096058
0.554832,-0.003277,-0.001459,-0.001818,-0.614284,-0.559023,-0.055261,0.000966,-0.000502,0.001468,-2.195235,-2.153586,-0.041649,-0.009710,-0.015013,0.005303,1.323869,1.252798,0.071071,0.734756,0.717405,0.017351,-0.004653,-0.001776,-0.002877,-0.155622,-0.065597,-0.090024,0.003748,0.000506,0.003242,-0.141293,-0.136981,-0.004312,0.013546,-0.000246,0.013792,0.222651,0.255556,-0.032904,0.044352,-0.000809,0.045161,0.002023,0.067645,-0.001629,0.061416,-0.005888,-0.096781,-0.019279,-0.069944,-2.004265,0.054816,-1.405015,0.112622,0.760050,0.096870
0.559829,-0.003324,-0.001459,-0.001865,-0.615839,-0.559023,-0.056816,0.001003,-0.000502,0.001505,-2.196647,-2.153586,-0.043061,-0.009574,-0.015013,0.005438,1.326094,1.252798,0.073296,0.735199,0.717405,0.017794,-0.004631,-0.001776,-0.002855,-0.154881,-0.065597,-0.089284,0.003730,0.000506,0.003224,-0.140621,-0.136981,-0.003640,0.013482,-0.000246,0.013728,0.221592,0.255556,-0.033964,0.044141,-0.000809,0.044950,0.002400,0.080260,-0.001933,0.072870,-0.006986,-0.114829,-0.022874,-0.072383,-2.059070,0.056041,-1.464431,0.115985,0.790909,0.099592
0.564766,-0.003324,-0.001459,-0.001865,-0.615839,-0.559023,-0.056816,0.001003,-0.000502,0.001505,-2.196647,-2.153586,-0.043061,-0.009574,-0.015013,0.005438,1.326094,1.252798,0.073296,0.735199,0.717405,0.017794,-0.004631,-0.001776,-0.002855,-0.154881,-0.065597,-0.089284,0.003730,0.000506,0.003224,-0.140621,-0.136981,-0.003640,0.013482,-0.000246,0.013728,0.221592,0.255556,-0.033964,0.044141,-0.000809,0.044950,0.002400,0.080260,-0.001933,0.072870,-0.006986,-0.114829,-0.022874,-0.073000,-2.077913,0.056560,-1.477202,0.117001,0.797840,0.100467
0.569901,-0.003370,-0.001456,-0.001914,-0.617388,-0.561449,-0.055939,0.001041,-0.000507,0.001548,-2.198053,-2.158581,-0.039472,-0.009439,-0.015013,0.005573,1.328309,1.262324,0.065985,0.735641,0.717403,0.018238,-0.004605,-0.000902,-0.003703,-0.154013,-0.082130,-0.071883,0.003709,-0.002204,0.005913,-0.139833,-0.157326,0.017493,0.013406,-0.000094,0.013500,0.220350,0.306571,-0.086222,0.043893,-0.000627,0.044520,0.002777,0.092887,-0.002237,0.084334,-0.008086,-0.132895,-0.026472,-0.077955,-2.005953,0.065429,-1.311007,0.120226,0.674114,0.103162
0.575044,-0.003370,-0.001456,-0.001914,-0.617388,-0.561449,-0.055939,0.001041,-0.000507,0.001548,-2.198053,-2.158581,-0.039472,-0.009439,-0.015013,0.005573,1.328309,1.262324,0.065985,0.735641,0.717403,0.018238,-0.004605,-0.000902,-0.003703,-0.154013,-0.082130,-0.071883,0.003709,-0.002204,0.005913,-0.139833,-0.157326,0.017493,0.013406,-0.000094,0.013500,0.220350,0.306571,-0.086222,0.043893,-0.000627,0.044520,0.002777,0.092887,-0.002237,0.084334,-0.008086,-0.132895,-0.026472,-0.078647,-2.025291,0.066063,-1.322942,0.121327,0.680288,0.104110
0.579858,-0.003416,-0.001456,-0.001959,-0.618915,-0.561449,-0.057466,0.001077,-0.000507,0.001585,-2.199440,-2.158581,-0.040859,-0.009306,-0.015013,0.005706,1.330495,1.262324,0.068170,0.736076,0.717403,0.018673,-0.004576,-0.000902,-0.003674,-0.153026,-0.082130,-0.070896,0.003685,-0.002204,0.005889,-0.138937,-0.157326,0.018389,0.013321,-0.000094,0.013414,0.218938,0.306571,-0.087633,0.043612,-0.000627,0.044239,0.003152,0.105418,-0.002539,0.095712,-0.009176,-0.150824,-0.030044,-0.081114,-2.079504,0.067362,-1.380906,0.124703,0.710086,0.106832
0.585026,-0.003416,-0.001456,-0.001959,-0.618915,-0.561449,-0.057466,0.001077,-0.000507,0.001585,-2.199440,-2.158581,-0.040859,-0.009306,-0.015013,0.005706,1.330495,1.262324,0.068170,0.736076,0.717403,0.018673,-0.004576,-0.000902,-0.003674,-0.153026,-0.082130,-0.070896,0.003685,-0.002204,0.005889,-0.138937,-0.157326,0.018389,0.013321,-0.000094,0.013414,0.218938,0.306571,-0.087633,0.043612,-0.000627,0.044239,0.003152,0.105418,-0.002539,0.095712,-0.009176,-0.150824,-0.030044,-0.081814,-2.099129,0.068001,-1.393149,0.125816,0.716423,0.107789
0.589872,-0.003461,-0.001456,-0.002005,-0.620441,-0.561449,-0.058992,0.001114,-0.000507,0.001622,-2.200825,-2.158581,-0.042244,-0.009174,-0.015013,0.005839,1.332677,1.262324,0.070353,0.736511,0.717403,0.019108,-0.004542,-0.000902,-0.003640,-0.151909,-0.082130,-0.069779,0.003659,-0.002204,0.005862,-0.137922,-0.157326,0.019404,0.013223,-0.000094,0.013317,0.217339,0.306571,-0.089232,0.043294,-0.000627,0.043920,0.003529,0.118019,-0.002842,0.107153,-0.010273,-0.168852,-0.033635,-0.084314,-2.154303,0.069324,-1.452007,0.129244,0.746685,0.110548
0.595757,-0.003461,-0.001456,-0.002005,-0.620441,-0.561449,-0.058992,0.001114,-0.000507,0.001622,-2.200825,-2.158581,-0.042244,-0.009174,-0.015013,0.005839,1.332677,1.262324,0.070353,0.736511,0.717403,0.019108,-0.004542,-0.000902,-0.003640,-0.151909,-0.082130,-0.069779,0.003659,-0.002204,0.005862,-0.137922,-0.157326,0.019404,0.013223,-0.000094,0.013317,0.217339,0.306571,-0.089232,0.043294,-0.000627,0.043920,0.003529,0.118019,-0.002842,0.107153,-0.010273,-0.168852,-0.033635,-0.085123,-2.177062,0.070061,-1.466348,0.130529,0.754112,0.111653
0.599947,-0.003507,-0.001456,-0.002050,-0.621958,-0.561449,-0.060510,0.001151,-0.000507,0.001658,-2.202203,-2.158581,-0.043622,-0.009042,-0.015013,0.005971,1.334849,1.262324,0.072525,0.736943,0.717403,0.019541,-0.004505,-0.000902,-0.003603,-0.150661,-0.082130,-0.068531,0.003629,-0.002204,0.005832,-0.136789,-0.157326,0.020536,0.013115,-0.000094,0.013208,0.215555,0.306571,-0.091017,0.042938,-0.000627,0.043565,0.003907,0.130655,-0.003147,0.118625,-0.011373,-0.186931,-0.037236,-0.087555,-2.230343,0.071317,-1.524220,0.133847,0.783867,0.114311
0.605068,-0.003507,-0.001458,-0.002048,-0.621958,-0.564894,-0.057065,0.001151,-0.000504,0.001654,-2.202203,-2.164721,-0.037483,-0.009042,-0.015010,0.005968,1.334849,1.274622,0.060226,0.736943,0.717407,0.019537,-0.004505,0.000682,-0.005187,-0.150661,-0.110809,-0.039852,0.003629,0.000739,0.002889,-0.136789,-0.197651,0.060862,0.013115,-0.000632,0.013746,0.215555,0.407216,-0.191662,0.042938,0.000259,0.042679,0.003907,0.130655,-0.003147,0.118625,-0.011373,-0.186931,-0.037236,-0.092783,-2.042417,0.063285,-1.196709,0.135728,0.544180,0.114835
0.610029,-0.003551,-0.001458,-0.002093,-0.623453,-0.564894,-0.058559,0.001187,-0.000504,0.001690,-2.203560,-2.164721,-0.038839,-0.008912,-0.015010,0.006098,1.336987,1.274622,0.062364,0.737369,0.717407,0.019963,-0.004464,0.000682,-0.005146,-0.149297,-0.110809,-0.038488,0.003596,0.000739,0.002856,-0.135551,-0.197651,0.062100,0.012996,-0.000632,0.013628,0.213603,0.407216,-0.193613,0.042549,0.000259,0.042290,0.004282,0.143202,-0.003449,0.130017,-0.012465,-0.204883,-0.040812,-0.095355,-2.097134,0.064572,-1.253675,0.139225,0.572903,0.117631
0.615093,-0.003551,-0.001458,-0.002093,-0.623453,-0.564894,-0.058559,0.001187,-0.000504,0.001690,-2.203560,-2.164721,-0.038839,-0.008912,-0.015010,0.006098,1.336987,1.274622,0.062364,0.737369,0.717407,0.019963,-0.004464,0.000682,-0.005146,-0.149297,-0.110809,-0.038488,0.003596,0.000739,0.002856,-0.135551,-0.197651,0.062100,0.012996,-0.000632,0.013628,0.213603,0.407216,-0.193613,0.042549,0.000259,0.042290,0.004282,0.143202,-0.003449,0.130017,-0.012465,-0.204883,-0.040812,-0.096115,-2.115848,0.065154,-1.263959,0.140378,0.577647,0.118610
0.619883,-0.003596,-0.001458,-0.002137,-0.624940,-0.564894,-0.060046,0.001223,-0.000504,0.001726,-2.204910,-2.164721,-0.040189,-0.008782,-0.015010,0.006228,1.339114,1.274622,0.064492,0.737793,0.717407,0.020386,-0.004419,0.000682,-0.005101,-0.147801,-0.110809,-0.036991,0.003560,0.000739,0.002820,-0.134192,-0.197651,0.063459,0.012866,-0.000632,0.013497,0.211462,0.407216,-0.195755,0.042123,0.000259,0.041864,0.004659,0.155811,-0.003753,0.141465,-0.013563,-0.222923,-0.044406,-0.098679,-2.170421,0.066432,-1.321096,0.143863,0.606481,0.121389
0.625045,-0.003596,-0.001458,-0.002137,-0.624940,-0.564894,-0.060046,0.001223,-0.000504,0.001726,-2.204910,-2.164721,-0.040189,-0.008782,-0.015010,0.006228,1.339114,1.274622,0.064492,0.737793,0.717407,0.020386,-0.004419,0.000682,-0.005101,-0.147801,-0.110809,-0.036991,0.003560,0.000739,0.002820,-0.134192,-0.197651,0.063459,0.012866,-0.000632,0.013497,0.211462,0.407216,-0.195755,0.042123,0.000259,0.041864,0.004659,0.155811,-0.003753,0.141465,-0.013563,-0.222923,-0.044406,-0.099466,-2.189891,0.067035,-1.331946,0.145056,0.611511,0.122402
0.629877,-0.003640,-0.001458,-0.002182,-0.626415,-0.564894,-0.061521,0.001258,-0.000504,0.001762,-2.206249,-2.164721,-0.041529,-0.008654,-0.015010,0.006356,1.341225,1.274622,0.066602,0.738213,0.717407,0.020807,-0.004371,0.000682,-0.005053,-0.146174,-0.110809,-0.035365,0.003520,0.000739,0.002781,-0.132715,-0.197651,0.064936,0.012724,-0.000632,0.013356,0.209134,0.407216,-0.198082,0.041659,0.000259,0.041400,0.005037,0.168449,-0.004057,0.152940,-0.014663,-0.241004,-0.048008,-0.102046,-2.244893,0.068323,-1.389468,0.148565,0.640542,0.125195
0.635062,-0.003640,-0.001457,-0.002183,-0.626415,-0.569034,-0.057380,0.001258,-0.000502,0.001760,-2.206249,-2.171762,-0.034488,-0.008654,-0.015009,0.006355,1.341225,1.288979,0.052245,0.738213,0.717399,0.020815,-0.004371,-0.000456,-0.003915,-0.146174,-0.141755,-0.004419,0.003520,0.001127,0.002394,-0.132715,-0.223427,0.090712,0.012724,-0.000380,0.013104,0.209134,0.449893,-0.240759,0.041659,-0.001354,0.043013,0.005037,0.168449,-0.004057,0.152940,-0.014663,-0.241004,-0.048008,-0.099398,-2.013289,0.067714,-1.053504,0.149414,0.420024,0.127091
0.639792,-0.003683,-0.001457,-0.002226,-0.627861,-0.569034,-0.058827,0.001293,-0.000502,0.001795,-2.207563,-2.171762,-0.035801,-0.008528,-0.015009,0.006481,1.343294,1.288979,0.054315,0.738626,0.717399,0.021227,-0.004319,-0.000456,-0.003863,-0.144435,-0.141755,-0.002680,0.003479,0.001127,0.002352,-0.131136,-0.223427,0.092291,0.012573,-0.000380,0.012953,0.206646,0.449893,-0.243247,0.041163,-0.001354,0.042518,0.005412,0.180986,-0.004359,0.164322,-0.015754,-0.258940,-0.051580,-0.101926,-2.065956,0.068981,-1.107976,0.152890,0.447156,0.129859
0.644798,-0.003683,-0.001457,-0.002226,-0.627861,-0.569034,-0.058827,0.001293,-0.000502,0.001795,-2.207563,-2.171762,-0.035801,-0.008528,-0.015009,0.006481,1.343294,1.288979,0.054315,0.738626,0.717399,0.021227,-0.004319,-0.000456,-0.003863,-0.144435,-0.141755,-0.002680,0.003479,0.001127,0.002352,-0.131136,-0.223427,0.092291,0.012573,-0.000380,0.012953,0.206646,0.449893,-0.243247,0.041163,-0.001354,0.042518,0.005412,0.180986,-0.004359,0.164322,-0.015754,-0.258940,-0.051580,-0.102690,-2.083759,0.069579,-1.116545,0.154089,0.450660,0.130883
0.649667,-0.003726,-0.001457,-0.002269,-0.629297,-0.569034,-0.060263,0.001327,-0.000502,0.001830,-2.208866,-2.171762,-0.037105,-0.008403,-0.015009,0.006606,1.345349,1.288979,0.056369,0.739035,0.717399,0.021636,-0.004263,-0.000456,-0.003807,-0.142561,-0.141755,-0.000806,0.003433,0.001127,0.002307,-0.129435,-0.223427,0.093992,0.012410,-0.000380,0.012790,0.203965,0.449893,-0.245929,0.040629,-0.001354,0.041984,0.005789,0.193589,-0.004662,0.175765,-0.016851,-0.276973,-0.055172,-0.105248,-2.137097,0.070865,-1.171518,0.157610,0.478029,0.133682
0.654794,-0.003726,-0.001457,-0.002269,-0.629297,-0.569034,-0.060263,0.001327,-0.000502,0.001830,-2.208866,-2.171762,-0.037105,-0.008403,-0.015009,0.006606,1.345349,1.288979,0.056369,0.739035,0.717399,0.021636,-0.004263,-0.000456,-0.003807,-0.142561,-0.141755,-0.000806,0.003433,0.001127,0.002307,-0.129435,-0.223427,0.093992,0.012410,-0.000380,0.012790,0.203965,0.449893,-0.245929,0.040629,-0.001354,0.041984,0.005789,0.193589,-0.004662,0.175765,-0.016851,-0.276973,-0.055172,-0.106033,-2.155489,0.071479,-1.180538,0.158840,0.481759,0.134732
0.660254,-0.003768,-0.001457,-0.002311,-0.630714,-0.569034,-0.061679,0.001362,-0.000502,0.001864,-2.210152,-2.171762,-0.038391,-0.008279,-0.015009,0.006729,1.347375,1.288979,0.058396,0.739438,0.717399,0.022040,-0.004203,-0.000456,-0.003747,-0.140561,-0.141755,0.001194,0.003385,0.001127,0.002258,-0.127619,-0.223427,0.095808,0.012235,-0.000380,0.012616,0.201104,0.449893,-0.248789,0.040059,-0.001354,0.041414,0.006165,0.206189,-0.004966,0.187204,-0.017948,-0.294999,-0.058763,-0.108685,-2.211048,0.072839,-1.236600,0.162512,0.509579,0.137652
0.665015,-0.003768,-0.001457,-0.002311,-0.630714,-0.569034,-0.061679,0.001362,-0.000502,0.001864,-2.210152,-2.171762,-0.038391,-0.008279,-0.015009,0.006729,1.347375,1.288979,0.058396,0.739438,0.717399,0.022040,-0.004203,-0.000456,-0.003747,-0.140561,-0.141755,0.001194,0.003385,0.001127,0.002258,-0.127619,-0.223427,0.095808,0.012235,-0.000380,0.012616,0.201104,0.449893,-0.248789,0.040059,-0.001354,0.041414,0.006165,0.206189,-0.004966,0.187204,-0.017948,-0.294999,-0.058763,-0.109432,-2.228684,0.073425,-1.245399,0.163684,0.513253,0.138652
0.670134,-0.003810,-0.001456,-0.002354,-0.632117,-0.574122,-0.057995,0.001395,-0.000501,0.001897,-2.211427,-2.179557,-0.031870,-0.008157,-0.015015,0.006858,1.349384,1.304404,0.044980,0.739839,0.717407,0.022431,-0.004140,0.000626,-0.004766,-0.138470,-0.156904,0.018434,0.003335,0.000152,0.003183,-0.125721,-0.238717,0.112996,0.012053,-0.001465,0.013519,0.198112,0.443478,-0.245366,0.039464,0.000726,0.038738,0.006143,0.205445,-0.004948,0.186529,-0.017883,-0.293934,-0.058551,-0.115190,-2.045521,0.078402,-0.936735,0.169188,0.340976,0.140394
0.675434,-0.003810,-0.001456,-0.002354,-0.632117,-0.574122,-0.057995,0.001395,-0.000501,0.001897,-2.211427,-2.179557,-0.031870,-0.008157,-0.015015,0.006858,1.349384,1.304404,0.044980,0.739839,0.717407,0.022431,-0.004140,0.000626,-0.004766,-0.138470,-0.156904,0.018434,0.003335,0.000152,0.003183,-0.125721,-0.238717,0.112996,0.012053,-0.001465,0.013519,0.198112,0.443478,-0.245366,0.039464,0.000726,0.038738,0.006143,0.205445,-0.004948,0.186529,-0.017883,-0.293934,-0.058551,-0.115968,-2.061603,0.079014,-0.943231,0.170383,0.343381,0.141392
0.679734,-0.003851,-0.001456,-0.002395,-0.633483,-0.574122,-0.059360,0.001428,-0.000501,0.001930,-2.212667,-2.179557,-0.033110,-0.008038,-0.015015,0.006976,1.351337,1.304404,0.046933,0.740228,0.717407,0.022820,-0.004080,0.000626,-0.004706,-0.136460,-0.156904,0.020444,0.003286,0.000152,0.003134,-0.123896,-0.238717,0.114821,0.011878,-0.001465,0.013344,0.195237,0.443478,-0.248241,0.038891,0.000726,0.038165,0.005956,0.199189,-0.004797,0.180849,-0.017339,-0.284985,-0.056768,-0.118079,-2.134177,0.081073,-0.993947,0.173898,0.369248,0.144241
0.684962,-0.003851,-0.001456,-0.002395,-0.633483,-0.574122,-0.059360,0.001428,-0.000501,0.001930,-2.212667,-2.179557,-0.033110,-0.008038,-0.015015,0.006976,1.351337,1.304404,0.046933,0.740228,0.717407,0.022820,-0.004080,0.000626,-0.004706,-0.136460,-0.156904,0.020444,0.003286,0.000152,0.003134,-0.123896,-0.238717,0.114821,0.011878,-0.001465,0.013344,0.195237,0.443478,-0.248241,0.038891,0.000726,0.038165,0.005956,0.199189,-0.004797,0.180849,-0.017339,-0.284985,-0.056768,-0.118945,-2.152228,0.081755,-1.001428,0.175229,0.372070,0.145352
0.689996,-0.003892,-0.001456,-0.002436,-0.634846,-0.574122,-0.060723,0.001461,-0.000501,0.001963,-2.213904,-2.179557,-0.034347,-0.007920,-0.015015,0.007095,1.353287,1.304404,0.048883,0.740616,0.717407,0.023209,-0.004021,0.000626,-0.004647,-0.134488,-0.156904,0.022416,0.003239,0.000152,0.003087,-0.122106,-0.238717,0.116611,0.011707,-0.001465,0.013172,0.192415,0.443478,-0.251062,0.038329,0.000726,0.037603,0.005767,0.192854,-0.004645,0.175097,-0.016787,-0.275920,-0.054963,-0.121115,-2.226589,0.083866,-1.053390,0.178839,0.398559,0.148279
0.697029,-0.003932,-0.001456,-0.002475,-0.636178,-0.574122,-0.062055,0.001493,-0.000501,0.001995,-2.215113,-2.179557,-0.035556,-0.007804,-0.015015,0.007211,1.355192,1.304404,0.050789,0.740996,0.717407,0.023588,-0.003965,0.000626,-0.004591,-0.132596,-0.156904,0.024308,0.003193,0.000152,0.003041,-0.120388,-0.238717,0.118329,0.011542,-0.001465,0.013007,0.189708,0.443478,-0.253769,0.037790,0.000726,0.037064,0.005767,0.192854,-0.004645,0.175097,-0.016787,-0.275920,-0.054963,-0.123772,-2.300753,0.085985,-1.108743,0.182963,0.426145,0.151608
0.700135,-0.003932,-0.001456,-0.002475,-0.636178,-0.574122,-0.062055,0.001493,-0.000501,0.001995,-2.215113,-2.179557,-0.035556,-0.007804,-0.015015,0.007211,1.355192,1.304404,0.050789,0.740996,0.717407,0.023588,-0.003965,0.000626,-0.004591,-0.132596,-0.156904,0.024308,0.003193,0.000152,0.003041,-0.120388,-0.238717,0.118329,0.011542,-0.001465,0.013007,0.189708,0.443478,-0.253769,0.037790,0.000726,0.037064,0.005579,0.186573,-0.004493,0.169394,-0.016241,-0.266934,-0.053173,-0.124145,-2.318953,0.086652,-1.113056,0.183769,0.428012,0.152309
0.704849,-0.003932,-0.001459,-0.002472,-0.636178,-0.579634,-0.056544,0.001493,-0.000501,0.001994,-2.215113,-2.187952,-0.027161,-0.007804,-0.015009,0.007205,1.355192,1.319624,0.035568,0.740996,0.717412,0.023584,-0.003965,-0.000640,-0.003325,-0.132596,-0.166695,0.034099,0.003193,0.000099,0.003094,-0.120388,-0.246418,0.126030,0.011542,0.000448,0.011095,0.189708,0.437518,-0.247810,0.037790,0.003545,0.034244,0.005579,0.186573,-0.004493,0.169394,-0.016241,-0.266934,-0.053173,-0.120503,-2.070339,0.087441,-0.738689,0.181661,0.222948,0.151721
0.709856,-0.003971,-0.001459,-0.002512,-0.637489,-0.579634,-0.057855,0.001525,-0.000501,0.002025,-2.216304,-2.187952,-0.028352,-0.007690,-0.015009,0.007319,1.357068,1.319624,0.037444,0.741369,0.717412,0.023958,-0.003910,-0.000640,-0.003270,-0.130770,-0.166695,0.035926,0.003149,0.000099,0.003050,-0.118729,-0.246418,0.127689,0.011383,0.000448,0.010936,0.187095,0.437518,-0.250423,0.037269,0.003545,0.033724,0.005391,0.180302,-0.004342,0.163701,-0.015695,-0.257962,-0.051386,-0.122653,-2.143076,0.089558,-0.788337,0.185260,0.248162,0.154651
0.715169,-0.003971,-0.001459,-0.002512,-0.637489,-0.579634,-0.057855,0.001525,-0.000501,0.002025,-2.216304,-2.187952,-0.028352,-0.007690,-0.015009,0.007319,1.357068,1.319624,0.037444,0.741369,0.717412,0.023958,-0.003910,-0.000640,-0.003270,-0.130770,-0.166695,0.035926,0.003149,0.000099,0.003050,-0.118729,-0.246418,0.127689,0.011383,0.000448,0.010936,0.187095,0.437518,-0.250423,0.037269,0.003545,0.033724,0.005391,0.180302,-0.004342,0.163701,-0.015695,-0.257962,-0.051386,-0.123536,-2.160576,0.090280,-0.794110,0.186642,0.250009,0.155811
0.720069,-0.004010,-0.001459,-0.002551,-0.638791,-0.579634,-0.059157,0.001556,-0.000501,0.002057,-2.217486,-2.187952,-0.029534,-0.007576,-0.015009,0.007432,1.358931,1.319624,0.039307,0.741740,0.717412,0.024329,-0.003857,-0.000640,-0.003217,-0.128994,-0.166695,0.037701,0.003107,0.000099,0.003008,-0.117117,-0.246418,0.129301,0.011229,0.000448,0.010781,0.184554,0.437518,-0.252964,0.036763,0.003545,0.033217,0.005202,0.173989,-0.004190,0.157969,-0.015145,-0.248930,-0.049586,-0.125696,-2.233899,0.092407,-0.844418,0.190256,0.275591,0.158753
0.724944,-0.004010,-0.001459,-0.002551,-0.638791,-0.579634,-0.059157,0.001556,-0.000501,0.002057,-2.217486,-2.187952,-0.029534,-0.007576,-0.015009,0.007432,1.358931,1.319624,0.039307,0.741740,0.717412,0.024329,-0.003857,-0.000640,-0.003217,-0.128994,-0.166695,0.037701,0.003107,0.000099,0.003008,-0.117117,-0.246418,0.129301,0.011229,0.000448,0.010781,0.184554,0.437518,-0.252964,0.036763,0.003545,0.033217,0.005202,0.173989,-0.004190,0.157969,-0.015145,-0.248930,-0.049586,-0.126515,-2.250293,0.093078,-0.850022,0.191540,0.277447,0.159830
0.729855,-0.004048,-0.001459,-0.002589,-0.640077,-0.579634,-0.060443,0.001587,-0.000501,0.002088,-2.218654,-2.187952,-0.030702,-0.007464,-0.015009,0.007544,1.360771,1.319624,0.041147,0.742107,0.717412,0.024695,-0.003806,-0.000640,-0.003166,-0.127279,-0.166695,0.039416,0.003065,0.000099,0.002966,-0.115560,-0.246418,0.130858,0.011079,0.000448,0.010632,0.182101,0.437518,-0.255417,0.036274,0.003545,0.032729,0.005013,0.167667,-0.004038,0.152229,-0.014595,-0.239885,-0.047785,-0.128687,-2.324089,0.095214,-0.900801,0.195172,0.303283,0.162788
0.734938,-0.004048,-0.001456,-0.002592,-0.640077,-0.585611,-0.054466,0.001587,-0.000503,0.002090,-2.218654,-2.196035,-0.022618,-0.007464,-0.015010,0.007546,1.360771,1.333116,0.027655,0.742107,0.717405,0.024702,-0.003806,-0.000742,-0.003064,-0.127279,-0.194508,0.067229,0.003065,-0.000368,0.003433,-0.115560,-0.240211,0.124652,0.011079,0.000470,0.010610,0.182101,0.386935,-0.204834,0.036274,0.000016,0.036258,0.005013,0.167667,-0.004038,0.152229,-0.014595,-0.239885,-0.047785,-0.129291,-1.980465,0.097676,-0.571819,0.196562,0.166495,0.166041
0.739953,-0.004086,-0.001456,-0.002630,-0.641342,-0.585611,-0.055730,0.001618,-0.000503,0.002120,-2.219802,-2.196035,-0.023767,-0.007354,-0.015010,0.007656,1.362581,1.333116,0.029465,0.742467,0.717405,0.025062,-0.003757,-0.000742,-0.003014,-0.125633,-0.194508,0.068874,0.003026,-0.000368,0.003394,-0.114066,-0.240211,0.126146,0.010936,0.000470,0.010466,0.179746,0.386935,-0.207188,0.035805,0.000016,0.035789,0.004825,0.161368,-0.003886,0.146511,-0.014047,-0.230873,-0.045990,-0.131492,-2.052465,0.099847,-0.620771,0.200239,0.191586,0.169053
0.745103,-0.004086,-0.001456,-0.002630,-0.641342,-0.585611,-0.055730,0.001618,-0.000503,0.002120,-2.219802,-2.196035,-0.023767,-0.007354,-0.015010,0.007656,1.362581,1.333116,0.029465,0.742467,0.717405,0.025062,-0.003757,-0.000742,-0.003014,-0.125633,-0.194508,0.068874,0.003026,-0.000368,0.003394,-0.114066,-0.240211,0.126146,0.010936,0.000470,0.010466,0.179746,0.386935,-0.207188,0.035805,0.000016,0.035789,0.004825,0.161368,-0.003886,0.146511,-0.014047,-0.230873,-0.045990,-0.132380,-2.068002,0.100587,-0.625002,0.201632,0.192916,0.170234
0.749885,-0.004124,-0.001456,-0.002668,-0.642605,-0.585611,-0.056993,0.001648,-0.000503,0.002151,-2.220949,-2.196035,-0.024913,-0.007244,-0.015010,0.007766,1.364388,1.333116,0.031272,0.742827,0.717405,0.025422,-0.003709,-0.000742,-0.002967,-0.124033,-0.194508,0.070475,0.002987,-0.000368,0.003355,-0.112613,-0.240211,0.127599,0.010797,0.000470,0.010327,0.177456,0.386935,-0.209478,0.035349,0.000016,0.035333,0.004635,0.154996,-0.003733,0.140725,-0.013492,-0.221756,-0.044173,-0.134574,-2.140515,0.102755,-0.674770,0.205300,0.218477,0.173238
0.754968,-0.004124,-0.001456,-0.002668,-0.642605,-0.585611,-0.056993,0.001648,-0.000503,0.002151,-2.220949,-2.196035,-0.024913,-0.007244,-0.015010,0.007766,1.364388,1.333116,0.031272,0.742827,0.717405,0.025422,-0.003709,-0.000742,-0.002967,-0.124033,-0.194508,0.070475,0.002987,-0.000368,0.003355,-0.112613,-0.240211,0.127599,0.010797,0.000470,0.010327,0.177456,0.386935,-0.209478,0.035349,0.000016,0.035333,0.004635,0.154996,-0.003733,0.140725,-0.013492,-0.221756,-0.044173,-0.135453,-2.156059,0.103488,-0.679221,0.206678,0.219942,0.174407
0.759778,-0.004161,-0.001456,-0.002704,-0.643831,-0.585611,-0.058219,0.001677,-0.000503,0.002180,-2.222062,-2.196035,-0.026026,-0.007138,-0.015010,0.007873,1.366142,1.333116,0.033026,0.743177,0.717405,0.025772,-0.003664,-0.000742,-0.002921,-0.122523,-0.194508,0.071985,0.002951,-0.000368,0.003319,-0.111242,-0.240211,0.128970,0.010665,0.000470,0.010196,0.175296,0.386935,-0.211639,0.034919,0.000016,0.034902,0.004447,0.148734,-0.003582,0.135040,-0.012947,-0.212797,-0.042389,-0.137646,-2.228223,0.105650,-0.728699,0.210341,0.245339,0.177409
0.764710,-0.004161,-0.001456,-0.002704,-0.643831,-0.585611,-0.058219,0.001677,-0.000503,0.002180,-2.222062,-2.196035,-0.026026,-0.007138,-0.015010,0.007873,1.366142,1.333116,0.033026,0.743177,0.717405,0.025772,-0.003664,-0.000742,-0.002921,-0.122523,-0.194508,0.071985,0.002951,-0.000368,0.003319,-0.111242,-0.240211,0.128970,0.010665,0.000470,0.010196,0.175296,0.386935,-0.211639,0.034919,0.000016,0.034902,0.004447,0.148734,-0.003582,0.135040,-0.012947,-0.212797,-0.042389,-0.138519,-2.243803,0.106376,-0.733365,0.211709,0.246932,0.178567
0.769917,-0.004197,-0.001456,-0.002741,-0.645044,-0.592339,-0.052705,0.001707,-0.000495,0.002201,-2.223163,-2.204099,-0.019064,-0.007032,-0.015012,0.007980,1.367878,1.344323,0.023555,0.743523,0.717406,0.026117,-0.003620,-0.000414,-0.003207,-0.121072,-0.200464,0.079392,0.002916,0.000608,0.002308,-0.109925,-0.241504,0.131579,0.010539,0.000304,0.010235,0.173221,0.295014,-0.121793,0.034505,0.002176,0.032329,0.004260,0.142461,-0.003431,0.129344,-0.012401,-0.203822,-0.040601,-0.142000,-1.985317,0.104614,-0.405849,0.215867,0.213369,0.180328
0.775063,-0.004197,-0.001456,-0.002741,-0.645044,-0.592339,-0.052705,0.001707,-0.000495,0.002201,-2.223163,-2.204099,-0.019064,-0.007032,-0.015012,0.007980,1.367878,1.344323,0.023555,0.743523,0.717406,0.026117,-0.003620,-0.000414,-0.003207,-0.121072,-0.200464,0.079392,0.002916,0.000608,0.002308,-0.109925,-0.241504,0.131579,0.010539,0.000304,0.010235,0.173221,0.295014,-0.121793,0.034505,0.002176,0.032329,0.004260,0.142461,-0.003431,0.129344,-0.012401,-0.203822,-0.040601,-0.142937,-1.999796,0.105359,-0.408516,0.217324,0.214807,0.181551
0.779760,-0.004233,-0.001456,-0.002777,-0.646237,-0.592339,-0.053898,0.001735,-0.000495,0.002230,-2.224246,-2.204099,-0.020147,-0.006928,-0.015012,0.008084,1.369585,1.344323,0.025262,0.743863,0.717406,0.026457,-0.003579,-0.000414,-0.003165,-0.119691,-0.200464,0.080773,0.002883,0.000608,0.002274,-0.108671,-0.241504,0.132833,0.010419,0.000304,0.010115,0.171245,0.295014,-0.123769,0.034112,0.002176,0.031936,0.004073,0.136219,-0.003281,0.123677,-0.011857,-0.194892,-0.038822,-0.145146,-2.070405,0.107500,-0.456422,0.220996,0.240238,0.184553
0.785151,-0.004233,-0.001456,-0.002777,-0.646237,-0.592339,-0.053898,0.001735,-0.000495,0.002230,-2.224246,-2.204099,-0.020147,-0.006928,-0.015012,0.008084,1.369585,1.344323,0.025262,0.743863,0.717406,0.026457,-0.003579,-0.000414,-0.003165,-0.119691,-0.200464,0.080773,0.002883,0.000608,0.002274,-0.108671,-0.241504,0.132833,0.010419,0.000304,0.010115,0.171245,0.295014,-0.123769,0.034112,0.002176,0.031936,0.004073,0.136219,-0.003281,0.123677,-0.011857,-0.194892,-0.038822,-0.146120,-2.085656,0.108275,-0.459483,0.222512,0.241884,0.185824
0.790167,-0.004268,-0.001456,-0.002813,-0.647430,-0.592339,-0.055090,0.001764,-0.000495,0.002259,-2.225329,-2.204099,-0.021230,-0.006824,-0.015012,0.008188,1.371291,1.344323,0.026968,0.744202,0.717406,0.026797,-0.003539,-0.000414,-0.003125,-0.118358,-0.200464,0.082107,0.002851,0.000608,0.002242,-0.107460,-0.241504,0.134044,0.010303,0.000304,0.009998,0.169337,0.295014,-0.125676,0.033732,0.002176,0.031556,0.003884,0.129909,-0.003129,0.117948,-0.011308,-0.185863,-0.037024,-0.148419,-2.158381,0.110492,-0.508601,0.226327,0.267956,0.188947
0.794970,-0.004268,-0.001456,-0.002813,-0.647430,-0.592339,-0.055090,0.001764,-0.000495,0.002259,-2.225329,-2.204099,-0.021230,-0.006824,-0.015012,0.008188,1.371291,1.344323,0.026968,0.744202,0.717406,0.026797,-0.003539,-0.000414,-0.003125,-0.118358,-0.200464,0.082107,0.002851,0.000608,0.002242,-0.107460,-0.241504,0.134044,0.010303,0.000304,0.009998,0.169337,0.295014,-0.125676,0.033732,0.002176,0.031556,0.003884,0.129909,-0.003129,0.117948,-0.011308,-0.185863,-0.037024,-0.149295,-2.172259,0.111190,-0.511606,0.227690,0.269569,0.190089
0.799934,-0.004304,-0.001456,-0.002848,-0.648612,-0.592339,-0.056273,0.001793,-0.000495,0.002287,-2.226403,-2.204099,-0.022303,-0.006721,-0.015012,0.008291,1.372982,1.344323,0.028660,0.744539,0.717406,0.027134,-0.003501,-0.000414,-0.003087,-0.117085,-0.200464,0.083380,0.002820,0.000608,0.002212,-0.106304,-0.241504,0.135200,0.010192,0.000304,0.009888,0.167516,0.295014,-0.127498,0.033369,0.002176,0.031193,0.003695,0.123584,-0.002976,0.112205,-0.010758,-0.176814,-0.035221,-0.151605,-2.245561,0.113417,-0.561328,0.231523,0.295959,0.193228
0.805180,-0.004304,-0.001453,-0.002850,-0.648612,-0.599204,-0.049407,0.001793,-0.000492,0.002284,-2.226403,-2.211885,-0.014517,-0.006721,-0.015014,0.008293,1.372982,1.352881,0.020102,0.744539,0.717409,0.027131,-0.003501,0.000054,-0.003555,-0.117085,-0.209192,0.092107,0.002820,0.000059,0.002761,-0.106304,-0.215260,0.108956,0.010192,-0.000692,0.010884,0.167516,0.227842,-0.060326,0.033369,0.000821,0.032548,0.003695,0.123584,-0.002976,0.112205,-0.010758,-0.176814,-0.035221,-0.154480,-1.896341,0.116163,-0.289690,0.235036,0.246602,0.195355
0.809853,-0.004338,-0.001453,-0.002885,-0.649769,-0.599204,-0.050564,0.001821,-0.000492,0.002312,-2.227453,-2.211885,-0.015567,-0.006621,-0.015014,0.008393,1.374637,1.352881,0.021757,0.744869,0.717409,0.027460,-0.003465,0.000054,-0.003519,-0.115889,-0.209192,0.093303,0.002791,0.000059,0.002732,-0.105218,-0.215260,0.110042,0.010088,-0.000692,0.010780,0.165804,0.227842,-0.062038,0.033028,0.000821,0.032207,0.003508,0.117329,-0.002826,0.106527,-0.010213,-0.167866,-0.033439,-0.156749,-1.966540,0.118355,-0.337661,0.238792,0.272595,0.198429
0.814753,-0.004338,-0.001453,-0.002885,-0.649769,-0.599204,-0.050564,0.001821,-0.000492,0.002312,-2.227453,-2.211885,-0.015567,-0.006621,-0.015014,0.008393,1.374637,1.352881,0.021757,0.744869,0.717409,0.027460,-0.003465,0.000054,-0.003519,-0.115889,-0.209192,0.093303,0.002791,0.000059,0.002732,-0.105218,-0.215260,0.110042,0.010088,-0.000692,0.010780,0.165804,0.227842,-0.062038,0.033028,0.000821,0.032207,0.003508,0.117329,-0.002826,0.106527,-0.010213,-0.167866,-0.033439,-0.157676,-1.979157,0.119096,-0.339641,0.240229,0.274233,0.199626
0.819799,-0.004373,-0.001453,-0.002920,-0.650926,-0.599204,-0.051721,0.001848,-0.000492,0.002340,-2.228503,-2.211885,-0.016618,-0.006520,-0.015014,0.008494,1.376293,1.352881,0.023412,0.745199,0.717409,0.027790,-0.003431,0.000054,-0.003485,-0.114743,-0.209192,0.094449,0.002763,0.000059,0.002704,-0.104178,-0.215260,0.111082,0.009988,-0.000692,0.010680,0.164165,0.227842,-0.063677,0.032701,0.000821,0.031880,0.003319,0.111010,-0.002674,0.100789,-0.009663,-0.158825,-0.031638,-0.160045,-2.051472,0.121371,-0.388786,0.244141,0.300888,0.202830
0.824970,-0.004373,-0.001453,-0.002920,-0.650926,-0.599204,-0.051721,0.001848,-0.000492,0.002340,-2.228503,-2.211885,-0.016618,-0.006520,-0.015014,0.008494,1.376293,1.352881,0.023412,0.745199,0.717409,0.027790,-0.003431,0.000054,-0.003485,-0.114743,-0.209192,0.094449,0.002763,0.000059,0.002704,-0.104178,-0.215260,0.111082,0.009988,-0.000692,0.010680,0.164165,0.227842,-0.063677,0.032701,0.000821,0.031880,0.003319,0.111010,-0.002674,0.100789,-0.009663,-0.158825,-0.031638,-0.161042,-2.065239,0.122168,-0.391196,0.245686,0.302792,0.204118
0.829781,-0.004407,-0.001453,-0.002954,-0.652073,-0.599204,-0.052868,0.001876,-0.000492,0.002368,-2.229545,-2.211885,-0.017659,-0.006420,-0.015014,0.008594,1.377934,1.352881,0.025053,0.745526,0.717409,0.028117,-0.003399,0.000054,-0.003452,-0.113660,-0.209192,0.095532,0.002737,0.000059,0.002678,-0.103195,-0.215260,0.112065,0.009894,-0.000692,0.010586,0.162616,0.227842,-0.065226,0.032393,0.000821,0.031572,0.003130,0.104686,-0.002521,0.095047,-0.009113,-0.149776,-0.029835,-0.163386,-2.137635,0.124424,-0.440867,0.249560,0.329694,0.207291
0.835337,-0.004407,-0.001456,-0.002951,-0.652073,-0.605980,-0.046092,0.001876,-0.000492,0.002368,-2.229545,-2.218388,-0.011157,-0.006420,-0.015009,0.008588,1.377934,1.358999,0.018935,0.745526,0.717410,0.028116,-0.003399,-0.001251,-0.002147,-0.113660,-0.195939,0.082280,0.002737,-0.001472,0.004209,-0.103195,-0.184052,0.080857,0.009894,-0.000338,0.010232,0.162616,0.157947,0.004669,0.032393,0.003237,0.029156,0.003130,0.104686,-0.002521,0.095047,-0.009113,-0.149776,-0.029835,-0.159086,-1.866681,0.131454,-0.242613,0.250392,0.323103,0.207064
0.840192,-0.004441,-0.001456,-0.002985,-0.653197,-0.605980,-0.047216,0.001903,-0.000492,0.002395,-2.230565,-2.218388,-0.012177,-0.006322,-0.015009,0.008686,1.379542,1.358999,0.020543,0.745846,0.717410,0.028436,-0.003368,-0.001251,-0.002117,-0.112651,-0.195939,0.083288,0.002713,-0.001472,0.004185,-0.102279,-0.184052,0.081773,0.009806,-0.000338,0.010144,0.161172,0.157947,0.003226,0.032105,0.003237,0.028869,0.002943,0.098430,-0.002371,0.089367,-0.008568,-0.140826,-0.028052,-0.161418,-1.937598,0.133756,-0.291282,0.254284,0.350036,0.210250
0.845029,-0.004441,-0.001456,-0.002985,-0.653197,-0.605980,-0.047216,0.001903,-0.000492,0.002395,-2.230565,-2.218388,-0.012177,-0.006322,-0.015009,0.008686,1.379542,1.358999,0.020543,0.745846,0.717410,0.028436,-0.003368,-0.001251,-0.002117,-0.112651,-0.195939,0.083288,0.002713,-0.001472,0.004185,-0.102279,-0.184052,0.081773,0.009806,-0.000338,0.010144,0.161172,0.157947,0.003226,0.032105,0.003237,0.028869,0.002943,0.098430,-0.002371,0.089367,-0.008568,-0.140826,-0.028052,-0.162321,-1.949211,0.134538,-0.292896,0.255727,0.352021,0.211446
0.849814,-0.004474,-0.001456,-0.003019,-0.654320,-0.605980,-0.048339,0.001930,-0.000492,0.002422,-2.231585,-2.218388,-0.013197,-0.006225,-0.015009,0.008784,1.381149,1.358999,0.022150,0.746166,0.717410,0.028756,-0.003340,-0.001251,-0.002089,-0.111697,-0.195939,0.084242,0.002690,-0.001472,0.004162,-0.101413,-0.184052,0.082639,0.009723,-0.000338,0.010061,0.159807,0.157947,0.001861,0.031833,0.003237,0.028597,0.002755,0.092124,-0.002219,0.083642,-0.008019,-0.131804,-0.026255,-0.164683,-2.021258,0.136867,-0.342546,0.259667,0.379470,0.214674
0.854995,-0.004474,-0.001456,-0.003019,-0.654320,-0.605980,-0.048339,0.001930,-0.000492,0.002422,-2.231585,-2.218388,-0.013197,-0.006225,-0.015009,0.008784,1.381149,1.358999,0.022150,0.746166,0.717410,0.028756,-0.003340,-0.001251,-0.002089,-0.111697,-0.195939,0.084242,0.002690,-0.001472,0.004162,-0.101413,-0.184052,0.082639,0.009723,-0.000338,0.010061,0.159807,0.157947,0.001861,0.031833,0.003237,0.028597,0.002755,0.092124,-0.002219,0.083642,-0.008019,-0.131804,-0.026255,-0.165678,-2.034255,0.137728,-0.344604,0.261256,0.381792,0.215991
0.859904,-0.004508,-0.001456,-0.003052,-0.655447,-0.605980,-0.049467,0.001957,-0.000492,0.002449,-2.232608,-2.218388,-0.014220,-0.006127,-0.015009,0.008882,1.382761,1.358999,0.023762,0.746487,0.717410,0.029077,-0.003313,-0.001251,-0.002062,-0.110796,-0.195939,0.085143,0.002668,-0.001472,0.004140,-0.100595,-0.184052,0.083457,0.009644,-0.000338,0.009982,0.158518,0.157947,0.000572,0.031577,0.003237,0.028340,0.002564,0.085744,-0.002065,0.077849,-0.007464,-0.122676,-0.024437,-0.168084,-2.107801,0.140097,-0.395492,0.265266,0.409899,0.219278
0.865116,-0.004508,-0.001456,-0.003052,-0.655447,-0.605980,-0.049467,0.001957,-0.000492,0.002449,-2.232608,-2.218388,-0.014220,-0.006127,-0.015009,0.008882,1.382761,1.358999,0.023762,0.746487,0.717410,0.029077,-0.003313,-0.001251,-0.002062,-0.110796,-0.195939,0.085143,0.002668,-0.001472,0.004140,-0.100595,-0.184052,0.083457,0.009644,-0.000338,0.009982,0.158518,0.157947,0.000572,0.031577,0.003237,0.028340,0.002564,0.085744,-0.002065,0.077849,-0.007464,-0.122676,-0.024437,-0.169090,-2.121140,0.140967,-0.397852,0.266872,0.412380,0.220609
0.869976,-0.004541,-0.001458,-0.003083,-0.656549,-0.613177,-0.043373,0.001984,-0.000488,0.002472,-2.233609,-2.224135,-0.009474,-0.006031,-0.015009,0.008979,1.384339,1.363047,0.021291,0.746802,0.717402,0.029400,-0.003288,0.000325,-0.003613,-0.109971,-0.219875,0.109904,0.002649,0.000051,0.002597,-0.099846,-0.154404,0.054559,0.009573,0.001456,0.008117,0.157338,0.093643,0.063695,0.031341,-0.002655,0.033997,0.002376,0.079453,-0.001914,0.072138,-0.006916,-0.113676,-0.022644,-0.177967,-1.719206,0.136763,-0.272255,0.267161,0.459550,0.228053
0.875031,-0.004541,-0.001458,-0.003083,-0.656549,-0.613177,-0.043373,0.001984,-0.000488,0.002472,-2.233609,-2.224135,-0.009474,-0.006031,-0.015009,0.008979,1.384339,1.363047,0.021291,0.746802,0.717402,0.029400,-0.003288,0.000325,-0.003613,-0.109971,-0.219875,0.109904,0.002649,0.000051,0.002597,-0.099846,-0.154404,0.054559,0.009573,0.001456,0.008117,0.157338,0.093643,0.063695,0.031341,-0.002655,0.033997,0.002376,0.079453,-0.001914,0.072138,-0.006916,-0.113676,-0.022644,-0.178991,-1.729701,0.137576,-0.273806,0.268713,0.462219,0.229380
0.879818,-0.004573,-0.001458,-0.003116,-0.657631,-0.613177,-0.044454,0.002010,-0.000488,0.002498,-2.234591,-2.224135,-0.010456,-0.005936,-0.015009,0.009073,1.385886,1.363047,0.022839,0.747110,0.717402,0.029708,-0.003266,0.000325,-0.003591,-0.109218,-0.219875,0.110658,0.002630,0.000051,0.002579,-0.099162,-0.154404,0.055243,0.009507,0.001456,0.008051,0.156260,0.093643,0.062617,0.031127,-0.002655,0.033782,0.002190,0.073239,-0.001764,0.066496,-0.006375,-0.104785,-0.020873,-0.181413,-1.800181,0.139883,-0.323775,0.272663,0.490402,0.232663
0.885396,-0.004573,-0.001458,-0.003116,-0.657631,-0.613177,-0.044454,0.002010,-0.000488,0.002498,-2.234591,-2.224135,-0.010456,-0.005936,-0.015009,0.009073,1.385886,1.363047,0.022839,0.747110,0.717402,0.029708,-0.003266,0.000325,-0.003591,-0.109218,-0.219875,0.110658,0.002630,0.000051,0.002579,-0.099162,-0.154404,0.055243,0.009507,0.001456,0.008051,0.156260,0.093643,0.062617,0.031127,-0.002655,0.033782,0.002190,0.073239,-0.001764,0.066496,-0.006375,-0.104785,-0.020873,-0.182560,-1.812175,0.140794,-0.325808,0.274402,0.493529,0.234149
0.889855,-0.004606,-0.001458,-0.003148,-0.658720,-0.613177,-0.045543,0.002036,-0.000488,0.002524,-2.235580,-2.224135,-0.011445,-0.005842,-0.015009,0.009168,1.387444,1.363047,0.024397,0.747420,0.717402,0.030018,-0.003245,0.000325,-0.003570,-0.108516,-0.219875,0.111359,0.002613,0.000051,0.002562,-0.098525,-0.154404,0.055880,0.009446,0.001456,0.007990,0.155257,0.093643,0.061614,0.030927,-0.002655,0.033582,0.002002,0.066939,-0.001612,0.060775,-0.005827,-0.095771,-0.019077,-0.184954,-1.883539,0.143084,-0.377041,0.278314,0.522251,0.237399
0.896824,-0.004606,-0.001458,-0.003148,-0.658720,-0.613177,-0.045543,0.002036,-0.000488,0.002524,-2.235580,-2.224135,-0.011445,-0.005842,-0.015009,0.009168,1.387444,1.363047,0.024397,0.747420,0.717402,0.030018,-0.003245,0.000325,-0.003570,-0.108516,-0.219875,0.111359,0.002613,0.000051,0.002562,-0.098525,-0.154404,0.055880,0.009446,0.001456,0.007990,0.155257,0.093643,0.061614,0.030927,-0.002655,0.033582,0.002002,0.066939,-0.001612,0.060775,-0.005827,-0.095771,-0.019077,-0.186379,-1.898741,0.144216,-0.379936,0.280475,0.526307,0.239246
0.900318,-0.004639,-0.001458,-0.003181,-0.659817,-0.613177,-0.046640,0.002063,-0.000488,0.002551,-2.236576,-2.224135,-0.012441,-0.005746,-0.015009,0.009263,1.389014,1.363047,0.025966,0.747733,0.717402,0.030331,-0.003225,0.000325,-0.003550,-0.107870,-0.219875,0.112005,0.002598,0.000051,0.002546,-0.097938,-0.154404,0.056466,0.009390,0.001456,0.007934,0.154332,0.093643,0.060689,0.030743,-0.002655,0.033398,0.001811,0.060554,-0.001458,0.054978,-0.005271,-0.086636,-0.017258,-0.188653,-1.969997,0.146415,-0.432259,0.284207,0.555307,0.242342
0.905156,-0.004639,-0.001456,-0.003182,-0.659817,-0.620349,-0.039468,0.002063,-0.000488,0.002550,-2.236576,-2.229120,-0.007456,-0.005746,-0.015012,0.009266,1.389014,1.365735,0.023278,0.747733,0.717413,0.030320,-0.003225,0.001025,-0.004251,-0.107870,-0.204618,0.096748,0.002598,0.001626,0.000972,-0.097938,-0.144378,0.046440,0.009390,-0.001032,0.010422,0.154332,0.071964,0.082368,0.030743,0.000007,0.030736,0.001811,0.060554,-0.001458,0.054978,-0.005271,-0.086636,-0.017258,-0.192757,-1.657952,0.140337,-0.207167,0.291232,0.541044,0.241647
0.909912,-0.004670,-0.001456,-0.003214,-0.660881,-0.620349,-0.040533,0.002088,-0.000488,0.002576,-2.237542,-2.229120,-0.008422,-0.005653,-0.015012,0.009359,1.390537,1.365735,0.024801,0.748036,0.717413,0.030624,-0.003208,0.001025,-0.004234,-0.107302,-0.204618,0.097316,0.002584,0.001626,0.000959,-0.097422,-0.144378,0.046956,0.009340,-0.001032,0.010373,0.153519,0.071964,0.081555,0.030581,0.000007,0.030574,0.001624,0.054322,-0.001308,0.049321,-0.004729,-0.077720,-0.015482,-0.195277,-1.729372,0.142674,-0.258340,0.295333,0.570390,0.245028
0.914769,-0.004670,-0.001456,-0.003214,-0.660881,-0.620349,-0.040533,0.002088,-0.000488,0.002576,-2.237542,-2.229120,-0.008422,-0.005653,-0.015012,0.009359,1.390537,1.365735,0.024801,0.748036,0.717413,0.030624,-0.003208,0.001025,-0.004234,-0.107302,-0.204618,0.097316,0.002584,0.001626,0.000959,-0.097422,-0.144378,0.046956,0.009340,-0.001032,0.010373,0.153519,0.071964,0.081555,0.030581,0.000007,0.030574,0.001624,0.054322,-0.001308,0.049321,-0.004729,-0.077720,-0.015482,-0.196299,-1.738787,0.143436,-0.259681,0.296888,0.573392,0.246319
0.920052,-0.004703,-0.001456,-0.003246,-0.661957,-0.620349,-0.041608,0.002114,-0.000488,0.002602,-2.238519,-2.229120,-0.009399,-0.005560,-0.015012,0.009452,1.392076,1.365735,0.026340,0.748343,0.717413,0.030930,-0.003193,0.001025,-0.004218,-0.106787,-0.204618,0.097831,0.002572,0.001626,0.000946,-0.096955,-0.144378,0.047423,0.009296,-0.001032,0.010328,0.152783,0.071964,0.080820,0.030434,0.000007,0.030428,0.001435,0.047993,-0.001156,0.043574,-0.004178,-0.068664,-0.013678,-0.198997,-1.813263,0.145915,-0.312628,0.301264,0.603960,0.249930
0.924934,-0.004703,-0.001456,-0.003246,-0.661957,-0.620349,-0.041608,0.002114,-0.000488,0.002602,-2.238519,-2.229120,-0.009399,-0.005560,-0.015012,0.009452,1.392076,1.365735,0.026340,0.748343,0.717413,0.030930,-0.003193,0.001025,-0.004218,-0.106787,-0.204618,0.097831,0.002572,0.001626,0.000946,-0.096955,-0.144378,0.047423,0.009296,-0.001032,0.010328,0.152783,0.071964,0.080820,0.030434,0.000007,0.030428,0.001435,0.047993,-0.001156,0.043574,-0.004178,-0.068664,-0.013678,-0.200037,-1.823070,0.146692,-0.314255,0.302847,0.607134,0.251245
0.930070,-0.004735,-0.001456,-0.003279,-0.663042,-0.620349,-0.042693,0.002140,-0.000488,0.002628,-2.239504,-2.229120,-0.010384,-0.005465,-0.015012,0.009547,1.393627,1.365735,0.027892,0.748652,0.717413,0.031239,-0.003179,0.001025,-0.004205,-0.106332,-0.204618,0.098286,0.002561,0.001626,0.000935,-0.096541,-0.144378,0.047837,0.009256,-0.001032,0.010288,0.152131,0.071964,0.080167,0.030304,0.000007,0.030298,0.001243,0.041583,-0.001001,0.037755,-0.003620,-0.059494,-0.011851,-0.202744,-1.898947,0.149184,-0.368671,0.307241,0.638386,0.254873
0.935603,-0.004735,-0.001459,-0.003276,-0.663042,-0.627537,-0.035505,0.002140,-0.000485,0.002625,-2.239504,-2.233201,-0.006302,-0.005465,-0.015011,0.009545,1.393627,1.367578,0.026050,0.748652,0.717417,0.031235,-0.003179,-0.001290,-0.001889,-0.106332,-0.218039,0.111708,0.002561,-0.001241,0.003802,-0.096541,-0.111579,0.015037,0.009256,-0.000667,0.009923,0.152131,0.053410,0.098721,0.030304,0.001097,0.029208,0.001243,0.041583,-0.001001,0.037755,-0.003620,-0.059494,-0.011851,-0.193368,-1.446831,0.162814,-0.288930,0.308220,0.635490,0.255543
0.940145,-0.004766,-0.001459,-0.003307,-0.664075,-0.627537,-0.036538,0.002165,-0.000485,0.002650,-2.240442,-2.233201,-0.007241,-0.005375,-0.015011,0.009635,1.395106,1.367578,0.027528,0.748946,0.717417,0.031529,-0.003168,-0.001290,-0.001878,-0.105957,-0.218039,0.112083,0.002552,-0.001241,0.003793,-0.096201,-0.111579,0.015378,0.009223,-0.000667,0.009891,0.151595,0.053410,0.098184,0.030197,0.001097,0.029101,0.001060,0.035452,-0.000854,0.032188,-0.003086,-0.050722,-0.010104,-0.195849,-1.517277,0.165219,-0.341322,0.312330,0.665539,0.258938
0.944869,-0.004766,-0.001459,-0.003307,-0.664075,-0.627537,-0.036538,0.002165,-0.000485,0.002650,-2.240442,-2.233201,-0.007241,-0.005375,-0.015011,0.009635,1.395106,1.367578,0.027528,0.748946,0.717417,0.031529,-0.003168,-0.001290,-0.001878,-0.105957,-0.218039,0.112083,0.002552,-0.001241,0.003793,-0.096201,-0.111579,0.015378,0.009223,-0.000667,0.009891,0.151595,0.053410,0.098184,0.030197,0.001097,0.029101,0.001060,0.035452,-0.000854,0.032188,-0.003086,-0.050722,-0.010104,-0.196835,-1.525140,0.166062,-0.343036,0.313909,0.668903,0.260248
0.949989,-0.004798,-0.001459,-0.003338,-0.665133,-0.627537,-0.037597,0.002191,-0.000485,0.002676,-2.241403,-2.233201,-0.008201,-0.005283,-0.015011,0.009728,1.396620,1.367578,0.029042,0.749248,0.717417,0.031831,-0.003159,-0.001290,-0.001869,-0.105634,-0.218039,0.112406,0.002544,-0.001241,0.003785,-0.095907,-0.111579,0.015671,0.009195,-0.000667,0.009862,0.151132,0.053410,0.097722,0.030105,0.001097,0.029009,0.000872,0.029152,-0.000702,0.026468,-0.002538,-0.041708,-0.008308,-0.199507,-1.599242,0.168636,-0.397919,0.318325,0.700562,0.263899
0.954832,-0.004798,-0.001459,-0.003338,-0.665133,-0.627537,-0.037597,0.002191,-0.000485,0.002676,-2.241403,-2.233201,-0.008201,-0.005283,-0.015011,0.009728,1.396620,1.367578,0.029042,0.749248,0.717417,0.031831,-0.003159,-0.001290,-0.001869,-0.105634,-0.218039,0.112406,0.002544,-0.001241,0.003785,-0.095907,-0.111579,0.015671,0.009195,-0.000667,0.009862,0.151132,0.053410,0.097722,0.030105,0.001097,0.029009,0.000872,0.029152,-0.000702,0.026468,-0.002538,-0.041708,-0.008308,-0.200521,-1.607564,0.169502,-0.399940,0.319949,0.704136,0.265246
0.960098,-0.004829,-0.001459,-0.003370,-0.666188,-0.627537,-0.038652,0.002216,-0.000485,0.002701,-2.242361,-2.233201,-0.009159,-0.005192,-0.015011,0.009819,1.398129,1.367578,0.030552,0.749549,0.717417,0.032132,-0.003151,-0.001290,-0.001861,-0.105374,-0.218039,0.112666,0.002538,-0.001241,0.003779,-0.095671,-0.111579,0.015907,0.009172,-0.000667,0.009840,0.150760,0.053410,0.097350,0.030031,0.001097,0.028934,0.000683,0.022855,-0.000550,0.020751,-0.001989,-0.032700,-0.006514,-0.203248,-1.682887,0.172121,-0.455805,0.324451,0.736370,0.268972
0.965034,-0.004829,-0.001459,-0.003370,-0.666188,-0.627537,-0.038652,0.002216,-0.000485,0.002701,-2.242361,-2.233201,-0.009159,-0.005192,-0.015011,0.009819,1.398129,1.367578,0.030552,0.749549,0.717417,0.032132,-0.003151,-0.001290,-0.001861,-0.105374,-0.218039,0.112666,0.002538,-0.001241,0.003779,-0.095671,-0.111579,0.015907,0.009172,-0.000667,0.009840,0.150760,0.053410,0.097350,0.030031,0.001097,0.028934,0.000683,0.022855,-0.000550,0.020751,-0.001989,-0.032700,-0.006514,-0.204279,-1.691568,0.173001,-0.458115,0.326100,0.740113,0.270339
0.970850,-0.004861,-0.001455,-0.003406,-0.667251,-0.634596,-0.032656,0.002242,-0.000487,0.002728,-2.243326,-2.236499,-0.006827,-0.005099,-0.015014,0.009915,1.399650,1.369731,0.029919,0.749852,0.717407,0.032445,-0.003145,0.000894,-0.004039,-0.105175,-0.208068,0.102893,0.002533,-0.001139,0.003672,-0.095491,-0.086236,-0.009255,0.009155,-0.001485,0.010640,0.150476,0.074864,0.075612,0.029975,-0.003607,0.033582,0.000493,0.016494,-0.000397,0.014976,-0.001436,-0.023599,-0.004701,-0.217608,-1.405155,0.175407,-0.441891,0.332896,0.698538,0.278049
0.975170,-0.004861,-0.001455,-0.003406,-0.667251,-0.634596,-0.032656,0.002242,-0.000487,0.002728,-2.243326,-2.236499,-0.006827,-0.005099,-0.015014,0.009915,1.399650,1.369731,0.029919,0.749852,0.717407,0.032445,-0.003145,0.000894,-0.004039,-0.105175,-0.208068,0.102893,0.002533,-0.001139,0.003672,-0.095491,-0.086236,-0.009255,0.009155,-0.001485,0.010640,0.150476,0.074864,0.075612,0.029975,-0.003607,0.033582,0.000493,0.016494,-0.000397,0.014976,-0.001436,-0.023599,-0.004701,-0.218484,-1.410891,0.176117,-0.443668,0.334238,0.701354,0.279170
0.980022,-0.004892,-0.001455,-0.003437,-0.668292,-0.634596,-0.033697,0.002267,-0.000487,0.002753,-2.244271,-2.236499,-0.007773,-0.005008,-0.015014,0.010005,1.401140,1.369731,0.031408,0.750148,0.717407,0.032741,-0.003141,0.000894,-0.004035,-0.105042,-0.208068,0.103026,0.002530,-0.001139,0.003669,-0.095371,-0.086236,-0.009135,0.009144,-0.001485,0.010629,0.150286,0.074864,0.075422,0.029937,-0.003607,0.033544,0.000307,0.010257,-0.000247,0.009312,-0.000893,-0.014674,-0.002923,-0.221326,-1.485900,0.178779,-0.500692,0.338838,0.734007,0.282993
0.985017,-0.004892,-0.001455,-0.003437,-0.668292,-0.634596,-0.033697,0.002267,-0.000487,0.002753,-2.244271,-2.236499,-0.007773,-0.005008,-0.015014,0.010005,1.401140,1.369731,0.031408,0.750148,0.717407,0.032741,-0.003141,0.000894,-0.004035,-0.105042,-0.208068,0.103026,0.002530,-0.001139,0.003669,-0.095371,-0.086236,-0.009135,0.009144,-0.001485,0.010629,0.150286,0.074864,0.075422,0.029937,-0.003607,0.033544,0.000307,0.010257,-0.000247,0.009312,-0.000893,-0.014674,-0.002923,-0.222452,-1.493524,0.179691,-0.503239,0.340563,0.737746,0.284435
0.990104,-0.004923,-0.001455,-0.003468,-0.669342,-0.634596,-0.034747,0.002292,-0.000487,0.002779,-2.245224,-2.236499,-0.008726,-0.004917,-0.015014,0.010097,1.402642,1.369731,0.032910,0.750448,0.717407,0.033041,-0.003139,0.000894,-0.004033,-0.104971,-0.208068,0.103097,0.002528,-0.001139,0.003668,-0.095306,-0.086236,-0.009070,0.009137,-0.001485,0.010622,0.150185,0.074864,0.075321,0.029917,-0.003607,0.033524,0.000118,0.003960,-0.000095,0.003596,-0.000345,-0.005666,-0.001129,-0.225310,-1.570111,0.182368,-0.561775,0.345188,0.771118,0.288281
0.995182,-0.004923,-0.001455,-0.003468,-0.669342,-0.634596,-0.034747,0.002292,-0.000487,0.002779,-2.245224,-2.236499,-0.008726,-0.004917,-0.015014,0.010097,1.402642,1.369731,0.032910,0.750448,0.717407,0.033041,-0.003139,0.000894,-0.004033,-0.104971,-0.208068,0.103097,0.002528,-0.001139,0.003668,-0.095306,-0.086236,-0.009070,0.009137,-0.001485,0.010622,0.150185,0.074864,0.075321,0.029917,-0.003607,0.033524,0.000118,0.003960,-0.000095,0.003596,-0.000345,-0.005666,-0.001129,-0.226456,-1.578125,0.183297,-0.564634,0.346945,0.775043,0.289749
1.000032,-0.004955,-0.001455,-0.003500,-0.670396,-0.634596,-0.035800,0.002317,-0.000487,0.002804,-2.246180,-2.236499,-0.009682,-0.004825,-0.015014,0.010188,1.404149,1.369731,0.034417,0.750748,0.717407,0.033341,-0.003139,0.000894,-0.004032,-0.104963,-0.208068,0.103105,0.002528,-0.001139,0.003667,-0.095299,-0.086236,-0.009063,0.009137,-0.001485,0.010622,0.150173,0.074864,0.075309,0.029914,-0.003607,0.033521,-0.000071,-0.002359,0.000057,-0.002142,0.000205,0.003375,0.000672,-0.229307,-1.655840,0.185970,-0.624360,0.351560,0.808938,0.293590
1.005065,-0.004955,-0.001461,-0.003494,-0.670396,-0.641822,-0.028573,0.002317,-0.000480,0.002797,-2.246180,-2.238856,-0.007324,-0.004825,-0.015009,0.010184,1.404149,1.372687,0.031462,0.750748,0.717421,0.033327,-0.003139,-0.000918,-0.002220,-0.104963,-0.211031,0.106068,0.002528,0.001380,0.001148,-0.095299,-0.062872,-0.032427,0.009137,-0.000807,0.009943,0.150173,0.101489,0.048684,0.029914,-0.000077,0.029991,-0.000071,-0.002359,0.000057,-0.002142,0.000205,0.003375,0.000672,-0.221405,-1.214030,0.174344,-0.598020,0.351538,0.710774,0.292117
1.009931,-0.004986,-0.001461,-0.003526,-0.671440,-0.641822,-0.029617,0.002342,-0.000480,0.002823,-2.247128,-2.238856,-0.008272,-0.004734,-0.015009,0.010275,1.405643,1.372687,0.032956,0.751045,0.717421,0.033625,-0.003140,-0.000918,-0.002222,-0.105018,-0.211031,0.106013,0.002529,0.001380,0.001149,-0.095348,-0.062872,-0.032476,0.009142,-0.000807,0.009948,0.150251,0.101489,0.048762,0.029930,-0.000077,0.030006,-0.000258,-0.008622,0.000208,-0.007828,0.000751,0.012335,0.002457,-0.224233,-1.290163,0.176969,-0.658230,0.356172,0.744492,0.295969
1.014994,-0.004986,-0.001461,-0.003526,-0.671440,-0.641822,-0.029617,0.002342,-0.000480,0.002823,-2.247128,-2.238856,-0.008272,-0.004734,-0.015009,0.010275,1.405643,1.372687,0.032956,0.751045,0.717421,0.033625,-0.003140,-0.000918,-0.002222,-0.105018,-0.211031,0.106013,0.002529,0.001380,0.001149,-0.095348,-0.062872,-0.032476,0.009142,-0.000807,0.009948,0.150251,0.101489,0.048762,0.029930,-0.000077,0.030006,-0.000258,-0.008622,0.000208,-0.007828,0.000751,0.012335,0.002457,-0.225359,-1.296591,0.177855,-0.661536,0.357960,0.748229,0.297455
1.020150,-0.005018,-0.001461,-0.003557,-0.672492,-0.641822,-0.030670,0.002368,-0.000480,0.002848,-2.248084,-2.238856,-0.009228,-0.004643,-0.015009,0.010366,1.407148,1.372687,0.034462,0.751345,0.717421,0.033925,-0.003144,-0.000918,-0.002226,-0.105136,-0.211031,0.105895,0.002532,0.001380,0.001152,-0.095456,-0.062872,-0.032583,0.009152,-0.000807,0.009958,0.150420,0.101489,0.048931,0.029963,-0.000077,0.030040,-0.000446,-0.014930,0.000360,-0.013556,0.001300,0.021361,0.004255,-0.228300,-1.374899,0.180574,-0.723537,0.362772,0.782997,0.301459
1.025089,-0.005018,-0.001461,-0.003557,-0.672492,-0.641822,-0.030670,0.002368,-0.000480,0.002848,-2.248084,-2.238856,-0.009228,-0.004643,-0.015009,0.010366,1.407148,1.372687,0.034462,0.751345,0.717421,0.033925,-0.003144,-0.000918,-0.002226,-0.105136,-0.211031,0.105895,0.002532,0.001380,0.001152,-0.095456,-0.062872,-0.032583,0.009152,-0.000807,0.009958,0.150420,0.101489,0.048931,0.029963,-0.000077,0.030040,-0.000446,-0.014930,0.000360,-0.013556,0.001300,0.021361,0.004255,-0.229407,-1.381478,0.181445,-0.727044,0.364529,0.786788,0.302918
1.030789,-0.005049,-0.001461,-0.003589,-0.673548,-0.641822,-0.031726,0.002393,-0.000480,0.002873,-2.249043,-2.238856,-0.010187,-0.004551,-0.015009,0.010458,1.408660,1.372687,0.035973,0.751646,0.717421,0.034226,-0.003149,-0.000918,-0.002231,-0.105317,-0.211031,0.105714,0.002536,0.001380,0.001156,-0.095620,-0.062872,-0.032748,0.009168,-0.000807,0.009974,0.150680,0.101489,0.049191,0.030015,-0.000077,0.030092,-0.000635,-0.021252,0.000512,-0.019296,0.001850,0.030406,0.006057,-0.232505,-1.462008,0.184288,-0.790801,0.369588,0.822675,0.307130
1.035051,-0.005049,-0.001464,-0.003585,-0.673548,-0.648514,-0.025034,0.002393,-0.000481,0.002874,-2.249043,-2.240775,-0.008268,-0.004551,-0.015001,0.010451,1.408660,1.376655,0.032005,0.751646,0.717429,0.034217,-0.003149,-0.002671,-0.000478,-0.105317,-0.207076,0.101758,0.002536,0.000389,0.002147,-0.095620,-0.052495,-0.043125,0.009168,0.001061,0.008107,0.150680,0.135086,0.015594,0.030015,0.001648,0.028367,-0.000635,-0.021252,0.000512,-0.019296,0.001850,0.030406,0.006057,-0.224571,-1.072000,0.190027,-0.726518,0.366238,0.688311,0.306913
1.039911,-0.005081,-0.001464,-0.003617,-0.674599,-0.648514,-0.026085,0.002419,-0.000481,0.002899,-2.249997,-2.240775,-0.009222,-0.004459,-0.015001,0.010542,1.410163,1.376655,0.033508,0.751946,0.717429,0.034517,-0.003156,-0.002671,-0.000485,-0.105560,-0.207076,0.101515,0.002542,0.000389,0.002153,-0.095841,-0.052495,-0.043346,0.009189,0.001061,0.008128,0.151028,0.135086,0.015942,0.030084,0.001648,0.028437,-0.000823,-0.027528,0.000663,-0.024994,0.002396,0.039385,0.007845,-0.227479,-1.150434,0.192775,-0.790189,0.371035,0.723360,0.310923
1.044915,-0.005081,-0.001464,-0.003617,-0.674599,-0.648514,-0.026085,0.002419,-0.000481,0.002899,-2.249997,-2.240775,-0.009222,-0.004459,-0.015001,0.010542,1.410163,1.376655,0.033508,0.751946,0.717429,0.034517,-0.003156,-0.002671,-0.000485,-0.105560,-0.207076,0.101515,0.002542,0.000389,0.002153,-0.095841,-0.052495,-0.043346,0.009189,0.001061,0.008128,0.151028,0.135086,0.015942,0.030084,0.001648,0.028437,-0.000823,-0.027528,0.000663,-0.024994,0.002396,0.039385,0.007845,-0.228582,-1.155852,0.193702,-0.794016,0.372829,0.726857,0.312425
1.049861,-0.005112,-0.001464,-0.003649,-0.675657,-0.648514,-0.027143,0.002444,-0.000481,0.002925,-2.250958,-2.240775,-0.010183,-0.004367,-0.015001,0.010634,1.411677,1.376655,0.035022,0.752247,0.717429,0.034818,-0.003166,-0.002671,-0.000495,-0.105868,-0.207076,0.101208,0.002550,0.000389,0.002160,-0.096120,-0.052495,-0.043625,0.009215,0.001061,0.008155,0.151467,0.135086,0.016381,0.030172,0.001648,0.028524,-0.001012,-0.033832,0.000815,-0.030717,0.002945,0.048405,0.009642,-0.231561,-1.236153,0.196509,-0.859335,0.377736,0.762798,0.316530
1.054886,-0.005112,-0.001464,-0.003649,-0.675657,-0.648514,-0.027143,0.002444,-0.000481,0.002925,-2.250958,-2.240775,-0.010183,-0.004367,-0.015001,0.010634,1.411677,1.376655,0.035022,0.752247,0.717429,0.034818,-0.003166,-0.002671,-0.000495,-0.105868,-0.207076,0.101208,0.002550,0.000389,0.002160,-0.096120,-0.052495,-0.043625,0.009215,0.001061,0.008155,0.151467,0.135086,0.016381,0.030172,0.001648,0.028524,-0.001012,-0.033832,0.000815,-0.030717,0.002945,0.048405,0.009642,-0.232675,-1.241906,0.197445,-0.863465,0.379547,0.766456,0.318047
1.060027,-0.005144,-0.001464,-0.003680,-0.676716,-0.648514,-0.028202,0.002470,-0.000481,0.002950,-2.251919,-2.240775,-0.011144,-0.004275,-0.015001,0.010726,1.413192,1.376655,0.036537,0.752549,0.717429,0.035120,-0.003177,-0.002671,-0.000506,-0.106237,-0.207076,0.100839,0.002559,0.000389,0.002169,-0.096455,-0.052495,-0.043960,0.009248,0.001061,0.008187,0.151995,0.135086,0.016909,0.030277,0.001648,0.028629,-0.001200,-0.040121,0.000966,-0.036427,0.003492,0.057402,0.011434,-0.235737,-1.323760,0.200319,-0.930168,0.384585,0.803181,0.322264
1.065086,-0.005144,-0.001464,-0.003680,-0.676716,-0.648514,-0.028202,0.002470,-0.000481,0.002950,-2.251919,-2.240775,-0.011144,-0.004275,-0.015001,0.010726,1.413192,1.376655,0.036537,0.752549,0.717429,0.035120,-0.003177,-0.002671,-0.000506,-0.106237,-0.207076,0.100839,0.002559,0.000389,0.002169,-0.096455,-0.052495,-0.043960,0.009248,0.001061,0.008187,0.151995,0.135086,0.016909,0.030277,0.001648,0.028629,-0.001200,-0.040121,0.000966,-0.036427,0.003492,0.057402,0.011434,-0.236859,-1.329834,0.201262,-0.934590,0.386410,0.806990,0.323791
1.069916,-0.005176,-0.001456,-0.003720,-0.677785,-0.655846,-0.021939,0.002495,-0.000474,0.002969,-2.252889,-2.242485,-0.010404,-0.004182,-0.015004,0.010822,1.414721,1.382440,0.032281,0.752854,0.717420,0.035434,-0.003190,0.002357,-0.005547,-0.106671,-0.211047,0.104376,0.002569,0.000720,0.001849,-0.096850,-0.048140,-0.048710,0.009285,0.001741,0.007544,0.152617,0.193400,-0.040783,0.030401,-0.001580,0.031981,-0.001389,-0.046442,0.001118,-0.042166,0.004043,0.066445,0.013236,-0.266238,-0.922209,0.201985,-0.915363,0.389766,0.620787,0.330843
1.075401,-0.005176,-0.001456,-0.003720,-0.677785,-0.655846,-0.021939,0.002495,-0.000474,0.002969,-2.252889,-2.242485,-0.010404,-0.004182,-0.015004,0.010822,1.414721,1.382440,0.032281,0.752854,0.717420,0.035434,-0.003190,0.002357,-0.005547,-0.106671,-0.211047,0.104376,0.002569,0.000720,0.001849,-0.096850,-0.048140,-0.048710,0.009285,0.001741,0.007544,0.152617,0.193400,-0.040783,0.030401,-0.001580,0.031981,-0.001389,-0.046442,0.001118,-0.042166,0.004043,0.066445,0.013236,-0.267602,-0.926663,0.203007,-0.920050,0.391757,0.623957,0.332531
1.080016,-0.005208,-0.001456,-0.003752,-0.678855,-0.655846,-0.023009,0.002521,-0.000474,0.002995,-2.253861,-2.242485,-0.011376,-0.004089,-0.015004,0.010915,1.416252,1.382440,0.033812,0.753159,0.717420,0.035739,-0.003204,0.002357,-0.005562,-0.107168,-0.211047,0.103879,0.002581,0.000720,0.001861,-0.097300,-0.048140,-0.049160,0.009329,0.001741,0.007587,0.153327,0.193400,-0.040073,0.030542,-0.001580,0.032123,-0.001577,-0.052745,0.001270,-0.047888,0.004591,0.075463,0.015032,-0.270768,-1.009128,0.205861,-0.988957,0.396759,0.660923,0.336743
1.085391,-0.005208,-0.001456,-0.003752,-0.678855,-0.655846,-0.023009,0.002521,-0.000474,0.002995,-2.253861,-2.242485,-0.011376,-0.004089,-0.015004,0.010915,1.416252,1.382440,0.033812,0.753159,0.717420,0.035739,-0.003204,0.002357,-0.005562,-0.107168,-0.211047,0.103879,0.002581,0.000720,0.001861,-0.097300,-0.048140,-0.049160,0.009329,0.001741,0.007587,0.153327,0.193400,-0.040073,0.030542,-0.001580,0.032123,-0.001577,-0.052745,0.001270,-0.047888,0.004591,0.075463,0.015032,-0.272117,-1.013854,0.206871,-0.993879,0.398728,0.664203,0.338412
1.089961,-0.005240,-0.001456,-0.003784,-0.679924,-0.655846,-0.024078,0.002547,-0.000474,0.003021,-2.254832,-2.242485,-0.012346,-0.003996,-0.015004,0.011008,1.417782,1.382440,0.035342,0.753463,0.717420,0.036043,-0.003221,0.002357,-0.005579,-0.107724,-0.211047,0.103323,0.002594,0.000720,0.001875,-0.097805,-0.048140,-0.049665,0.009377,0.001741,0.007636,0.154123,0.193400,-0.039277,0.030701,-0.001580,0.032281,-0.001765,-0.059013,0.001421,-0.053579,0.005137,0.084431,0.016819,-0.275307,-1.097474,0.209744,-1.063864,0.403769,0.701727,0.342658
1.095168,-0.005240,-0.001456,-0.003784,-0.679924,-0.655846,-0.024078,0.002547,-0.000474,0.003021,-2.254832,-2.242485,-0.012346,-0.003996,-0.015004,0.011008,1.417782,1.382440,0.035342,0.753463,0.717420,0.036043,-0.003221,0.002357,-0.005579,-0.107724,-0.211047,0.103323,0.002594,0.000720,0.001875,-0.097805,-0.048140,-0.049665,0.009377,0.001741,0.007636,0.154123,0.193400,-0.039277,0.030701,-0.001580,0.032281,-0.001765,-0.059013,0.001421,-0.053579,0.005137,0.084431,0.016819,-0.276619,-1.102375,0.210727,-1.068923,0.405683,0.705054,0.344281
1.099898,-0.005272,-0.001456,-0.003816,-0.681006,-0.655846,-0.025160,0.002573,-0.000474,0.003047,-2.255814,-2.242485,-0.013329,-0.003902,-0.015004,0.011102,1.419330,1.382440,0.036890,0.753772,0.717420,0.036352,-0.003240,0.002357,-0.005597,-0.108346,-0.211047,0.102700,0.002609,0.000720,0.001890,-0.098371,-0.048140,-0.050231,0.009431,0.001741,0.007690,0.155014,0.193400,-0.038386,0.030878,-0.001580,0.032459,-0.001953,-0.065321,0.001573,-0.059307,0.005686,0.093456,0.018616,-0.279898,-1.188290,0.213672,-1.140963,0.410860,0.743672,0.348645
1.104924,-0.005272,-0.001463,-0.003809,-0.681006,-0.662665,-0.018342,0.002573,-0.000478,0.003050,-2.255814,-2.244294,-0.011520,-0.003902,-0.015003,0.011101,1.419330,1.390684,0.028646,0.753772,0.717447,0.036325,-0.003240,0.000389,-0.003629,-0.108346,-0.210572,0.102226,0.002609,0.000313,0.002296,-0.098371,-0.054244,-0.044127,0.009431,-0.000476,0.009908,0.155014,0.275381,-0.120367,0.030878,0.002979,0.027899,-0.001953,-0.065321,0.001573,-0.059307,0.005686,0.093456,0.018616,-0.270306,-0.743924,0.217067,-0.993960,0.418613,0.419993,0.345987
1.110057,-0.005305,-0.001463,-0.003842,-0.682099,-0.662665,-0.019434,0.002599,-0.000478,0.003077,-2.256806,-2.244294,-0.012512,-0.003807,-0.015003,0.011196,1.420893,1.390684,0.030209,0.754083,0.717447,0.036636,-0.003260,0.000389,-0.003650,-0.109035,-0.210572,0.101537,0.002626,0.000313,0.002313,-0.098996,-0.054244,-0.044752,0.009491,-0.000476,0.009967,0.155999,0.275381,-0.119382,0.031075,0.002979,0.028095,-0.002142,-0.071651,0.001726,-0.065053,0.006237,0.102512,0.020420,-0.273711,-0.830278,0.220160,-1.067615,0.424077,0.458371,0.350554
1.115015,-0.005305,-0.001463,-0.003842,-0.682099,-0.662665,-0.019434,0.002599,-0.000478,0.003077,-2.256806,-2.244294,-0.012512,-0.003807,-0.015003,0.011196,1.420893,1.390684,0.030209,0.754083,0.717447,0.036636,-0.003260,0.000389,-0.003650,-0.109035,-0.210572,0.101537,0.002626,0.000313,0.002313,-0.098996,-0.054244,-0.044752,0.009491,-0.000476,0.009967,0.155999,0.275381,-0.119382,0.031075,0.002979,0.028095,-0.002142,-0.071651,0.001726,-0.065053,0.006237,0.102512,0.020420,-0.274924,-0.833599,0.221118,-1.072339,0.425947,0.460393,0.352098
1.120037,-0.005338,-0.001463,-0.003875,-0.683197,-0.662665,-0.020532,0.002626,-0.000478,0.003103,-2.257803,-2.244294,-0.013509,-0.003711,-0.015003,0.011292,1.422464,1.390684,0.031779,0.754396,0.717447,0.036949,-0.003283,0.000389,-0.003672,-0.109786,-0.210572,0.100786,0.002644,0.000313,0.002331,-0.099677,-0.054244,-0.045434,0.009557,-0.000476,0.010033,0.157073,0.275381,-0.118308,0.031289,0.002979,0.028309,-0.002331,-0.077970,0.001878,-0.070791,0.006787,0.111553,0.022221,-0.278345,-0.921578,0.224224,-1.147430,0.431435,0.499538,0.356688
1.124831,-0.005338,-0.001463,-0.003875,-0.683197,-0.662665,-0.020532,0.002626,-0.000478,0.003103,-2.257803,-2.244294,-0.013509,-0.003711,-0.015003,0.011292,1.422464,1.390684,0.031779,0.754396,0.717447,0.036949,-0.003283,0.000389,-0.003672,-0.109786,-0.210572,0.100786,0.002644,0.000313,0.002331,-0.099677,-0.054244,-0.045434,0.009557,-0.000476,0.010033,0.157073,0.275381,-0.118308,0.031289,0.002979,0.028309,-0.002331,-0.077970,0.001878,-0.070791,0.006787,0.111553,0.022221,-0.279570,-0.925243,0.225191,-1.152469,0.433324,0.501724,0.358247
1.129961,-0.005370,-0.001463,-0.003907,-0.684291,-0.662665,-0.021626,0.002652,-0.000478,0.003130,-2.258796,-2.244294,-0.014502,-0.003616,-0.015003,0.011387,1.424029,1.390684,0.033345,0.754708,0.717447,0.037261,-0.003307,0.000389,-0.003696,-0.110591,-0.210572,0.099981,0.002663,0.000313,0.002350,-0.100408,-0.054244,-0.046165,0.009627,-0.000476,0.010103,0.158225,0.275381,-0.117156,0.031518,0.002979,0.028539,-0.002518,-0.084223,0.002028,-0.076468,0.007331,0.120499,0.024003,-0.283051,-1.014303,0.228341,-1.228646,0.438901,0.541429,0.362914
1.134902,-0.005370,-0.001461,-0.003909,-0.684291,-0.669632,-0.014659,0.002652,-0.000476,0.003127,-2.258796,-2.246119,-0.012677,-0.003616,-0.015000,0.011384,1.424029,1.400360,0.023668,0.754708,0.717455,0.037252,-0.003307,0.000019,-0.003325,-0.110591,-0.202802,0.092211,0.002663,-0.000479,0.003143,-0.100408,-0.059382,-0.041026,0.009627,0.000614,0.009012,0.158225,0.301502,-0.143277,0.031518,0.002606,0.028912,-0.002518,-0.084223,0.002028,-0.076468,0.007331,0.120499,0.024003,-0.282430,-0.586281,0.233505,-1.081685,0.437714,0.276741,0.364756
1.139814,-0.005404,-0.001461,-0.003942,-0.685397,-0.669632,-0.015765,0.002679,-0.000476,0.003154,-2.259800,-2.246119,-0.013681,-0.003519,-0.015000,0.011480,1.425611,1.400360,0.025251,0.755023,0.717455,0.037568,-0.003333,0.000019,-0.003351,-0.111461,-0.202802,0.091341,0.002684,-0.000479,0.003164,-0.101198,-0.059382,-0.041816,0.009702,0.000614,0.009088,0.159470,0.301502,-0.142032,0.031766,0.002606,0.029160,-0.002706,-0.090496,0.002179,-0.082164,0.007877,0.129475,0.025791,-0.285940,-0.675593,0.236705,-1.159075,0.443334,0.316277,0.369475
1.145407,-0.005404,-0.001461,-0.003942,-0.685397,-0.669632,-0.015765,0.002679,-0.000476,0.003154,-2.259800,-2.246119,-0.013681,-0.003519,-0.015000,0.011480,1.425611,1.400360,0.025251,0.755023,0.717455,0.037568,-0.003333,0.000019,-0.003351,-0.111461,-0.202802,0.091341,0.002684,-0.000479,0.003164,-0.101198,-0.059382,-0.041816,0.009702,0.000614,0.009088,0.159470,0.301502,-0.142032,0.031766,0.002606,0.029160,-0.002706,-0.090496,0.002179,-0.082164,0.007877,0.129475,0.025791,-0.287349,-0.678424,0.237845,-1.164774,0.445505,0.317826,0.371282
1.149860,-0.005437,-0.001461,-0.003976,-0.686515,-0.669632,-0.016883,0.002705,-0.000476,0.003181,-2.260816,-2.246119,-0.014696,-0.003422,-0.015000,0.011577,1.427211,1.400360,0.026851,0.755342,0.717455,0.037886,-0.003361,0.000019,-0.003379,-0.112397,-0.202802,0.090406,0.002707,-0.000479,0.003186,-0.102048,-0.059382,-0.042666,0.009784,0.000614,0.009169,0.160808,0.301502,-0.140693,0.032033,0.002606,0.029427,-0.002894,-0.096788,0.002331,-0.087877,0.008425,0.138477,0.027584,-0.290798,-0.769770,0.240997,-1.243706,0.451031,0.358304,0.375927
1.155021,-0.005437,-0.001461,-0.003976,-0.686515,-0.669632,-0.016883,0.002705,-0.000476,0.003181,-2.260816,-2.246119,-0.014696,-0.003422,-0.015000,0.011577,1.427211,1.400360,0.026851,0.755342,0.717455,0.037886,-0.003361,0.000019,-0.003379,-0.112397,-0.202802,0.090406,0.002707,-0.000479,0.003186,-0.102048,-0.059382,-0.042666,0.009784,0.000614,0.009169,0.160808,0.301502,-0.140693,0.032033,0.002606,0.029427,-0.002894,-0.096788,0.002331,-0.087877,0.008425,0.138477,0.027584,-0.292112,-0.772757,0.242060,-1.249311,0.453056,0.359913,0.377612
1.160323,-0.005471,-0.001461,-0.004010,-0.687651,-0.669632,-0.018020,0.002733,-0.000476,0.003208,-2.261848,-2.246119,-0.015728,-0.003323,-0.015000,0.011676,1.428837,1.400360,0.028477,0.755666,0.717455,0.038210,-0.003391,0.000019,-0.003409,-0.113403,-0.202802,0.089399,0.002731,-0.000479,0.003211,-0.102962,-0.059382,-0.043579,0.009871,0.000614,0.009257,0.162248,0.301502,-0.139253,0.032320,0.002606,0.029714,-0.003084,-0.103129,0.002484,-0.093633,0.008977,0.147549,0.029391,-0.295847,-0.867363,0.245446,-1.331605,0.459024,0.401950,0.382629
1.165267,-0.005471,-0.001461,-0.004010,-0.687651,-0.669632,-0.018020,0.002733,-0.000476,0.003208,-2.261848,-2.246119,-0.015728,-0.003323,-0.015000,0.011676,1.428837,1.400360,0.028477,0.755666,0.717455,0.038210,-0.003391,0.000019,-0.003409,-0.113403,-0.202802,0.089399,0.002731,-0.000479,0.003211,-0.102962,-0.059382,-0.043579,0.009871,0.000614,0.009257,0.162248,0.301502,-0.139253,0.032320,0.002606,0.029714,-0.003084,-0.103129,0.002484,-0.093633,0.008977,0.147549,0.029391,-0.297126,-0.870607,0.246481,-1.337341,0.460993,0.403675,0.384268
1.169999,-0.005505,-0.001465,-0.004040,-0.688789,-0.676266,-0.012523,0.002760,-0.000467,0.003227,-2.262881,-2.248115,-0.014766,-0.003224,-0.014999,0.011775,1.430465,1.409860,0.020605,0.755990,0.717466,0.038524,-0.003423,-0.001702,-0.001721,-0.114464,-0.203903,0.089439,0.002757,0.000809,0.001948,-0.103925,-0.053303,-0.050622,0.009964,0.000348,0.009615,0.163767,0.260954,-0.097188,0.032622,0.001517,0.031105,-0.003272,-0.109418,0.002635,-0.099343,0.009525,0.156546,0.031184,-0.290837,-0.494343,0.241966,-1.314374,0.467524,0.299855,0.390086
1.175348,-0.005505,-0.001465,-0.004040,-0.688789,-0.676266,-0.012523,0.002760,-0.000467,0.003227,-2.262881,-2.248115,-0.014766,-0.003224,-0.014999,0.011775,1.430465,1.409860,0.020605,0.755990,0.717466,0.038524,-0.003423,-0.001702,-0.001721,-0.114464,-0.203903,0.089439,0.002757,0.000809,0.001948,-0.103925,-0.053303,-0.050622,0.009964,0.000348,0.009615,0.163767,0.260954,-0.097188,0.032622,0.001517,0.031105,-0.003272,-0.109418,0.002635,-0.099343,0.009525,0.156546,0.031184,-0.292173,-0.496060,0.243048,-1.320392,0.469656,0.301223,0.391862
1.181960,-0.005539,-0.001465,-0.004074,-0.689934,-0.676266,-0.013668,0.002788,-0.000467,0.003255,-2.263920,-2.248115,-0.015806,-0.003124,-0.014999,0.011874,1.432103,1.409860,0.022243,0.756316,0.717466,0.038850,-0.003456,-0.001702,-0.001754,-0.115585,-0.203903,0.088319,0.002784,0.000809,0.001975,-0.104943,-0.053303,-0.051639,0.010061,0.000348,0.009713,0.165370,0.260954,-0.095585,0.032941,0.001517,0.031425,-0.003459,-0.115687,0.002786,-0.105035,0.010070,0.165516,0.032971,-0.296306,-0.592489,0.246752,-1.406976,0.476323,0.344658,0.397470
1.185417,-0.005539,-0.001465,-0.004074,-0.689934,-0.676266,-0.013668,0.002788,-0.000467,0.003255,-2.263920,-2.248115,-0.015806,-0.003124,-0.014999,0.011874,1.432103,1.409860,0.022243,0.756316,0.717466,0.038850,-0.003456,-0.001702,-0.001754,-0.115585,-0.203903,0.088319,0.002784,0.000809,0.001975,-0.104943,-0.053303,-0.051639,0.010061,0.000348,0.009713,0.165370,0.260954,-0.095585,0.032941,0.001517,0.031425,-0.003459,-0.115687,0.002786,-0.105035,0.010070,0.165516,0.032971,-0.297183,-0.593863,0.247463,-1.411126,0.477721,0.345671,0.398635
1.190017,-0.005575,-0.001465,-0.004109,-0.691117,-0.676266,-0.014851,0.002816,-0.000467,0.003283,-2.264994,-2.248115,-0.016879,-0.003022,-0.014999,0.011977,1.433796,1.409860,0.023935,0.756653,0.717466,0.039187,-0.003492,-0.001702,-0.001790,-0.116795,-0.203903,0.087108,0.002813,0.000809,0.002004,-0.106041,-0.053303,-0.052738,0.010167,0.000348,0.009818,0.167101,0.260954,-0.093853,0.033286,0.001517,0.031770,-0.003651,-0.122098,0.002941,-0.110856,0.010628,0.174689,0.034798,-0.300939,-0.693952,0.250869,-1.499221,0.483783,0.390573,0.403744
1.195029,-0.005575,-0.001465,-0.004109,-0.691117,-0.676266,-0.014851,0.002816,-0.000467,0.003283,-2.264994,-2.248115,-0.016879,-0.003022,-0.014999,0.011977,1.433796,1.409860,0.023935,0.756653,0.717466,0.039187,-0.003492,-0.001702,-0.001790,-0.116795,-0.203903,0.087108,0.002813,0.000809,0.002004,-0.106041,-0.053303,-0.052738,0.010167,0.000348,0.009818,0.167101,0.260954,-0.093853,0.033286,0.001517,0.031770,-0.003651,-0.122098,0.002941,-0.110856,0.010628,0.174689,0.034798,-0.302210,-0.696307,0.251898,-1.505527,0.485810,0.392209,0.405432
1.199834,-0.005609,-0.001465,-0.004144,-0.692275,-0.676266,-0.016009,0.002844,-0.000467,0.003311,-2.266045,-2.248115,-0.017931,-0.002921,-0.014999,0.012078,1.435452,1.409860,0.025592,0.756983,0.717466,0.039517,-0.003529,-0.001702,-0.001827,-0.118030,-0.203903,0.085873,0.002843,0.000809,0.002033,-0.107163,-0.053303,-0.053859,0.010274,0.000348,0.009926,0.168868,0.260954,-0.092086,0.033638,0.001517,0.032121,-0.003837,-0.128309,0.003090,-0.116495,0.011169,0.183575,0.036568,-0.306008,-0.795735,0.255327,-1.593409,0.491934,0.436922,0.410594
1.205349,-0.005609,-0.001464,-0.004145,-0.692275,-0.682990,-0.009285,0.002844,-0.000461,0.003305,-2.266045,-2.250086,-0.015959,-0.002921,-0.014997,0.012076,1.435452,1.417596,0.017856,0.756983,0.717493,0.039491,-0.003529,-0.000393,-0.003136,-0.118030,-0.187618,0.069588,0.002843,0.001211,0.001631,-0.107163,-0.064581,-0.042582,0.010274,-0.000081,0.010355,0.168868,0.207372,-0.038504,0.033638,0.001067,0.032571,-0.003837,-0.128309,0.003090,-0.116495,0.011169,0.183575,0.036568,-0.315090,-0.406682,0.253730,-1.392929,0.495361,0.355815,0.412659
1.210267,-0.005645,-0.001464,-0.004180,-0.693456,-0.682990,-0.010466,0.002873,-0.000461,0.003334,-2.267118,-2.250086,-0.017032,-0.002818,-0.014997,0.012179,1.437142,1.417596,0.019546,0.757320,0.717493,0.039827,-0.003568,-0.000393,-0.003176,-0.119338,-0.187618,0.068280,0.002874,0.001211,0.001663,-0.108350,-0.064581,-0.043770,0.010388,-0.000081,0.010469,0.170740,0.207372,-0.036632,0.034011,0.001067,0.032944,-0.004024,-0.134577,0.003241,-0.122186,0.011715,0.192542,0.038354,-0.319039,-0.507892,0.257247,-1.483041,0.501672,0.401781,0.417979
1.214989,-0.005645,-0.001464,-0.004180,-0.693456,-0.682990,-0.010466,0.002873,-0.000461,0.003334,-2.267118,-2.250086,-0.017032,-0.002818,-0.014997,0.012179,1.437142,1.417596,0.019546,0.757320,0.717493,0.039827,-0.003568,-0.000393,-0.003176,-0.119338,-0.187618,0.068280,0.002874,0.001211,0.001663,-0.108350,-0.064581,-0.043770,0.010388,-0.000081,0.010469,0.170740,0.207372,-0.036632,0.034011,0.001067,0.032944,-0.004024,-0.134577,0.003241,-0.122186,0.011715,0.192542,0.038354,-0.320296,-0.509311,0.258230,-1.488866,0.503634,0.403352,0.419610
1.219841,-0.005681,-0.001464,-0.004217,-0.694670,-0.682990,-0.011680,0.002902,-0.000461,0.003363,-2.268220,-2.250086,-0.018134,-0.002712,-0.014997,0.012285,1.438879,1.417596,0.021283,0.757666,0.717493,0.040173,-0.003610,-0.000393,-0.003217,-0.120731,-0.187618,0.066887,0.002908,0.001211,0.001696,-0.109615,-0.064581,-0.045034,0.010509,-0.000081,0.010590,0.172733,0.207372,-0.034639,0.034408,0.001067,0.033341,-0.004214,-0.140945,0.003395,-0.127968,0.012269,0.201653,0.040169,-0.324347,-0.614605,0.261836,-1.582529,0.510106,0.451203,0.425068
1.225054,-0.005681,-0.001464,-0.004217,-0.694670,-0.682990,-0.011680,0.002902,-0.000461,0.003363,-2.268220,-2.250086,-0.018134,-0.002712,-0.014997,0.012285,1.438879,1.417596,0.021283,0.757666,0.717493,0.040173,-0.003610,-0.000393,-0.003217,-0.120731,-0.187618,0.066887,0.002908,0.001211,0.001696,-0.109615,-0.064581,-0.045034,0.010509,-0.000081,0.010590,0.172733,0.207372,-0.034639,0.034408,0.001067,0.033341,-0.004214,-0.140945,0.003395,-0.127968,0.012269,0.201653,0.040169,-0.325745,-0.616583,0.262929,-1.589321,0.512286,0.453131,0.426881
1.230801,-0.005717,-0.001464,-0.004253,-0.695877,-0.682990,-0.012887,0.002931,-0.000461,0.003392,-2.269316,-2.250086,-0.019230,-0.002607,-0.014997,0.012390,1.440606,1.417596,0.023010,0.758010,0.717493,0.040517,-0.003653,-0.000393,-0.003260,-0.122163,-0.187618,0.065454,0.002942,0.001211,0.001731,-0.110915,-0.064581,-0.046335,0.010634,-0.000081,0.010715,0.174782,0.207372,-0.032590,0.034816,0.001067,0.033749,-0.004402,-0.147205,0.003545,-0.133651,0.012814,0.210610,0.041953,-0.330060,-0.723094,0.266736,-1.685030,0.519165,0.501781,0.432682
1.235016,-0.005717,-0.001466,-0.004251,-0.695877,-0.689279,-0.006598,0.002931,-0.000462,0.003393,-2.269316,-2.252599,-0.016717,-0.002607,-0.014989,0.012382,1.440606,1.424171,0.016434,0.758010,0.717937,0.040073,-0.003653,-0.000772,-0.002881,-0.122163,-0.194777,0.072614,0.002942,-0.001480,0.004422,-0.110915,-0.082615,-0.028300,0.010634,0.003648,0.006986,0.174782,0.196493,-0.021711,0.034816,0.015079,0.019737,-0.004402,-0.147205,0.003545,-0.133651,0.012814,0.210610,0.041953,-0.328864,-0.216503,0.283657,-1.397834,0.509590,0.362602,0.415935
1.240217,-0.005753,-0.001466,-0.004287,-0.697099,-0.689279,-0.007820,0.002960,-0.000462,0.003422,-2.270425,-2.252599,-0.017826,-0.002501,-0.014989,0.012488,1.442353,1.424171,0.018182,0.758358,0.717937,0.040421,-0.003697,-0.000772,-0.002926,-0.123658,-0.194777,0.071120,0.002978,-0.001480,0.004458,-0.112272,-0.082615,-0.029657,0.010764,0.003648,0.007116,0.176920,0.196493,-0.019574,0.035242,0.015079,0.020163,-0.004589,-0.153464,0.003696,-0.139334,0.013359,0.219564,0.043737,-0.333114,-0.323266,0.287490,-1.494016,0.516333,0.411712,0.421588
1.245219,-0.005753,-0.001466,-0.004287,-0.697099,-0.689279,-0.007820,0.002960,-0.000462,0.003422,-2.270425,-2.252599,-0.017826,-0.002501,-0.014989,0.012488,1.442353,1.424171,0.018182,0.758358,0.717937,0.040421,-0.003697,-0.000772,-0.002926,-0.123658,-0.194777,0.071120,0.002978,-0.001480,0.004458,-0.112272,-0.082615,-0.029657,0.010764,0.003648,0.007116,0.176920,0.196493,-0.019574,0.035242,0.015079,0.020163,-0.004589,-0.153464,0.003696,-0.139334,0.013359,0.219564,0.043737,-0.334471,-0.323905,0.288624,-1.500078,0.518417,0.413374,0.423286
1.250018,-0.005791,-0.001466,-0.004325,-0.698345,-0.689279,-0.009066,0.002990,-0.000462,0.003452,-2.271556,-2.252599,-0.018958,-0.002392,-0.014989,0.012597,1.444137,1.424171,0.019965,0.758713,0.717937,0.040776,-0.003744,-0.000772,-0.002973,-0.125226,-0.194777,0.069551,0.003016,-0.001480,0.004496,-0.113696,-0.082615,-0.031081,0.010901,0.003648,0.007253,0.179164,0.196493,-0.017329,0.035689,0.015079,0.020610,-0.004777,-0.159771,0.003848,-0.145060,0.013908,0.228588,0.045534,-0.338708,-0.434181,0.292446,-1.598925,0.525141,0.464017,0.428932
1.255166,-0.005791,-0.001466,-0.004325,-0.698345,-0.689279,-0.009066,0.002990,-0.000462,0.003452,-2.271556,-2.252599,-0.018958,-0.002392,-0.014989,0.012597,1.444137,1.424171,0.019965,0.758713,0.717937,0.040776,-0.003744,-0.000772,-0.002973,-0.125226,-0.194777,0.069551,0.003016,-0.001480,0.004496,-0.113696,-0.082615,-0.031081,0.010901,0.003648,0.007253,0.179164,0.196493,-0.017329,0.035689,0.015079,0.020610,-0.004777,-0.159771,0.003848,-0.145060,0.013908,0.228588,0.045534,-0.340115,-0.435262,0.293622,-1.605541,0.527303,0.465927,0.430694
1.260043,-0.005828,-0.001466,-0.004362,-0.699607,-0.689279,-0.010329,0.003021,-0.000462,0.003483,-2.272703,-2.252599,-0.020104,-0.002282,-0.014989,0.012707,1.445943,1.424171,0.021772,0.759073,0.717937,0.041136,-0.003793,-0.000772,-0.003021,-0.126858,-0.194777,0.067919,0.003055,-0.001480,0.004535,-0.115178,-0.082615,-0.032563,0.011043,0.003648,0.007395,0.181499,0.196493,-0.014994,0.036154,0.015079,0.021075,-0.004966,-0.166080,0.004000,-0.150788,0.014457,0.237614,0.047332,-0.344460,-0.548390,0.297531,-1.707068,0.534192,0.517952,0.436481
1.264856,-0.005828,-0.001466,-0.004362,-0.699607,-0.689279,-0.010329,0.003021,-0.000462,0.003483,-2.272703,-2.252599,-0.020104,-0.002282,-0.014989,0.012707,1.445943,1.424171,0.021772,0.759073,0.717937,0.041136,-0.003793,-0.000772,-0.003021,-0.126858,-0.194777,0.067919,0.003055,-0.001480,0.004535,-0.115178,-0.082615,-0.032563,0.011043,0.003648,0.007395,0.181499,0.196493,-0.014994,0.036154,0.015079,0.021075,-0.004966,-0.166080,0.004000,-0.150788,0.014457,0.237614,0.047332,-0.345796,-0.549811,0.298647,-1.713657,0.536244,0.519942,0.438154
1.269800,-0.005867,-0.001466,-0.004400,-0.700885,-0.695763,-0.005122,0.003052,-0.000453,0.003505,-2.273863,-2.255689,-0.018174,-0.002171,-0.014987,0.012816,1.447771,1.431232,0.016539,0.759437,0.718291,0.041146,-0.003844,-0.000643,-0.003201,-0.128551,-0.180817,0.052266,0.003096,0.000625,0.002471,-0.116715,-0.098236,-0.018479,0.011190,0.001504,0.009686,0.183921,0.213307,-0.029386,0.036637,0.004236,0.032400,-0.005154,-0.172380,0.004152,-0.156508,0.015005,0.246628,0.049128,-0.351036,-0.256564,0.289177,-1.487286,0.549712,0.359840,0.451493
1.274854,-0.005867,-0.001466,-0.004400,-0.700885,-0.695763,-0.005122,0.003052,-0.000453,0.003505,-2.273863,-2.255689,-0.018174,-0.002171,-0.014987,0.012816,1.447771,1.431232,0.016539,0.759437,0.718291,0.041146,-0.003844,-0.000643,-0.003201,-0.128551,-0.180817,0.052266,0.003096,0.000625,0.002471,-0.116715,-0.098236,-0.018479,0.011190,0.001504,0.009686,0.183921,0.213307,-0.029386,0.036637,0.004236,0.032400,-0.005154,-0.172380,0.004152,-0.156508,0.015005,0.246628,0.049128,-0.352449,-0.256849,0.290300,-1.493249,0.551904,0.361276,0.453289
1.280001,-0.005905,-0.001466,-0.004439,-0.702176,-0.695763,-0.006413,0.003083,-0.000453,0.003536,-2.275035,-2.255689,-0.019346,-0.002059,-0.014987,0.012928,1.449618,1.431232,0.018386,0.759805,0.718291,0.041514,-0.003896,-0.000643,-0.003253,-0.130302,-0.180817,0.050515,0.003138,0.000625,0.002513,-0.118305,-0.098236,-0.020069,0.011342,0.001504,0.009838,0.186426,0.213307,-0.026881,0.037136,0.004236,0.032899,-0.005342,-0.178662,0.004303,-0.162212,0.015552,0.255616,0.050918,-0.357035,-0.373795,0.294348,-1.598743,0.559182,0.415138,0.459415
1.284843,-0.005905,-0.001466,-0.004439,-0.702176,-0.695763,-0.006413,0.003083,-0.000453,0.003536,-2.275035,-2.255689,-0.019346,-0.002059,-0.014987,0.012928,1.449618,1.431232,0.018386,0.759805,0.718291,0.041514,-0.003896,-0.000643,-0.003253,-0.130302,-0.180817,0.050515,0.003138,0.000625,0.002513,-0.118305,-0.098236,-0.020069,0.011342,0.001504,0.009838,0.186426,0.213307,-0.026881,0.037136,0.004236,0.032899,-0.005342,-0.178662,0.004303,-0.162212,0.015552,0.255616,0.050918,-0.358409,-0.374489,0.295440,-1.604869,0.561313,0.416720,0.461162
1.289862,-0.005945,-0.001466,-0.004478,-0.703491,-0.695763,-0.007728,0.003114,-0.000453,0.003568,-2.276228,-2.255689,-0.020540,-0.001944,-0.014987,0.013042,1.451499,1.431232,0.020267,0.760180,0.718291,0.041889,-0.003951,-0.000643,-0.003307,-0.132124,-0.180817,0.048693,0.003182,0.000625,0.002557,-0.119959,-0.098236,-0.021723,0.011501,0.001504,0.009997,0.189033,0.213307,-0.024275,0.037655,0.004236,0.033419,-0.005531,-0.184972,0.004455,-0.167941,0.016101,0.264643,0.052716,-0.363054,-0.494993,0.299537,-1.713376,0.568682,0.472222,0.467368
1.295010,-0.005945,-0.001466,-0.004478,-0.703491,-0.695763,-0.007728,0.003114,-0.000453,0.003568,-2.276228,-2.255689,-0.020540,-0.001944,-0.014987,0.013042,1.451499,1.431232,0.020267,0.760180,0.718291,0.041889,-0.003951,-0.000643,-0.003307,-0.132124,-0.180817,0.048693,0.003182,0.000625,0.002557,-0.119959,-0.098236,-0.021723,0.011501,0.001504,0.009997,0.189033,0.213307,-0.024275,0.037655,0.004236,0.033419,-0.005531,-0.184972,0.004455,-0.167941,0.016101,0.264643,0.052716,-0.364518,-0.496176,0.300701,-1.720253,0.570953,0.474107,0.469230
1.299879,-0.005984,-0.001466,-0.004518,-0.704822,-0.695763,-0.009059,0.003146,-0.000453,0.003600,-2.277437,-2.255689,-0.021748,-0.001829,-0.014987,0.013158,1.453403,1.431232,0.022171,0.760559,0.718291,0.042268,-0.004007,-0.000643,-0.003364,-0.134005,-0.180817,0.046812,0.003227,0.000625,0.002602,-0.121667,-0.098236,-0.023431,0.011665,0.001504,0.010161,0.191725,0.213307,-0.021583,0.038191,0.004236,0.033955,-0.005719,-0.191271,0.004607,-0.173660,0.016650,0.273655,0.054512,-0.369219,-0.619590,0.304843,-1.831285,0.578407,0.530973,0.475511
1.304861,-0.005984,-0.001464,-0.004521,-0.704822,-0.701518,-0.003303,0.003146,-0.000441,0.003588,-2.277437,-2.259112,-0.018325,-0.001829,-0.014988,0.013160,1.453403,1.438203,0.015200,0.760559,0.718442,0.042117,-0.004007,-0.000146,-0.003861,-0.134005,-0.169100,0.035095,0.003227,0.000813,0.002414,-0.121667,-0.099471,-0.022196,0.011665,-0.001558,0.013223,0.191725,0.195276,-0.003551,0.038191,0.005549,0.032642,-0.005719,-0.191271,0.004607,-0.173660,0.016650,0.273655,0.054512,-0.374021,-0.243705,0.303880,-1.562826,0.590274,0.388761,0.474390
1.309928,-0.006025,-0.001464,-0.004561,-0.706167,-0.701518,-0.004649,0.003179,-0.000441,0.003620,-2.278658,-2.259112,-0.019546,-0.001711,-0.014988,0.013277,1.455328,1.438203,0.017125,0.760942,0.718442,0.042500,-0.004065,-0.000146,-0.003919,-0.135943,-0.169100,0.033157,0.003274,0.000813,0.002461,-0.123427,-0.099471,-0.023956,0.011833,-0.001558,0.013392,0.194497,0.195276,-0.000778,0.038743,0.005549,0.033194,-0.005907,-0.197548,0.004758,-0.179359,0.017196,0.282636,0.056301,-0.378880,-0.368517,0.308127,-1.675654,0.597986,0.446500,0.480847
1.315044,-0.006025,-0.001464,-0.004561,-0.706167,-0.701518,-0.004649,0.003179,-0.000441,0.003620,-2.278658,-2.259112,-0.019546,-0.001711,-0.014988,0.013277,1.455328,1.438203,0.017125,0.760942,0.718442,0.042500,-0.004065,-0.000146,-0.003919,-0.135943,-0.169100,0.033157,0.003274,0.000813,0.002461,-0.123427,-0.099471,-0.023956,0.011833,-0.001558,0.013392,0.194497,0.195276,-0.000778,0.038743,0.005549,0.033194,-0.005907,-0.197548,0.004758,-0.179359,0.017196,0.282636,0.056301,-0.380377,-0.369129,0.309299,-1.682243,0.600325,0.448247,0.482723
1.319945,-0.006066,-0.001464,-0.004602,-0.707540,-0.701518,-0.006022,0.003212,-0.000441,0.003653,-2.279905,-2.259112,-0.020793,-0.001592,-0.014988,0.013396,1.457292,1.438203,0.019089,0.761334,0.718442,0.042892,-0.004125,-0.000146,-0.003979,-0.137956,-0.169100,0.031144,0.003323,0.000813,0.002509,-0.125254,-0.099471,-0.025783,0.012009,-0.001558,0.013567,0.197376,0.195276,0.002101,0.039317,0.005549,0.033768,-0.006096,-0.203863,0.004910,-0.185092,0.017746,0.291671,0.058100,-0.385282,-0.497971,0.313588,-1.798398,0.608108,0.507818,0.489247
1.325038,-0.006066,-0.001464,-0.004602,-0.707540,-0.701518,-0.006022,0.003212,-0.000441,0.003653,-2.279905,-2.259112,-0.020793,-0.001592,-0.014988,0.013396,1.457292,1.438203,0.019089,0.761334,0.718442,0.042892,-0.004125,-0.000146,-0.003979,-0.137956,-0.169100,0.031144,0.003323,0.000813,0.002509,-0.125254,-0.099471,-0.025783,0.012009,-0.001558,0.013567,0.197376,0.195276,0.002101,0.039317,0.005549,0.033768,-0.006096,-0.203863,0.004910,-0.185092,0.017746,0.291671,0.058100,-0.386808,-0.499066,0.314782,-1.805483,0.610491,0.509808,0.491160
1.330235,-0.006107,-0.001464,-0.004644,-0.708933,-0.701518,-0.007415,0.003245,-0.000441,0.003687,-2.281170,-2.259112,-0.022058,-0.001471,-0.014988,0.013518,1.459285,1.438203,0.021082,0.761731,0.718442,0.043289,-0.004187,-0.000146,-0.004041,-0.140031,-0.169100,0.029070,0.003372,0.000813,0.002559,-0.127138,-0.099471,-0.027667,0.012189,-0.001558,0.013747,0.200345,0.195276,0.005069,0.039908,0.005549,0.034359,-0.006261,-0.209403,0.005043,-0.190123,0.018228,0.299598,0.059679,-0.391918,-0.630520,0.319189,-1.925153,0.618567,0.571106,0.497924
1.334885,-0.006107,-0.001469,-0.004638,-0.708933,-0.706847,-0.002086,0.003245,-0.000433,0.003678,-2.281170,-2.262363,-0.018806,-0.001471,-0.014984,0.013513,1.459285,1.444114,0.015172,0.761731,0.718538,0.043193,-0.004187,-0.000612,-0.003575,-0.140031,-0.154885,0.014855,0.003372,0.002696,0.000676,-0.127138,-0.102058,-0.025080,0.012189,-0.001565,0.013754,0.200345,0.177222,0.023123,0.039908,0.004589,0.035320,-0.006261,-0.209403,0.005043,-0.190123,0.018228,0.299598,0.059679,-0.389922,-0.295890,0.307542,-1.655260,0.620549,0.453901,0.499677
1.339944,-0.006149,-0.001469,-0.004680,-0.710338,-0.706847,-0.003491,0.003279,-0.000433,0.003712,-2.282445,-2.262363,-0.020082,-0.001348,-0.014984,0.013635,1.461295,1.444114,0.017182,0.762131,0.718538,0.043593,-0.004248,-0.000612,-0.003636,-0.142054,-0.154885,0.012831,0.003421,0.002696,0.000725,-0.128975,-0.102058,-0.026917,0.012365,-0.001565,0.013930,0.203240,0.177222,0.026018,0.040485,0.004589,0.035896,-0.005886,-0.196858,0.004741,-0.178733,0.017136,0.281649,0.056104,-0.395468,-0.408721,0.311204,-1.776724,0.628784,0.515753,0.506457
1.345098,-0.006149,-0.001469,-0.004680,-0.710338,-0.706847,-0.003491,0.003279,-0.000433,0.003712,-2.282445,-2.262363,-0.020082,-0.001348,-0.014984,0.013635,1.461295,1.444114,0.017182,0.762131,0.718538,0.043593,-0.004248,-0.000612,-0.003636,-0.142054,-0.154885,0.012831,0.003421,0.002696,0.000725,-0.128975,-0.102058,-0.026917,0.012365,-0.001565,0.013930,0.203240,0.177222,0.026018,0.040485,0.004589,0.035896,-0.005886,-0.196858,0.004741,-0.178733,0.017136,0.281649,0.056104,-0.397007,-0.409484,0.312372,-1.783610,0.631208,0.517741,0.508406
1.349805,-0.006192,-0.001469,-0.004723,-0.711768,-0.706847,-0.004921,0.003314,-0.000433,0.003746,-2.283744,-2.262363,-0.021381,-0.001224,-0.014984,0.013760,1.463342,1.444114,0.019228,0.762539,0.718538,0.044001,-0.004305,-0.000612,-0.003693,-0.143959,-0.154885,0.010926,0.003467,0.002696,0.000771,-0.130705,-0.102058,-0.028647,0.012531,-0.001565,0.014096,0.205966,0.177222,0.028744,0.041028,0.004589,0.036439,-0.005510,-0.184263,0.004438,-0.167298,0.016040,0.263630,0.052515,-0.402514,-0.524888,0.316006,-1.906977,0.639380,0.580718,0.515130
1.355134,-0.006192,-0.001469,-0.004723,-0.711768,-0.706847,-0.004921,0.003314,-0.000433,0.003746,-2.283744,-2.262363,-0.021381,-0.001224,-0.014984,0.013760,1.463342,1.444114,0.019228,0.762539,0.718538,0.044001,-0.004305,-0.000612,-0.003693,-0.143959,-0.154885,0.010926,0.003467,0.002696,0.000771,-0.130705,-0.102058,-0.028647,0.012531,-0.001565,0.014096,0.205966,0.177222,0.028744,0.041028,0.004589,0.036439,-0.005510,-0.184263,0.004438,-0.167298,0.016040,0.263630,0.052515,-0.404118,-0.526181,0.317222,-1.914541,0.641905,0.583011,0.517159
1.360735,-0.006236,-0.001469,-0.004767,-0.713233,-0.706847,-0.006386,0.003349,-0.000433,0.003782,-2.285074,-2.262363,-0.022711,-0.001096,-0.014984,0.013887,1.465438,1.444114,0.021324,0.762956,0.718538,0.044418,-0.004358,-0.000612,-0.003747,-0.145759,-0.154885,0.009127,0.003510,0.002696,0.000814,-0.132338,-0.102058,-0.030280,0.012688,-0.001565,0.014252,0.208540,0.177222,0.031318,0.041541,0.004589,0.036952,-0.005129,-0.171526,0.004131,-0.155733,0.014931,0.245405,0.048884,-0.410001,-0.645286,0.321139,-2.042468,0.650664,0.648103,0.524350
1.365090,-0.006236,-0.001469,-0.004767,-0.713233,-0.706847,-0.006386,0.003349,-0.000433,0.003782,-2.285074,-2.262363,-0.022711,-0.001096,-0.014984,0.013887,1.465438,1.444114,0.021324,0.762956,0.718538,0.044418,-0.004358,-0.000612,-0.003747,-0.145759,-0.154885,0.009127,0.003510,0.002696,0.000814,-0.132338,-0.102058,-0.030280,0.012688,-0.001565,0.014252,0.208540,0.177222,0.031318,0.041541,0.004589,0.036952,-0.005129,-0.171526,0.004131,-0.155733,0.014931,0.245405,0.048884,-0.411331,-0.646770,0.322148,-2.049064,0.652757,0.650187,0.526034
1.369770,-0.006279,-0.001469,-0.004811,-0.714689,-0.712018,-0.002671,0.003384,-0.000429,0.003813,-2.286396,-2.266224,-0.020172,-0.000970,-0.014978,0.014008,1.467520,1.450452,0.017068,0.763371,0.718704,0.044667,-0.004407,0.001497,-0.005904,-0.147399,-0.152761,0.005362,0.003550,-0.000450,0.004000,-0.133828,-0.121391,-0.012437,0.012831,-0.000095,0.012925,0.210888,0.196048,0.014840,0.042008,0.003605,0.038403,-0.004755,-0.159021,0.003830,-0.144379,0.013842,0.227514,0.045320,-0.430841,-0.354125,0.346252,-1.731074,0.655962,0.499767,0.532107
1.375416,-0.006279,-0.001469,-0.004811,-0.714689,-0.712018,-0.002671,0.003384,-0.000429,0.003813,-2.286396,-2.266224,-0.020172,-0.000970,-0.014978,0.014008,1.467520,1.450452,0.017068,0.763371,0.718704,0.044667,-0.004407,0.001497,-0.005904,-0.147399,-0.152761,0.005362,0.003550,-0.000450,0.004000,-0.133828,-0.121391,-0.012437,0.012831,-0.000095,0.012925,0.210888,0.196048,0.014840,0.042008,0.003605,0.038403,-0.004755,-0.159021,0.003830,-0.144379,0.013842,0.227514,0.045320,-0.432630,-0.354884,0.347652,-1.738244,0.658668,0.501828,0.534298
1.379749,-0.006323,-0.001469,-0.004855,-0.716164,-0.712018,-0.004147,0.003420,-0.000429,0.003849,-2.287735,-2.266224,-0.021511,-0.000841,-0.014978,0.014136,1.469631,1.450452,0.019180,0.763792,0.718704,0.045087,-0.004453,0.001497,-0.005950,-0.148921,-0.152761,0.003841,0.003587,-0.000450,0.004037,-0.135209,-0.121391,-0.013818,0.012963,-0.000095,0.013058,0.213064,0.196048,0.017017,0.042442,0.003605,0.038837,-0.004380,-0.146478,0.003528,-0.132991,0.012750,0.209569,0.041746,-0.438225,-0.474312,0.351396,-1.864498,0.666903,0.566509,0.541060
1.384860,-0.006323,-0.001469,-0.004855,-0.716164,-0.712018,-0.004147,0.003420,-0.000429,0.003849,-2.287735,-2.266224,-0.021511,-0.000841,-0.014978,0.014136,1.469631,1.450452,0.019180,0.763792,0.718704,0.045087,-0.004453,0.001497,-0.005950,-0.148921,-0.152761,0.003841,0.003587,-0.000450,0.004037,-0.135209,-0.121391,-0.013818,0.012963,-0.000095,0.013058,0.213064,0.196048,0.017017,0.042442,0.003605,0.038837,-0.004380,-0.146478,0.003528,-0.132991,0.012750,0.209569,0.041746,-0.439856,-0.475487,0.352672,-1.871418,0.669369,0.568603,0.543058
1.389899,-0.006368,-0.001469,-0.004900,-0.717663,-0.712018,-0.005645,0.003456,-0.000429,0.003885,-2.289096,-2.266224,-0.022872,-0.000711,-0.014978,0.014267,1.471775,1.450452,0.021323,0.764219,0.718704,0.045514,-0.004495,0.001497,-0.005992,-0.150324,-0.152761,0.002437,0.003620,-0.000450,0.004071,-0.136483,-0.121391,-0.015092,0.013085,-0.000095,0.013180,0.215072,0.196048,0.019025,0.042842,0.003605,0.039237,-0.004003,-0.133866,0.003224,-0.121541,0.011653,0.191526,0.038152,-0.445758,-0.597502,0.356654,-2.000918,0.678070,0.634770,0.550190
1.394933,-0.006368,-0.001469,-0.004900,-0.717663,-0.712018,-0.005645,0.003456,-0.000429,0.003885,-2.289096,-2.266224,-0.022872,-0.000711,-0.014978,0.014267,1.471775,1.450452,0.021323,0.764219,0.718704,0.045514,-0.004495,0.001497,-0.005992,-0.150324,-0.152761,0.002437,0.003620,-0.000450,0.004071,-0.136483,-0.121391,-0.015092,0.013085,-0.000095,0.013180,0.215072,0.196048,0.019025,0.042842,0.003605,0.039237,-0.004003,-0.133866,0.003224,-0.121541,0.011653,0.191526,0.038152,-0.447374,-0.599140,0.357919,-2.008155,0.680515,0.637058,0.552171
1.400115,-0.006414,-0.001469,-0.004945,-0.719192,-0.712018,-0.007174,0.003492,-0.000429,0.003922,-2.290484,-2.266224,-0.024260,-0.000578,-0.014978,0.014400,1.473963,1.450452,0.023512,0.764655,0.718704,0.045950,-0.004533,0.001497,-0.006030,-0.151616,-0.152761,0.001146,0.003651,-0.000450,0.004102,-0.137656,-0.121391,-0.016265,0.013198,-0.000095,0.013292,0.216920,0.196048,0.020872,0.043210,0.003605,0.039605,-0.003621,-0.121107,0.002917,-0.109956,0.010542,0.173270,0.034515,-0.453428,-0.724395,0.362013,-2.140921,0.689447,0.704890,0.559484
1.405293,-0.006414,-0.001471,-0.004943,-0.719192,-0.717069,-0.002123,0.003492,-0.000420,0.003913,-2.290484,-2.270491,-0.019993,-0.000578,-0.014969,0.014392,1.473963,1.457001,0.016962,0.764655,0.718943,0.045712,-0.004533,-0.000203,-0.004330,-0.151616,-0.142708,-0.008908,0.003651,0.001242,0.002409,-0.137656,-0.131230,-0.006425,0.013198,0.000494,0.012703,0.216920,0.195994,0.020925,0.043210,0.004619,0.038591,-0.003621,-0.121107,0.002917,-0.109956,0.010542,0.173270,0.034515,-0.443471,-0.368205,0.351160,-1.722811,0.689600,0.523530,0.557720
1.409917,-0.006459,-0.001471,-0.004988,-0.720694,-0.717069,-0.003625,0.003529,-0.000420,0.003949,-2.291847,-2.270491,-0.021356,-0.000447,-0.014969,0.014522,1.476111,1.457001,0.019110,0.765083,0.718943,0.046140,-0.004567,-0.000203,-0.004364,-0.152749,-0.142708,-0.010041,0.003679,0.001242,0.002437,-0.138685,-0.131230,-0.007455,0.013296,0.000494,0.012802,0.218542,0.195994,0.022547,0.043533,0.004619,0.038914,-0.003250,-0.108681,0.002617,-0.098674,0.009460,0.155492,0.030974,-0.449238,-0.490452,0.355038,-1.851487,0.698163,0.589533,0.564715
1.414838,-0.006459,-0.001471,-0.004988,-0.720694,-0.717069,-0.003625,0.003529,-0.000420,0.003949,-2.291847,-2.270491,-0.021356,-0.000447,-0.014969,0.014522,1.476111,1.457001,0.019110,0.765083,0.718943,0.046140,-0.004567,-0.000203,-0.004364,-0.152749,-0.142708,-0.010041,0.003679,0.001242,0.002437,-0.138685,-0.131230,-0.007455,0.013296,0.000494,0.012802,0.218542,0.195994,0.022547,0.043533,0.004619,0.038914,-0.003250,-0.108681,0.002617,-0.098674,0.009460,0.155492,0.030974,-0.450820,-0.491765,0.356267,-1.857997,0.700612,0.591600,0.566694
1.420026,-0.006505,-0.001471,-0.005034,-0.722231,-0.717069,-0.005162,0.003566,-0.000420,0.003986,-2.293244,-2.270491,-0.022752,-0.000313,-0.014969,0.014656,1.478311,1.457001,0.021310,0.765521,0.718943,0.046578,-0.004598,-0.000203,-0.004395,-0.153776,-0.142708,-0.011068,0.003704,0.001242,0.002461,-0.139617,-0.131230,-0.008387,0.013386,0.000494,0.012892,0.220011,0.195994,0.024017,0.043826,0.004619,0.039207,-0.002872,-0.096045,0.002313,-0.087202,0.008360,0.137413,0.027372,-0.456862,-0.617689,0.360351,-1.990758,0.709597,0.659608,0.574024
1.425054,-0.006505,-0.001471,-0.005034,-0.722231,-0.717069,-0.005162,0.003566,-0.000420,0.003986,-2.293244,-2.270491,-0.022752,-0.000313,-0.014969,0.014656,1.478311,1.457001,0.021310,0.765521,0.718943,0.046578,-0.004598,-0.000203,-0.004395,-0.153776,-0.142708,-0.011068,0.003704,0.001242,0.002461,-0.139617,-0.131230,-0.008387,0.013386,0.000494,0.012892,0.220011,0.195994,0.024017,0.043826,0.004619,0.039207,-0.002872,-0.096045,0.002313,-0.087202,0.008360,0.137413,0.027372,-0.458494,-0.619522,0.361618,-1.997856,0.712122,0.661955,0.576064
1.431365,-0.006552,-0.001471,-0.005081,-0.723795,-0.717069,-0.006726,0.003603,-0.000420,0.004024,-2.294664,-2.270491,-0.024172,-0.000177,-0.014969,0.014792,1.480549,1.457001,0.023548,0.765967,0.718943,0.047024,-0.004625,-0.000203,-0.004422,-0.154685,-0.142708,-0.011978,0.003725,0.001242,0.002483,-0.140443,-0.131230,-0.009212,0.013465,0.000494,0.012971,0.221312,0.195994,0.025317,0.044085,0.004619,0.039466,-0.002490,-0.083272,0.002006,-0.075605,0.007249,0.119140,0.023732,-0.464997,-0.748771,0.366055,-2.134997,0.721820,0.731949,0.583962
1.434976,-0.006552,-0.001482,-0.005069,-0.723795,-0.721930,-0.001865,0.003603,-0.000378,0.003981,-2.294664,-2.275363,-0.019301,-0.000177,-0.014964,0.014787,1.480549,1.464422,0.016128,0.765967,0.719253,0.046713,-0.004625,-0.000935,-0.003691,-0.154685,-0.148322,-0.006364,0.003725,0.002519,0.001207,-0.140443,-0.162736,0.022293,0.013465,0.000455,0.013010,0.221312,0.253294,-0.031982,0.044085,0.009099,0.034986,-0.002490,-0.083272,0.002006,-0.075605,0.007249,0.119140,0.023732,-0.460169,-0.293022,0.354527,-1.504149,0.723523,0.389273,0.576739
1.439946,-0.006598,-0.001482,-0.005115,-0.725330,-0.721930,-0.003400,0.003640,-0.000378,0.004018,-2.296057,-2.275363,-0.020694,-0.000043,-0.014964,0.014920,1.482745,1.464422,0.018323,0.766404,0.719253,0.047151,-0.004648,-0.000935,-0.003714,-0.155448,-0.148322,-0.007126,0.003744,0.002519,0.001225,-0.141135,-0.162736,0.021600,0.013531,0.000455,0.013076,0.222403,0.253294,-0.030891,0.044302,0.009099,0.035204,-0.002117,-0.070808,0.001705,-0.064288,0.006164,0.101306,0.020180,-0.466153,-0.418349,0.358550,-1.635183,0.732465,0.456403,0.583985
1.445193,-0.006598,-0.001482,-0.005115,-0.725330,-0.721930,-0.003400,0.003640,-0.000378,0.004018,-2.296057,-2.275363,-0.020694,-0.000043,-0.014964,0.014920,1.482745,1.464422,0.018323,0.766404,0.719253,0.047151,-0.004648,-0.000935,-0.003714,-0.155448,-0.148322,-0.007126,0.003744,0.002519,0.001225,-0.141135,-0.162736,0.021600,0.013531,0.000455,0.013076,0.222403,0.253294,-0.030891,0.044302,0.009099,0.035204,-0.002117,-0.070808,0.001705,-0.064288,0.006164,0.101306,0.020180,-0.467853,-0.419596,0.359843,-1.641142,0.735130,0.458063,0.586107
1.450430,-0.006644,-0.001482,-0.005162,-0.726885,-0.721930,-0.004955,0.003678,-0.000378,0.004055,-2.297469,-2.275363,-0.022106,0.000092,-0.014964,0.015056,1.484970,1.464422,0.020548,0.766847,0.719253,0.047594,-0.004667,-0.000935,-0.003733,-0.156092,-0.148322,-0.007770,0.003759,0.002519,0.001240,-0.141720,-0.162736,0.021016,0.013587,0.000455,0.013132,0.223324,0.253294,-0.029970,0.044486,0.009099,0.035387,-0.001741,-0.058236,0.001403,-0.052874,0.005069,0.083319,0.016597,-0.473991,-0.547280,0.363981,-1.774651,0.744311,0.526422,0.593537
1.455171,-0.006644,-0.001482,-0.005162,-0.726885,-0.721930,-0.004955,0.003678,-0.000378,0.004055,-2.297469,-2.275363,-0.022106,0.000092,-0.014964,0.015056,1.484970,1.464422,0.020548,0.766847,0.719253,0.047594,-0.004667,-0.000935,-0.003733,-0.156092,-0.148322,-0.007770,0.003759,0.002519,0.001240,-0.141720,-0.162736,0.021016,0.013587,0.000455,0.013132,0.223324,0.253294,-0.029970,0.044486,0.009099,0.035387,-0.001741,-0.058236,0.001403,-0.052874,0.005069,0.083319,0.016597,-0.475553,-0.548876,0.365170,-1.780496,0.746759,0.528153,0.595488
1.459946,-0.006691,-0.001482,-0.005208,-0.728441,-0.721930,-0.006511,0.003715,-0.000378,0.004093,-2.298882,-2.275363,-0.023519,0.000227,-0.014964,0.015191,1.487196,1.464422,0.022775,0.767291,0.719253,0.048038,-0.004683,-0.000935,-0.003748,-0.156609,-0.148322,-0.008287,0.003772,0.002519,0.001253,-0.142190,-0.162736,0.020546,0.013632,0.000455,0.013177,0.224064,0.253294,-0.029230,0.044633,0.009099,0.035535,-0.001366,-0.045700,0.001101,-0.041493,0.003978,0.065385,0.013025,-0.481561,-0.677086,0.369212,-1.914027,0.755740,0.596652,0.602747
1.464892,-0.006691,-0.001482,-0.005208,-0.728441,-0.721930,-0.006511,0.003715,-0.000378,0.004093,-2.298882,-2.275363,-0.023519,0.000227,-0.014964,0.015191,1.487196,1.464422,0.022775,0.767291,0.719253,0.048038,-0.004683,-0.000935,-0.003748,-0.156609,-0.148322,-0.008287,0.003772,0.002519,0.001253,-0.142190,-0.162736,0.020546,0.013632,0.000455,0.013177,0.224064,0.253294,-0.029230,0.044633,0.009099,0.035535,-0.001366,-0.045700,0.001101,-0.041493,0.003978,0.065385,0.013025,-0.483205,-0.679228,0.370464,-1.920558,0.758316,0.598686,0.604801
1.470131,-0.006738,-0.001473,-0.005265,-0.730013,-0.726856,-0.003157,0.003753,-0.000280,0.004033,-2.300309,-2.281474,-0.018834,0.000364,-0.014959,0.015324,1.489445,1.474521,0.014923,0.767738,0.719656,0.048082,-0.004695,0.000843,-0.005538,-0.157004,-0.149307,-0.007697,0.003781,0.003739,0.000042,-0.142548,-0.189126,0.046578,0.013667,0.000059,0.013608,0.224629,0.302783,-0.078155,0.044746,0.012428,0.032318,-0.000989,-0.033079,0.000797,-0.030033,0.002879,0.047326,0.009427,-0.502821,-0.367878,0.357466,-1.331182,0.768821,0.254900,0.603660
1.474764,-0.006738,-0.001473,-0.005265,-0.730013,-0.726856,-0.003157,0.003753,-0.000280,0.004033,-2.300309,-2.281474,-0.018834,0.000364,-0.014959,0.015324,1.489445,1.474521,0.014923,0.767738,0.719656,0.048082,-0.004695,0.000843,-0.005538,-0.157004,-0.149307,-0.007697,0.003781,0.003739,0.000042,-0.142548,-0.189126,0.046578,0.013667,0.000059,0.013608,0.224629,0.302783,-0.078155,0.044746,0.012428,0.032318,-0.000989,-0.033079,0.000797,-0.030033,0.002879,0.047326,0.009427,-0.504407,-0.368926,0.358588,-1.335379,0.771243,0.255703,0.605561
1.479953,-0.006784,-0.001473,-0.005312,-0.731579,-0.726856,-0.004723,0.003791,-0.000280,0.004071,-2.301731,-2.281474,-0.020257,0.000501,-0.014959,0.015460,1.491686,1.474521,0.017165,0.768185,0.719656,0.048529,-0.004703,0.000843,-0.005546,-0.157271,-0.149307,-0.007964,0.003788,0.003739,0.000049,-0.142790,-0.189126,0.046335,0.013690,0.000059,0.013631,0.225011,0.302783,-0.077772,0.044822,0.012428,0.032394,-0.000614,-0.020522,0.000494,-0.018633,0.001786,0.029362,0.005849,-0.510661,-0.497804,0.362724,-1.468718,0.780547,0.323882,0.613026
1.485598,-0.006784,-0.001473,-0.005312,-0.731579,-0.726856,-0.004723,0.003791,-0.000280,0.004071,-2.301731,-2.281474,-0.020257,0.000501,-0.014959,0.015460,1.491686,1.474521,0.017165,0.768185,0.719656,0.048529,-0.004703,0.000843,-0.005546,-0.157271,-0.149307,-0.007964,0.003788,0.003739,0.000049,-0.142790,-0.189126,0.046335,0.013690,0.000059,0.013631,0.225011,0.302783,-0.077772,0.044822,0.012428,0.032394,-0.000614,-0.020522,0.000494,-0.018633,0.001786,0.029362,0.005849,-0.512609,-0.499618,0.364103,-1.474320,0.783523,0.325117,0.615362
1.489884,-0.006832,-0.001473,-0.005359,-0.733155,-0.726856,-0.006299,0.003829,-0.000280,0.004109,-2.303162,-2.281474,-0.021688,0.000638,-0.014959,0.015597,1.493941,1.474521,0.019419,0.768634,0.719656,0.048978,-0.004707,0.000843,-0.005550,-0.157413,-0.149307,-0.008107,0.003791,0.003739,0.000052,-0.142920,-0.189126,0.046206,0.013702,0.000059,0.013644,0.225215,0.302783,-0.077569,0.044862,0.012428,0.032434,-0.000236,-0.007908,0.000190,-0.007180,0.000688,0.011314,0.002254,-0.518594,-0.629521,0.368050,-1.608018,0.792421,0.393755,0.622499
1.495690,-0.006832,-0.001473,-0.005359,-0.733155,-0.726856,-0.006299,0.003829,-0.000280,0.004109,-2.303162,-2.281474,-0.021688,0.000638,-0.014959,0.015597,1.493941,1.474521,0.019419,0.768634,0.719656,0.048978,-0.004707,0.000843,-0.005550,-0.157413,-0.149307,-0.008107,0.003791,0.003739,0.000052,-0.142920,-0.189126,0.046206,0.013702,0.000059,0.013644,0.225215,0.302783,-0.077569,0.044862,0.012428,0.032434,-0.000236,-0.007908,0.000190,-0.007180,0.000688,0.011314,0.002254,-0.520565,-0.631880,0.369446,-1.614127,0.795430,0.395250,0.624863
1.499830,-0.006879,-0.001473,-0.005406,-0.734732,-0.726856,-0.007876,0.003867,-0.000280,0.004147,-2.304593,-2.281474,-0.023119,0.000775,-0.014959,0.015734,1.496196,1.474521,0.021675,0.769083,0.719656,0.049427,-0.004707,0.000843,-0.005551,-0.157429,-0.149307,-0.008123,0.003792,0.003739,0.000053,-0.142934,-0.189126,0.046191,0.013704,0.000059,0.013645,0.225238,0.302783,-0.077546,0.044867,0.012428,0.032439,0.000141,0.004705,-0.000113,0.004272,-0.000410,-0.006732,-0.001341,-0.526564,-0.762288,0.373405,-1.748281,0.804352,0.464129,0.632009
1.505120,-0.006879,-0.001483,-0.005396,-0.734732,-0.731564,-0.003168,0.003867,-0.000193,0.004059,-2.304593,-2.287963,-0.016630,0.000775,-0.014950,0.015725,1.496196,1.484310,0.011886,0.769083,0.720234,0.048850,-0.004707,-0.000326,-0.004381,-0.157429,-0.128990,-0.028439,0.003792,0.002846,0.000946,-0.142934,-0.186736,0.043802,0.013704,0.000485,0.013218,0.225238,0.260660,-0.035422,0.044867,0.020695,0.024172,0.000141,0.004705,-0.000113,0.004272,-0.000410,-0.006732,-0.001341,-0.519079,-0.486585,0.373250,-1.185671,0.805218,0.272519,0.617331
1.509972,-0.006926,-0.001483,-0.005443,-0.736299,-0.731564,-0.004735,0.003905,-0.000193,0.004097,-2.306016,-2.287963,-0.018053,0.000911,-0.014950,0.015862,1.498439,1.484310,0.014128,0.769530,0.720234,0.049296,-0.004704,-0.000326,-0.004378,-0.157320,-0.128990,-0.028330,0.003789,0.002846,0.000943,-0.142835,-0.186736,0.043901,0.013694,0.000485,0.013209,0.225081,0.260660,-0.035579,0.044836,0.020695,0.024141,0.000516,0.017248,-0.000415,0.015660,-0.001501,-0.024677,-0.004916,-0.525227,-0.616114,0.377335,-1.318253,0.814417,0.340762,0.624633
1.515039,-0.006926,-0.001483,-0.005443,-0.736299,-0.731564,-0.004735,0.003905,-0.000193,0.004097,-2.306016,-2.287963,-0.018053,0.000911,-0.014950,0.015862,1.498439,1.484310,0.014128,0.769530,0.720234,0.049296,-0.004704,-0.000326,-0.004378,-0.157320,-0.128990,-0.028330,0.003789,0.002846,0.000943,-0.142835,-0.186736,0.043901,0.013694,0.000485,0.013209,0.225081,0.260660,-0.035579,0.044836,0.020695,0.024141,0.000516,0.017248,-0.000415,0.015660,-0.001501,-0.024677,-0.004916,-0.526989,-0.618243,0.378604,-1.322676,0.817150,0.341906,0.626730
1.520101,-0.006973,-0.001483,-0.005490,-0.737879,-0.731564,-0.006315,0.003943,-0.000193,0.004135,-2.307451,-2.287963,-0.019488,0.001049,-0.014950,0.015999,1.500699,1.484310,0.016389,0.769980,0.720234,0.049747,-0.004697,-0.000326,-0.004371,-0.157083,-0.128990,-0.028093,0.003783,0.002846,0.000938,-0.142620,-0.186736,0.044116,0.013674,0.000485,0.013188,0.224742,0.260660,-0.035918,0.044768,0.020695,0.024073,0.000894,0.029905,-0.000720,0.027152,-0.002603,-0.042786,-0.008523,-0.533263,-0.749355,0.382778,-1.456916,0.826543,0.410968,0.634172
1.525689,-0.006973,-0.001483,-0.005490,-0.737879,-0.731564,-0.006315,0.003943,-0.000193,0.004135,-2.307451,-2.287963,-0.019488,0.001049,-0.014950,0.015999,1.500699,1.484310,0.016389,0.769980,0.720234,0.049747,-0.004697,-0.000326,-0.004371,-0.157083,-0.128990,-0.028093,0.003783,0.002846,0.000938,-0.142620,-0.186736,0.044116,0.013674,0.000485,0.013188,0.224742,0.260660,-0.035918,0.044768,0.020695,0.024073,0.000894,0.029905,-0.000720,0.027152,-0.002603,-0.042786,-0.008523,-0.535204,-0.752200,0.384177,-1.462219,0.829554,0.412465,0.636483
1.530280,-0.007020,-0.001483,-0.005537,-0.739457,-0.731564,-0.007893,0.003981,-0.000193,0.004173,-2.308883,-2.287963,-0.020920,0.001186,-0.014950,0.016137,1.502956,1.484310,0.018646,0.770430,0.720234,0.050196,-0.004686,-0.000326,-0.004360,-0.156719,-0.128990,-0.027728,0.003774,0.002846,0.000929,-0.142289,-0.186736,0.044447,0.013642,0.000485,0.013157,0.224221,0.260660,-0.036439,0.044664,0.020695,0.023969,0.001273,0.042569,-0.001025,0.038650,-0.003706,-0.060905,-0.012132,-0.541336,-0.883372,0.388248,-1.596310,0.838729,0.481548,0.643748
1.535027,-0.007020,-0.001487,-0.005533,-0.739457,-0.735650,-0.003807,0.003981,-0.000111,0.004092,-2.308883,-2.294011,-0.014873,0.001186,-0.014824,0.016010,1.502956,1.492106,0.010851,0.770430,0.721118,0.049312,-0.004686,0.000020,-0.004706,-0.156719,-0.123845,-0.032874,0.003774,0.002861,0.000913,-0.142289,-0.182387,0.040098,0.013642,0.011063,0.002579,0.224221,0.218640,0.005581,0.044664,0.031500,0.013164,0.001273,0.042569,-0.001025,0.038650,-0.003706,-0.060905,-0.012132,-0.545109,-0.548007,0.381856,-1.076127,0.796139,0.346900,0.621594
1.540105,-0.007066,-0.001487,-0.005579,-0.741006,-0.735650,-0.005356,0.004018,-0.000111,0.004129,-2.310289,-2.294011,-0.016279,0.001321,-0.014824,0.016145,1.505172,1.492106,0.013067,0.770871,0.721118,0.049753,-0.004672,0.000020,-0.004691,-0.156236,-0.123845,-0.032390,0.003763,0.002861,0.000902,-0.141851,-0.182387,0.040537,0.013600,0.011063,0.002537,0.223530,0.218640,0.004890,0.044527,0.031500,0.013026,0.001646,0.055035,-0.001325,0.049968,-0.004791,-0.078740,-0.015685,-0.551365,-0.676420,0.385994,-1.206970,0.805355,0.414645,0.628911
1.545340,-0.007066,-0.001487,-0.005579,-0.741006,-0.735650,-0.005356,0.004018,-0.000111,0.004129,-2.310289,-2.294011,-0.016279,0.001321,-0.014824,0.016145,1.505172,1.492106,0.013067,0.770871,0.721118,0.049753,-0.004672,0.000020,-0.004691,-0.156236,-0.123845,-0.032390,0.003763,0.002861,0.000902,-0.141851,-0.182387,0.040537,0.013600,0.011063,0.002537,0.223530,0.218640,0.004890,0.044527,0.031500,0.013026,0.001646,0.055035,-0.001325,0.049968,-0.004791,-0.078740,-0.015685,-0.553222,-0.678898,0.387304,-1.211035,0.808072,0.416044,0.631034
1.550572,-0.007113,-0.001487,-0.005626,-0.742567,-0.735650,-0.006917,0.004055,-0.000111,0.004167,-2.311707,-2.294011,-0.017696,0.001457,-0.014824,0.016281,1.507406,1.492106,0.015300,0.771316,0.721118,0.050198,-0.004653,0.000020,-0.004673,-0.155622,-0.123845,-0.031777,0.003748,0.002861,0.000887,-0.141293,-0.182387,0.041094,0.013546,0.011063,0.002483,0.222652,0.218640,0.004011,0.044352,0.031500,0.012851,0.002023,0.067643,-0.001629,0.061414,-0.005888,-0.096778,-0.019278,-0.559574,-0.808784,0.391506,-1.343401,0.817433,0.484567,0.638453
1.555202,-0.007113,-0.001487,-0.005626,-0.742567,-0.735650,-0.006917,0.004055,-0.000111,0.004167,-2.311707,-2.294011,-0.017696,0.001457,-0.014824,0.016281,1.507406,1.492106,0.015300,0.771316,0.721118,0.050198,-0.004653,0.000020,-0.004673,-0.155622,-0.123845,-0.031777,0.003748,0.002861,0.000887,-0.141293,-0.182387,0.041094,0.013546,0.011063,0.002483,0.222652,0.218640,0.004011,0.044352,0.031500,0.012851,0.002023,0.067643,-0.001629,0.061414,-0.005888,-0.096778,-0.019278,-0.561237,-0.811407,0.392681,-1.347397,0.819868,0.486011,0.640356
1.559937,-0.007159,-0.001487,-0.005672,-0.744119,-0.735650,-0.008469,0.004093,-0.000111,0.004204,-2.313116,-2.294011,-0.019105,0.001592,-0.014824,0.016416,1.509626,1.492106,0.017520,0.771759,0.721118,0.050641,-0.004631,0.000020,-0.004651,-0.154883,-0.123845,-0.031038,0.003730,0.002861,0.000869,-0.140622,-0.182387,0.041765,0.013482,0.011063,0.002419,0.221594,0.218640,0.002954,0.044141,0.031500,0.012641,0.002399,0.080232,-0.001932,0.072844,-0.006984,-0.114789,-0.022866,-0.567365,-0.940527,0.396725,-1.478846,0.828904,0.554136,0.647509
1.565018,-0.007159,-0.001487,-0.005672,-0.744119,-0.735650,-0.008469,0.004093,-0.000111,0.004204,-2.313116,-2.294011,-0.019105,0.001592,-0.014824,0.016416,1.509626,1.492106,0.017520,0.771759,0.721118,0.050641,-0.004631,0.000020,-0.004651,-0.154883,-0.123845,-0.031038,0.003730,0.002861,0.000869,-0.140622,-0.182387,0.041765,0.013482,0.011063,0.002419,0.221594,0.218640,0.002954,0.044141,0.031500,0.012641,0.002399,0.080232,-0.001932,0.072844,-0.006984,-0.114789,-0.022866,-0.569221,-0.943890,0.398037,-1.483686,0.831622,0.555953,0.649634
1.570124,-0.007206,-0.001485,-0.005721,-0.745669,-0.739682,-0.005987,0.004130,-0.000027,0.004157,-2.314523,-2.300129,-0.014394,0.001727,-0.014395,0.016122,1.511844,1.498268,0.013576,0.772200,0.722309,0.049892,-0.004605,-0.000456,-0.004149,-0.154014,-0.120886,-0.033128,0.003709,0.003747,-0.000038,-0.139833,-0.180492,0.040658,0.013407,0.011519,0.001888,0.220351,0.169497,0.050855,0.043894,0.037483,0.006411,0.002777,0.092872,-0.002237,0.084321,-0.008084,-0.132875,-0.026468,-0.572109,-0.716151,0.387565,-1.053200,0.817593,0.554247,0.634473
1.574991,-0.007206,-0.001485,-0.005721,-0.745669,-0.739682,-0.005987,0.004130,-0.000027,0.004157,-2.314523,-2.300129,-0.014394,0.001727,-0.014395,0.016122,1.511844,1.498268,0.013576,0.772200,0.722309,0.049892,-0.004605,-0.000456,-0.004149,-0.154014,-0.120886,-0.033128,0.003709,0.003747,-0.000038,-0.139833,-0.180492,0.040658,0.013407,0.011519,0.001888,0.220351,0.169497,0.050855,0.043894,0.037483,0.006411,0.002777,0.092872,-0.002237,0.084321,-0.008084,-0.132875,-0.026468,-0.573881,-0.718680,0.388782,-1.056462,0.820133,0.555969,0.636445
1.580089,-0.007251,-0.001485,-0.005766,-0.747198,-0.739682,-0.007516,0.004167,-0.000027,0.004194,-2.315912,-2.300129,-0.015782,0.001860,-0.014395,0.016255,1.514032,1.498268,0.015764,0.772636,0.722309,0.050328,-0.004576,-0.000456,-0.004120,-0.153027,-0.120886,-0.032141,0.003685,0.003747,-0.000061,-0.138937,-0.180492,0.041555,0.013321,0.011519,0.001802,0.218938,0.169497,0.049442,0.043612,0.037483,0.006129,0.003152,0.105418,-0.002539,0.095712,-0.009176,-0.150824,-0.030044,-0.580099,-0.845646,0.392850,-1.185196,0.829249,0.623365,0.643620
1.585792,-0.007251,-0.001485,-0.005766,-0.747198,-0.739682,-0.007516,0.004167,-0.000027,0.004194,-2.315912,-2.300129,-0.015782,0.001860,-0.014395,0.016255,1.514032,1.498268,0.015764,0.772636,0.722309,0.050328,-0.004576,-0.000456,-0.004120,-0.153027,-0.120886,-0.032141,0.003685,0.003747,-0.000061,-0.138937,-0.180492,0.041555,0.013321,0.011519,0.001802,0.218938,0.169497,0.049442,0.043612,0.037483,0.006129,0.003152,0.105418,-0.002539,0.095712,-0.009176,-0.150824,-0.030044,-0.582158,-0.849054,0.394266,-1.189405,0.832202,0.625585,0.645915
1.590068,-0.007297,-0.001485,-0.005812,-0.748729,-0.739682,-0.009047,0.004204,-0.000027,0.004231,-2.317301,-2.300129,-0.017172,0.001993,-0.014395,0.016388,1.516222,1.498268,0.017954,0.773072,0.722309,0.050764,-0.004542,-0.000456,-0.004086,-0.151905,-0.120886,-0.031019,0.003658,0.003747,-0.000088,-0.137918,-0.180492,0.042573,0.013223,0.011519,0.001704,0.217333,0.169497,0.047837,0.043292,0.037483,0.005810,0.003530,0.118063,-0.002843,0.107192,-0.010277,-0.168915,-0.033648,-0.588116,-0.975893,0.398152,-1.317973,0.840947,0.692891,0.652789
1.594947,-0.007297,-0.001485,-0.005812,-0.748729,-0.739682,-0.009047,0.004204,-0.000027,0.004231,-2.317301,-2.300129,-0.017172,0.001993,-0.014395,0.016388,1.516222,1.498268,0.017954,0.773072,0.722309,0.050764,-0.004542,-0.000456,-0.004086,-0.151905,-0.120886,-0.031019,0.003658,0.003747,-0.000088,-0.137918,-0.180492,0.042573,0.013223,0.011519,0.001704,0.217333,0.169497,0.047837,0.043292,0.037483,0.005810,0.003530,0.118063,-0.002843,0.107192,-0.010277,-0.168915,-0.033648,-0.589907,-0.979255,0.399384,-1.321988,0.843516,0.695008,0.654785
1.600073,-0.007342,-0.001485,-0.005857,-0.750241,-0.739682,-0.010559,0.004240,-0.000027,0.004267,-2.318674,-2.300129,-0.018545,0.002125,-0.014395,0.016520,1.518385,1.498268,0.020117,0.773503,0.722309,0.051195,-0.004505,-0.000456,-0.004049,-0.150662,-0.120886,-0.029776,0.003629,0.003747,-0.000118,-0.136790,-0.180492,0.043702,0.013115,0.011519,0.001596,0.215555,0.169497,0.046059,0.042938,0.037483,0.005455,0.003907,0.130650,-0.003147,0.118621,-0.011373,-0.186924,-0.037235,-0.596106,-1.105199,0.403434,-1.449841,0.852607,0.761941,0.661913
1.605299,-0.007342,-0.001495,-0.005848,-0.750241,-0.743591,-0.006650,0.004240,0.000037,0.004203,-2.318674,-2.306154,-0.012520,0.002125,-0.013981,0.016106,1.518385,1.504247,0.014138,0.773503,0.723453,0.050051,-0.004505,-0.001610,-0.002895,-0.150662,-0.113325,-0.037337,0.003629,0.002536,0.001092,-0.136790,-0.179873,0.043083,0.013115,0.011981,0.001134,0.215555,0.192182,0.023373,0.042938,0.025543,0.017395,0.003907,0.130650,-0.003147,0.118621,-0.011373,-0.186924,-0.037235,-0.588196,-0.791456,0.407968,-0.878597,0.832388,0.514182,0.664717
1.609742,-0.007387,-0.001495,-0.005892,-0.751735,-0.743591,-0.008144,0.004276,0.000037,0.004239,-2.320031,-2.306154,-0.013877,0.002255,-0.013981,0.016236,1.520523,1.504247,0.016275,0.773929,0.723453,0.050476,-0.004464,-0.001610,-0.002854,-0.149298,-0.113325,-0.035973,0.003596,0.002536,0.001059,-0.135552,-0.179873,0.044321,0.012996,0.011981,0.001015,0.213604,0.192182,0.021422,0.042550,0.025543,0.017007,0.004282,0.143195,-0.003449,0.130010,-0.012465,-0.204872,-0.040810,-0.594074,-0.914661,0.411825,-1.002909,0.840997,0.579420,0.671506
1.614934,-0.007387,-0.001495,-0.005892,-0.751735,-0.743591,-0.008144,0.004276,0.000037,0.004239,-2.320031,-2.306154,-0.013877,0.002255,-0.013981,0.016236,1.520523,1.504247,0.016275,0.773929,0.723453,0.050476,-0.004464,-0.001610,-0.002854,-0.149298,-0.113325,-0.035973,0.003596,0.002536,0.001059,-0.135552,-0.179873,0.044321,0.012996,0.011981,0.001015,0.213604,0.192182,0.021422,0.042550,0.025543,0.017007,0.004282,0.143195,-0.003449,0.130010,-0.012465,-0.204872,-0.040810,-0.595980,-0.918095,0.413173,-1.006128,0.843708,0.581288,0.673674
1.619940,-0.007432,-0.001495,-0.005937,-0.753240,-0.743591,-0.009648,0.004312,0.000037,0.004276,-2.321397,-2.306154,-0.015243,0.002386,-0.013981,0.016367,1.522675,1.504247,0.018428,0.774358,0.723453,0.050905,-0.004419,-0.001610,-0.002809,-0.147783,-0.113325,-0.034458,0.003559,0.002536,0.001023,-0.134176,-0.179873,0.045697,0.012864,0.011981,0.000883,0.211436,0.192182,0.019254,0.042118,0.025543,0.016575,0.004663,0.155953,-0.003756,0.141594,-0.013575,-0.223126,-0.044446,-0.602093,-1.042532,0.417187,-1.131780,0.852653,0.647245,0.680716
1.624917,-0.007432,-0.001495,-0.005937,-0.753240,-0.743591,-0.009648,0.004312,0.000037,0.004276,-2.321397,-2.306154,-0.015243,0.002386,-0.013981,0.016367,1.522675,1.504247,0.018428,0.774358,0.723453,0.050905,-0.004419,-0.001610,-0.002809,-0.147783,-0.113325,-0.034458,0.003559,0.002536,0.001023,-0.134176,-0.179873,0.045697,0.012864,0.011981,0.000883,0.211436,0.192182,0.019254,0.042118,0.025543,0.016575,0.004663,0.155953,-0.003756,0.141594,-0.013575,-0.223126,-0.044446,-0.603934,-1.046237,0.418488,-1.135241,0.855271,0.649233,0.682810
1.630341,-0.007476,-0.001495,-0.005981,-0.754700,-0.743591,-0.011109,0.004348,0.000037,0.004311,-2.322723,-2.306154,-0.016569,0.002513,-0.013981,0.016494,1.524765,1.504247,0.020518,0.774774,0.723453,0.051321,-0.004371,-0.001610,-0.002761,-0.146171,-0.113325,-0.032846,0.003520,0.002536,0.000984,-0.132713,-0.179873,0.047160,0.012724,0.011981,0.000743,0.209130,0.192182,0.016948,0.041658,0.025543,0.016115,0.005037,0.168468,-0.004057,0.152956,-0.014665,-0.241030,-0.048013,-0.610078,-1.167417,0.422527,-1.257703,0.864255,0.713531,0.689872
1.635193,-0.007476,-0.001502,-0.005974,-0.754700,-0.747199,-0.007501,0.004348,0.000111,0.004237,-2.322723,-2.312264,-0.010459,0.002513,-0.013542,0.016056,1.524765,1.511513,0.013252,0.774774,0.724026,0.050749,-0.004371,0.000431,-0.004802,-0.146171,-0.103768,-0.042403,0.003520,0.003331,0.000190,-0.132713,-0.185939,0.053226,0.012724,0.013508,-0.000784,0.209130,0.231952,-0.022821,0.041658,0.012613,0.029046,0.005037,0.168468,-0.004057,0.152956,-0.014665,-0.241030,-0.048013,-0.627212,-0.893049,0.410325,-0.613816,0.837908,0.373964,0.701358
1.640103,-0.007519,-0.001502,-0.006017,-0.756145,-0.747199,-0.008946,0.004382,0.000111,0.004272,-2.324035,-2.312264,-0.011771,0.002639,-0.013542,0.016181,1.526833,1.511513,0.015320,0.775186,0.724026,0.051161,-0.004319,0.000431,-0.004750,-0.144433,-0.103768,-0.040665,0.003479,0.003331,0.000148,-0.131135,-0.185939,0.054804,0.012573,0.013508,-0.000935,0.206644,0.231952,-0.025308,0.041163,0.012613,0.028550,0.005412,0.180995,-0.004359,0.164330,-0.015755,-0.258954,-0.051583,-0.633177,-1.011739,0.414163,-0.732760,0.846487,0.436412,0.708178
1.645201,-0.007519,-0.001502,-0.006017,-0.756145,-0.747199,-0.008946,0.004382,0.000111,0.004272,-2.324035,-2.312264,-0.011771,0.002639,-0.013542,0.016181,1.526833,1.511513,0.015320,0.775186,0.724026,0.051161,-0.004319,0.000431,-0.004750,-0.144433,-0.103768,-0.040665,0.003479,0.003331,0.000148,-0.131135,-0.185939,0.054804,0.012573,0.013508,-0.000935,0.206644,0.231952,-0.025308,0.041163,0.012613,0.028550,0.005412,0.180995,-0.004359,0.164330,-0.015755,-0.258954,-0.051583,-0.635132,-1.015469,0.415473,-0.735019,0.849114,0.437767,0.710380
1.650131,-0.007562,-0.001502,-0.006061,-0.757587,-0.747199,-0.010388,0.004417,0.000111,0.004306,-2.325344,-2.312264,-0.013080,0.002764,-0.013542,0.016307,1.528895,1.511513,0.017382,0.775597,0.724026,0.051571,-0.004262,0.000431,-0.004693,-0.142552,-0.103768,-0.038783,0.003433,0.003331,0.000103,-0.129427,-0.185939,0.056512,0.012409,0.013508,-0.001099,0.203952,0.231952,-0.028000,0.040627,0.012613,0.028014,0.005790,0.193646,-0.004664,0.175816,-0.016856,-0.277053,-0.055189,-0.641098,-1.133691,0.419302,-0.853654,0.857693,0.500051,0.717184
1.655086,-0.007562,-0.001502,-0.006061,-0.757587,-0.747199,-0.010388,0.004417,0.000111,0.004306,-2.325344,-2.312264,-0.013080,0.002764,-0.013542,0.016307,1.528895,1.511513,0.017382,0.775597,0.724026,0.051571,-0.004262,0.000431,-0.004693,-0.142552,-0.103768,-0.038783,0.003433,0.003331,0.000103,-0.129427,-0.185939,0.056512,0.012409,0.013508,-0.001099,0.203952,0.231952,-0.028000,0.040627,0.012613,0.028014,0.005790,0.193646,-0.004664,0.175816,-0.016856,-0.277053,-0.055189,-0.643013,-1.137706,0.420586,-0.856201,0.860268,0.501553,0.719341
1.660091,-0.007604,-0.001502,-0.006103,-0.758996,-0.747199,-0.011798,0.004451,0.000111,0.004340,-2.326624,-2.312264,-0.014360,0.002887,-0.013542,0.016430,1.530912,1.511513,0.019399,0.775999,0.724026,0.051973,-0.004203,0.000431,-0.004634,-0.140561,-0.103768,-0.036793,0.003385,0.003331,0.000055,-0.127619,-0.185939,0.058320,0.012235,0.013508,-0.001272,0.201104,0.231952,-0.030848,0.040059,0.012613,0.027447,0.006165,0.206188,-0.004966,0.187204,-0.017948,-0.294998,-0.058763,-0.648914,-1.253219,0.424367,-0.972258,0.868746,0.562487,0.726053
1.665354,-0.007604,-0.001502,-0.006103,-0.758996,-0.747199,-0.011798,0.004451,0.000111,0.004340,-2.326624,-2.312264,-0.014360,0.002887,-0.013542,0.016430,1.530912,1.511513,0.019399,0.775999,0.724026,0.051973,-0.004203,0.000431,-0.004634,-0.140561,-0.103768,-0.036793,0.003385,0.003331,0.000055,-0.127619,-0.185939,0.058320,0.012235,0.013508,-0.001272,0.201104,0.231952,-0.030848,0.040059,0.012613,0.027447,0.006165,0.206188,-0.004966,0.187204,-0.017948,-0.294998,-0.058763,-0.650963,-1.257886,0.425742,-0.975327,0.871504,0.564274,0.728362
1.670084,-0.007646,-0.001518,-0.006128,-0.760396,-0.750590,-0.009807,0.004485,0.000191,0.004294,-2.327895,-2.318338,-0.009556,0.003009,-0.012991,0.016000,1.532915,1.519261,0.013654,0.776398,0.724496,0.051902,-0.004139,-0.000656,-0.003484,-0.138428,-0.094050,-0.044378,0.003334,0.002762,0.000572,-0.125683,-0.167688,0.042006,0.012050,0.017084,-0.005034,0.198053,0.211616,-0.013563,0.039452,0.014694,0.024758,0.006543,0.218828,-0.005270,0.198680,-0.019048,-0.313082,-0.062365,-0.646363,-1.110914,0.426014,-0.627243,0.836046,0.420149,0.725843
1.675273,-0.007646,-0.001518,-0.006128,-0.760396,-0.750590,-0.009807,0.004485,0.000191,0.004294,-2.327895,-2.318338,-0.009556,0.003009,-0.012991,0.016000,1.532915,1.519261,0.013654,0.776398,0.724496,0.051902,-0.004139,-0.000656,-0.003484,-0.138428,-0.094050,-0.044378,0.003334,0.002762,0.000572,-0.125683,-0.167688,0.042006,0.012050,0.017084,-0.005034,0.198053,0.211616,-0.013563,0.039452,0.014694,0.024758,0.006543,0.218828,-0.005270,0.198680,-0.019048,-0.313082,-0.062365,-0.648283,-1.114916,0.427314,-0.629099,0.838542,0.421405,0.728016
1.679817,-0.007687,-0.001518,-0.006169,-0.761763,-0.750590,-0.011173,0.004518,0.000191,0.004327,-2.329135,-2.318338,-0.010797,0.003128,-0.012991,0.016119,1.534870,1.519261,0.015609,0.776787,0.724496,0.052291,-0.004072,-0.000656,-0.003417,-0.136189,-0.094050,-0.042139,0.003280,0.002762,0.000518,-0.123649,-0.167688,0.044039,0.011855,0.017084,-0.005229,0.194848,0.211616,-0.016768,0.038813,0.014694,0.024119,0.006918,0.231360,-0.005572,0.210058,-0.020139,-0.331012,-0.065937,-0.653929,-1.225342,0.430921,-0.739870,0.846581,0.479681,0.734411
1.685266,-0.007687,-0.001518,-0.006169,-0.761763,-0.750590,-0.011173,0.004518,0.000191,0.004327,-2.329135,-2.318338,-0.010797,0.003128,-0.012991,0.016119,1.534870,1.519261,0.015609,0.776787,0.724496,0.052291,-0.004072,-0.000656,-0.003417,-0.136189,-0.094050,-0.042139,0.003280,0.002762,0.000518,-0.123649,-0.167688,0.044039,0.011855,0.017084,-0.005229,0.194848,0.211616,-0.016768,0.038813,0.014694,0.024119,0.006918,0.231360,-0.005572,0.210058,-0.020139,-0.331012,-0.065937,-0.656027,-1.230078,0.432343,-0.742239,0.849312,0.481229,0.736786
1.689973,-0.007728,-0.001518,-0.006210,-0.763122,-0.750590,-0.012533,0.004551,0.000191,0.004360,-2.330370,-2.318338,-0.012031,0.003246,-0.012991,0.016238,1.536815,1.519261,0.017554,0.777175,0.724496,0.052679,-0.004001,-0.000656,-0.003345,-0.133795,-0.094050,-0.039745,0.003222,0.002762,0.000460,-0.121476,-0.167688,0.046213,0.011646,0.017084,-0.005437,0.191423,0.211616,-0.020193,0.038131,0.014694,0.023437,0.007297,0.244045,-0.005878,0.221575,-0.021243,-0.349161,-0.069552,-0.661646,-1.339461,0.435920,-0.852215,0.857308,0.539086,0.743130
1.695202,-0.007728,-0.001518,-0.006210,-0.763122,-0.750590,-0.012533,0.004551,0.000191,0.004360,-2.330370,-2.318338,-0.012031,0.003246,-0.012991,0.016238,1.536815,1.519261,0.017554,0.777175,0.724496,0.052679,-0.004001,-0.000656,-0.003345,-0.133795,-0.094050,-0.039745,0.003222,0.002762,0.000460,-0.121476,-0.167688,0.046213,0.011646,0.017084,-0.005437,0.191423,0.211616,-0.020193,0.038131,0.014694,0.023437,0.007297,0.244045,-0.005878,0.221575,-0.021243,-0.349161,-0.069552,-0.663671,-1.344373,0.437294,-0.854821,0.859947,0.540747,0.745423
1.700212,-0.007768,-0.001518,-0.006250,-0.764464,-0.750590,-0.013874,0.004583,0.000191,0.004392,-2.331588,-2.318338,-0.013250,0.003363,-0.012991,0.016354,1.538735,1.519261,0.019474,0.777557,0.724496,0.053061,-0.003925,-0.000656,-0.003269,-0.131260,-0.094050,-0.037210,0.003161,0.002762,0.000399,-0.119174,-0.167688,0.048514,0.011426,0.017084,-0.005658,0.187796,0.211616,-0.023820,0.037409,0.014694,0.022715,0.007678,0.256796,-0.006185,0.233152,-0.022353,-0.367403,-0.073186,-0.669346,-1.452032,0.440899,-0.963193,0.868006,0.597776,0.751809
1.704941,-0.007768,-0.001536,-0.006231,-0.764464,-0.753669,-0.010795,0.004583,0.000250,0.004333,-2.331588,-2.323411,-0.008177,0.003363,-0.012522,0.015885,1.538735,1.525803,0.012931,0.777557,0.724984,0.052573,-0.003925,-0.000573,-0.003352,-0.131260,-0.085222,-0.046037,0.003161,0.000481,0.002680,-0.119174,-0.139555,0.020381,0.011426,0.014051,-0.002625,0.187796,0.182993,0.004803,0.037409,0.015405,0.022004,0.007678,0.256796,-0.006185,0.233152,-0.022353,-0.367403,-0.073186,-0.669925,-1.214781,0.454820,-0.676571,0.857256,0.454396,0.746290
1.710349,-0.007806,-0.001536,-0.006269,-0.765740,-0.753669,-0.012071,0.004614,0.000250,0.004364,-2.332746,-2.323411,-0.009335,0.003474,-0.012522,0.015996,1.540560,1.525803,0.014756,0.777921,0.724984,0.052937,-0.003848,-0.000573,-0.003275,-0.128679,-0.085222,-0.043457,0.003099,0.000481,0.002618,-0.116831,-0.139555,0.022724,0.011201,0.014051,-0.002849,0.184104,0.182993,0.001111,0.036673,0.015405,0.021268,0.008048,0.269155,-0.006482,0.244373,-0.023429,-0.385086,-0.076708,-0.675546,-1.316345,0.458431,-0.778621,0.865176,0.508165,0.752576
1.715205,-0.007806,-0.001536,-0.006269,-0.765740,-0.753669,-0.012071,0.004614,0.000250,0.004364,-2.332746,-2.323411,-0.009335,0.003474,-0.012522,0.015996,1.540560,1.525803,0.014756,0.777921,0.724984,0.052937,-0.003848,-0.000573,-0.003275,-0.128679,-0.085222,-0.043457,0.003099,0.000481,0.002618,-0.116831,-0.139555,0.022724,0.011201,0.014051,-0.002849,0.184104,0.182993,0.001111,0.036673,0.015405,0.021268,0.008048,0.269155,-0.006482,0.244373,-0.023429,-0.385086,-0.076708,-0.677454,-1.320888,0.459767,-0.780817,0.867635,0.509611,0.754721
1.719873,-0.007844,-0.001536,-0.006308,-0.767019,-0.753669,-0.013350,0.004644,0.000250,0.004395,-2.333908,-2.323411,-0.010497,0.003586,-0.012522,0.016107,1.542391,1.525803,0.016587,0.778285,0.724984,0.053302,-0.003765,-0.000573,-0.003192,-0.125910,-0.085222,-0.040688,0.003032,0.000481,0.002552,-0.114317,-0.139555,0.025238,0.010960,0.014051,-0.003090,0.180142,0.182993,-0.002851,0.035884,0.015405,0.020479,0.008427,0.281816,-0.006787,0.255868,-0.024531,-0.403200,-0.080317,-0.682797,-1.421310,0.463166,-0.882405,0.875193,0.563092,0.760669
1.725213,-0.007844,-0.001536,-0.006308,-0.767019,-0.753669,-0.013350,0.004644,0.000250,0.004395,-2.333908,-2.323411,-0.010497,0.003586,-0.012522,0.016107,1.542391,1.525803,0.016587,0.778285,0.724984,0.053302,-0.003765,-0.000573,-0.003192,-0.125910,-0.085222,-0.040688,0.003032,0.000481,0.002552,-0.114317,-0.139555,0.025238,0.010960,0.014051,-0.003090,0.180142,0.182993,-0.002851,0.035884,0.015405,0.020479,0.008427,0.281816,-0.006787,0.255868,-0.024531,-0.403200,-0.080317,-0.684895,-1.426619,0.464636,-0.885115,0.877900,0.564835,0.763029
1.730038,-0.007882,-0.001536,-0.006345,-0.768277,-0.753669,-0.014608,0.004675,0.000250,0.004425,-2.335049,-2.323411,-0.011639,0.003695,-0.012522,0.016217,1.544189,1.525803,0.018386,0.778644,0.724984,0.053660,-0.003678,-0.000573,-0.003105,-0.122999,-0.085222,-0.037776,0.002962,0.000481,0.002481,-0.111674,-0.139555,0.027882,0.010707,0.014051,-0.003344,0.175977,0.182993,-0.007016,0.035054,0.015405,0.019649,0.008807,0.294539,-0.007094,0.267420,-0.025639,-0.421404,-0.083943,-0.690222,-1.524573,0.468013,-0.984462,0.885421,0.617147,0.768933
1.735060,-0.007882,-0.001597,-0.006285,-0.768277,-0.756422,-0.011855,0.004675,0.000323,0.004352,-2.335049,-2.327615,-0.007434,0.003695,-0.012147,0.015842,1.544189,1.531438,0.012751,0.778644,0.725517,0.053126,-0.003678,-0.002469,-0.001209,-0.122999,-0.085476,-0.037523,0.002962,0.002573,0.000389,-0.111674,-0.119222,0.007548,0.010707,0.011188,-0.000481,0.175977,0.159621,0.016356,0.035054,0.020973,0.014081,0.008807,0.294539,-0.007094,0.267420,-0.025639,-0.421404,-0.083943,-0.670107,-1.241852,0.444438,-0.718337,0.879163,0.488254,0.756042
1.740360,-0.007918,-0.001597,-0.006321,-0.769480,-0.756422,-0.013058,0.004704,0.000323,0.004381,-2.336142,-2.327615,-0.008527,0.003800,-0.012147,0.015947,1.545911,1.531438,0.014473,0.778986,0.725517,0.053469,-0.003589,-0.002469,-0.001120,-0.120021,-0.085476,-0.034545,0.002891,0.002573,0.000317,-0.108970,-0.119222,0.010252,0.010447,0.011188,-0.000741,0.171717,0.159621,0.012095,0.034206,0.020973,0.013233,0.009180,0.307009,-0.007394,0.278741,-0.026724,-0.439244,-0.087497,-0.675388,-1.334419,0.447752,-0.812292,0.886653,0.537808,0.761902
1.745200,-0.007918,-0.001597,-0.006321,-0.769480,-0.756422,-0.013058,0.004704,0.000323,0.004381,-2.336142,-2.327615,-0.008527,0.003800,-0.012147,0.015947,1.545911,1.531438,0.014473,0.778986,0.725517,0.053469,-0.003589,-0.002469,-0.001120,-0.120021,-0.085476,-0.034545,0.002891,0.002573,0.000317,-0.108970,-0.119222,0.010252,0.010447,0.011188,-0.000741,0.171717,0.159621,0.012095,0.034206,0.020973,0.013233,0.009180,0.307009,-0.007394,0.278741,-0.026724,-0.439244,-0.087497,-0.677256,-1.339030,0.449036,-0.814538,0.889123,0.539308,0.764031
1.750787,-0.007953,-0.001597,-0.006356,-0.770662,-0.756422,-0.014241,0.004732,0.000323,0.004410,-2.337215,-2.327615,-0.009600,0.003903,-0.012147,0.016050,1.547603,1.531438,0.016164,0.779323,0.725517,0.053806,-0.003495,-0.002469,-0.001026,-0.116894,-0.085476,-0.031418,0.002815,0.002573,0.000242,-0.106131,-0.119222,0.013091,0.010175,0.011188,-0.001013,0.167242,0.159621,0.007621,0.033314,0.020973,0.012341,0.009556,0.319581,-0.007697,0.290156,-0.027819,-0.457232,-0.091080,-0.682573,-1.429254,0.452361,-0.906351,0.896646,0.587755,0.769905
1.755190,-0.007953,-0.001597,-0.006356,-0.770662,-0.756422,-0.014241,0.004732,0.000323,0.004410,-2.337215,-2.327615,-0.009600,0.003903,-0.012147,0.016050,1.547603,1.531438,0.016164,0.779323,0.725517,0.053806,-0.003495,-0.002469,-0.001026,-0.116894,-0.085476,-0.031418,0.002815,0.002573,0.000242,-0.106131,-0.119222,0.013091,0.010175,0.011188,-0.001013,0.167242,0.159621,0.007621,0.033314,0.020973,0.012341,0.009556,0.319581,-0.007697,0.290156,-0.027819,-0.457232,-0.091080,-0.684274,-1.433681,0.453532,-0.908611,0.898897,0.589232,0.771844
1.759893,-0.007988,-0.001597,-0.006391,-0.771838,-0.756422,-0.015417,0.004760,0.000323,0.004438,-2.338283,-2.327615,-0.010668,0.004005,-0.012147,0.016152,1.549285,1.531438,0.017847,0.779659,0.725517,0.054141,-0.003396,-0.002469,-0.000927,-0.113566,-0.085476,-0.028091,0.002735,0.002573,0.000162,-0.103110,-0.119222,0.016112,0.009886,0.011188,-0.001302,0.162482,0.159621,0.002861,0.032366,0.020973,0.011393,0.009940,0.332436,-0.008006,0.301827,-0.028938,-0.475623,-0.094743,-0.689205,-1.521173,0.456571,-0.998573,0.905898,0.636645,0.777248
1.764732,-0.007988,-0.001597,-0.006391,-0.771838,-0.756422,-0.015417,0.004760,0.000323,0.004438,-2.338283,-2.327615,-0.010668,0.004005,-0.012147,0.016152,1.549285,1.531438,0.017847,0.779659,0.725517,0.054141,-0.003396,-0.002469,-0.000927,-0.113566,-0.085476,-0.028091,0.002735,0.002573,0.000162,-0.103110,-0.119222,0.016112,0.009886,0.011188,-0.001302,0.162482,0.159621,0.002861,0.032366,0.020973,0.011393,0.009940,0.332436,-0.008006,0.301827,-0.028938,-0.475623,-0.094743,-0.691087,-1.526315,0.457866,-1.001303,0.908391,0.638399,0.779393
1.770229,-0.008021,-0.001703,-0.006319,-0.772943,-0.759241,-0.013701,0.004787,0.000422,0.004365,-2.339286,-2.331677,-0.007608,0.004101,-0.011630,0.015731,1.550865,1.536557,0.014308,0.779973,0.726351,0.053623,-0.003296,-0.002909,-0.000387,-0.110225,-0.085397,-0.024827,0.002655,0.002879,-0.000224,-0.100076,-0.121944,0.021869,0.009595,0.017387,-0.007792,0.157701,0.155699,0.002002,0.031414,0.029378,0.002036,0.010312,0.344865,-0.008306,0.313112,-0.030020,-0.493405,-0.098285,-0.681097,-1.310124,0.447867,-0.630080,0.859870,0.512652,0.761188
1.775091,-0.008021,-0.001703,-0.006319,-0.772943,-0.759241,-0.013701,0.004787,0.000422,0.004365,-2.339286,-2.331677,-0.007608,0.004101,-0.011630,0.015731,1.550865,1.536557,0.014308,0.779973,0.726351,0.053623,-0.003296,-0.002909,-0.000387,-0.110225,-0.085397,-0.024827,0.002655,0.002879,-0.000224,-0.100076,-0.121944,0.021869,0.009595,0.017387,-0.007792,0.157701,0.155699,0.002002,0.031414,0.029378,0.002036,0.010312,0.344865,-0.008306,0.313112,-0.030020,-0.493405,-0.098285,-0.682947,-1.314695,0.449134,-0.631787,0.862224,0.514057,0.763279
1.780062,-0.008053,-0.001703,-0.006351,-0.774016,-0.759241,-0.014775,0.004813,0.000422,0.004391,-2.340260,-2.331677,-0.008583,0.004195,-0.011630,0.015824,1.552401,1.536557,0.015844,0.780279,0.726351,0.053928,-0.003192,-0.002909,-0.000283,-0.106752,-0.085397,-0.021354,0.002571,0.002879,-0.000308,-0.096923,-0.121944,0.025022,0.009292,0.017387,-0.008094,0.152732,0.155699,-0.002967,0.030424,0.029378,0.001046,0.010684,0.357323,-0.008606,0.324423,-0.031104,-0.511231,-0.101836,-0.687612,-1.391441,0.451969,-0.710941,0.868717,0.556019,0.768315
1.785481,-0.008053,-0.001703,-0.006351,-0.774016,-0.759241,-0.014775,0.004813,0.000422,0.004391,-2.340260,-2.331677,-0.008583,0.004195,-0.011630,0.015824,1.552401,1.536557,0.015844,0.780279,0.726351,0.053928,-0.003192,-0.002909,-0.000283,-0.106752,-0.085397,-0.021354,0.002571,0.002879,-0.000308,-0.096923,-0.121944,0.025022,0.009292,0.017387,-0.008094,0.152732,0.155699,-0.002967,0.030424,0.029378,0.001046,0.010684,0.357323,-0.008606,0.324423,-0.031104,-0.511231,-0.101836,-0.689681,-1.396790,0.453386,-0.713077,0.871351,0.557708,0.770653
1.790027,-0.008085,-0.001703,-0.006382,-0.775073,-0.759241,-0.015832,0.004838,0.000422,0.004416,-2.341220,-2.331677,-0.009543,0.004287,-0.011630,0.015916,1.553913,1.536557,0.017356,0.780581,0.726351,0.054230,-0.003082,-0.002909,-0.000173,-0.103088,-0.085397,-0.017691,0.002483,0.002879,-0.000396,-0.093596,-0.121944,0.028348,0.008974,0.017387,-0.008413,0.147490,0.155699,-0.008209,0.029380,0.029378,0.000002,0.011064,0.370012,-0.008911,0.335944,-0.032209,-0.529384,-0.105452,-0.694103,-1.470202,0.456032,-0.789644,0.877515,0.598262,0.775380
1.795055,-0.008085,-0.001703,-0.006382,-0.775073,-0.759241,-0.015832,0.004838,0.000422,0.004416,-2.341220,-2.331677,-0.009543,0.004287,-0.011630,0.015916,1.553913,1.536557,0.017356,0.780581,0.726351,0.054230,-0.003082,-0.002909,-0.000173,-0.103088,-0.085397,-0.017691,0.002483,0.002879,-0.000396,-0.093596,-0.121944,0.028348,0.008974,0.017387,-0.008413,0.147490,0.155699,-0.008209,0.029380,0.029378,0.000002,0.011064,0.370012,-0.008911,0.335944,-0.032209,-0.529384,-0.105452,-0.696050,-1.475451,0.457367,-0.791858,0.879996,0.599956,0.777581
1.800254,-0.008115,-0.001703,-0.006413,-0.776083,-0.759241,-0.016842,0.004863,0.000422,0.004441,-2.342137,-2.331677,-0.010460,0.004375,-0.011630,0.016004,1.555359,1.536557,0.018802,0.780868,0.726351,0.054518,-0.002970,-0.002909,-0.000061,-0.099333,-0.085397,-0.013935,0.002392,0.002879,-0.000486,-0.090187,-0.121944,0.031758,0.008647,0.017387,-0.008740,0.142117,0.155699,-0.013582,0.028309,0.029378,-0.001069,0.011440,0.382582,-0.009214,0.347356,-0.033303,-0.547368,-0.109035,-0.700559,-1.544455,0.460060,-0.863990,0.886232,0.638249,0.782377
1.805068,-0.008115,-0.001788,-0.006327,-0.776083,-0.762360,-0.013723,0.004863,0.000492,0.004370,-2.342137,-2.335785,-0.006352,0.004375,-0.011014,0.015389,1.555359,1.541757,0.013602,0.780868,0.727405,0.053464,-0.002970,-0.003352,0.000382,-0.099333,-0.086060,-0.013273,0.002392,0.001684,0.000709,-0.090187,-0.115611,0.025425,0.008647,0.015395,-0.006748,0.142117,0.150125,-0.008008,0.028309,0.032641,-0.004332,0.011440,0.382582,-0.009214,0.347356,-0.033303,-0.547368,-0.109035,-0.689272,-1.207001,0.464087,-0.475483,0.861707,0.468292,0.764540
1.809965,-0.008144,-0.001788,-0.006356,-0.777051,-0.762360,-0.014691,0.004886,0.000492,0.004394,-2.343016,-2.335785,-0.007231,0.004459,-0.011014,0.015473,1.556744,1.541757,0.014987,0.781144,0.727405,0.053739,-0.002855,-0.003352,0.000498,-0.095468,-0.086060,-0.009408,0.002299,0.001684,0.000616,-0.086678,-0.115611,0.028934,0.008310,0.015395,-0.007085,0.136588,0.150125,-0.013537,0.027208,0.032641,-0.005433,0.011814,0.395100,-0.009516,0.358722,-0.034392,-0.565278,-0.112602,-0.693527,-1.270071,0.466626,-0.542003,0.867558,0.503723,0.769005
1.814933,-0.008144,-0.001788,-0.006356,-0.777051,-0.762360,-0.014691,0.004886,0.000492,0.004394,-2.343016,-2.335785,-0.007231,0.004459,-0.011014,0.015473,1.556744,1.541757,0.014987,0.781144,0.727405,0.053739,-0.002855,-0.003352,0.000498,-0.095468,-0.086060,-0.009408,0.002299,0.001684,0.000616,-0.086678,-0.115611,0.028934,0.008310,0.015395,-0.007085,0.136588,0.150125,-0.013537,0.027208,0.032641,-0.005433,0.011814,0.395100,-0.009516,0.358722,-0.034392,-0.565278,-0.112602,-0.695406,-1.274666,0.467948,-0.543466,0.869929,0.505102,0.771116
1.820238,-0.008172,-0.001788,-0.006384,-0.777987,-0.762360,-0.015627,0.004909,0.000492,0.004416,-2.343866,-2.335785,-0.008081,0.004540,-0.011014,0.015554,1.558082,1.541757,0.016325,0.781411,0.727405,0.054006,-0.002734,-0.003352,0.000618,-0.091450,-0.086060,-0.005390,0.002202,0.001684,0.000519,-0.083030,-0.115611,0.032582,0.007960,0.015395,-0.007434,0.130839,0.150125,-0.019286,0.026063,0.032641,-0.006579,0.012191,0.407708,-0.009819,0.370169,-0.035490,-0.583317,-0.116196,-0.699656,-1.333653,0.470466,-0.606189,0.875740,0.538576,0.775540
1.825891,-0.008172,-0.001788,-0.006384,-0.777987,-0.762360,-0.015627,0.004909,0.000492,0.004416,-2.343866,-2.335785,-0.008081,0.004540,-0.011014,0.015554,1.558082,1.541757,0.016325,0.781411,0.727405,0.054006,-0.002734,-0.003352,0.000618,-0.091450,-0.086060,-0.005390,0.002202,0.001684,0.000519,-0.083030,-0.115611,0.032582,0.007960,0.015395,-0.007434,0.130839,0.150125,-0.019286,0.026063,0.032641,-0.006579,0.012191,0.407708,-0.009819,0.370169,-0.035490,-0.583317,-0.116196,-0.701797,-1.339081,0.471973,-0.608039,0.878443,0.540242,0.777944
1.830764,-0.008199,-0.001788,-0.006411,-0.778886,-0.762360,-0.016526,0.004930,0.000492,0.004438,-2.344682,-2.335785,-0.008897,0.004619,-0.011014,0.015633,1.559369,1.541757,0.017612,0.781667,0.727405,0.054262,-0.002610,-0.003352,0.000742,-0.087284,-0.086060,-0.001224,0.002102,0.001684,0.000419,-0.079248,-0.115611,0.036364,0.007598,0.015395,-0.007797,0.124879,0.150125,-0.025246,0.024876,0.032641,-0.007766,0.012570,0.420379,-0.010124,0.381674,-0.036593,-0.601446,-0.119807,-0.705753,-1.392893,0.474266,-0.666347,0.883846,0.571347,0.782000
1.835611,-0.008199,-0.001843,-0.006356,-0.778886,-0.765165,-0.013721,0.004930,0.000559,0.004371,-2.344682,-2.339190,-0.005492,0.004619,-0.010606,0.015225,1.559369,1.546994,0.012375,0.781667,0.728439,0.053229,-0.002610,-0.002468,-0.000142,-0.087284,-0.083961,-0.003323,0.002102,0.002868,-0.000766,-0.079248,-0.092275,0.013027,0.007598,0.011399,-0.003801,0.124879,0.159754,-0.034875,0.024876,0.027683,-0.002807,0.012570,0.420379,-0.010124,0.381674,-0.036593,-0.601446,-0.119807,-0.709290,-1.108011,0.457824,-0.498026,0.879854,0.352275,0.776189
1.840130,-0.008224,-0.001843,-0.006381,-0.779734,-0.765165,-0.014569,0.004951,0.000559,0.004391,-2.345452,-2.339190,-0.006262,0.004692,-0.010606,0.015298,1.560582,1.546994,0.013588,0.781909,0.728439,0.053470,-0.002483,-0.002468,-0.000015,-0.083036,-0.083961,0.000925,0.002000,0.002868,-0.000868,-0.075390,-0.092275,0.016884,0.007228,0.011399,-0.004171,0.118801,0.159754,-0.040953,0.023665,0.027683,-0.004018,0.012945,0.432921,-0.010426,0.393060,-0.037685,-0.619389,-0.123381,-0.712936,-1.155021,0.459843,-0.550418,0.884802,0.379915,0.779842
1.844958,-0.008224,-0.001843,-0.006381,-0.779734,-0.765165,-0.014569,0.004951,0.000559,0.004391,-2.345452,-2.339190,-0.006262,0.004692,-0.010606,0.015298,1.560582,1.546994,0.013588,0.781909,0.728439,0.053470,-0.002483,-0.002468,-0.000015,-0.083036,-0.083961,0.000925,0.002000,0.002868,-0.000868,-0.075390,-0.092275,0.016884,0.007228,0.011399,-0.004171,0.118801,0.159754,-0.040953,0.023665,0.027683,-0.004018,0.012945,0.432921,-0.010426,0.393060,-0.037685,-0.619389,-0.123381,-0.714758,-1.159159,0.461077,-0.551820,0.887084,0.380897,0.781863
1.849905,-0.008248,-0.001843,-0.006406,-0.780541,-0.765165,-0.015376,0.004970,0.000559,0.004411,-2.346185,-2.339190,-0.006995,0.004763,-0.010606,0.015369,1.561737,1.546994,0.014743,0.782139,0.728439,0.053700,-0.002352,-0.002468,0.000116,-0.078653,-0.083961,0.005309,0.001894,0.002868,-0.000973,-0.071411,-0.092275,0.020864,0.006846,0.011399,-0.004552,0.112530,0.159754,-0.047224,0.022416,0.027683,-0.005267,0.013321,0.445491,-0.010729,0.404473,-0.038779,-0.637373,-0.126964,-0.718416,-1.201196,0.463083,-0.599505,0.892001,0.406087,0.785488
1.854921,-0.008248,-0.001843,-0.006406,-0.780541,-0.765165,-0.015376,0.004970,0.000559,0.004411,-2.346185,-2.339190,-0.006995,0.004763,-0.010606,0.015369,1.561737,1.546994,0.014743,0.782139,0.728439,0.053700,-0.002352,-0.002468,0.000116,-0.078653,-0.083961,0.005309,0.001894,0.002868,-0.000973,-0.071411,-0.092275,0.020864,0.006846,0.011399,-0.004552,0.112530,0.159754,-0.047224,0.022416,0.027683,-0.005267,0.013321,0.445491,-0.010729,0.404473,-0.038779,-0.637373,-0.126964,-0.720355,-1.205731,0.464397,-0.601120,0.894432,0.407195,0.787638
1.859983,-0.008271,-0.001843,-0.006428,-0.781305,-0.765165,-0.016140,0.004988,0.000559,0.004429,-2.346878,-2.339190,-0.007688,0.004829,-0.010606,0.015435,1.562830,1.546994,0.015836,0.782357,0.728439,0.053918,-0.002217,-0.002468,0.000251,-0.074136,-0.083961,0.009825,0.001785,0.002868,-0.001082,-0.067310,-0.092275,0.024965,0.006453,0.011399,-0.004946,0.106068,0.159754,-0.053687,0.021128,0.027683,-0.006554,0.013697,0.458083,-0.011032,0.415905,-0.039875,-0.655389,-0.130552,-0.723870,-1.242215,0.466283,-0.643754,0.899125,0.429735,0.791063
1.864810,-0.008271,-0.001843,-0.006428,-0.781305,-0.765165,-0.016140,0.004988,0.000559,0.004429,-2.346878,-2.339190,-0.007688,0.004829,-0.010606,0.015435,1.562830,1.546994,0.015836,0.782357,0.728439,0.053918,-0.002217,-0.002468,0.000251,-0.074136,-0.083961,0.009825,0.001785,0.002868,-0.001082,-0.067310,-0.092275,0.024965,0.006453,0.011399,-0.004946,0.106068,0.159754,-0.053687,0.021128,0.027683,-0.006554,0.013697,0.458083,-0.011032,0.415905,-0.039875,-0.655389,-0.130552,-0.725733,-1.246679,0.467546,-0.645408,0.901460,0.430853,0.793128
1.869910,-0.008293,-0.001900,-0.006393,-0.782026,-0.767559,-0.014467,0.005006,0.000635,0.004370,-2.347533,-2.341641,-0.005892,0.004892,-0.010268,0.015160,1.563861,1.551951,0.011910,0.782562,0.729420,0.053143,-0.002077,-0.001210,-0.000868,-0.069473,-0.063169,-0.006305,0.001673,0.001123,0.000550,-0.063077,-0.057301,-0.005775,0.006047,0.011057,-0.005009,0.099397,0.124483,-0.025085,0.019800,0.029358,-0.009559,0.014075,0.470727,-0.011337,0.427386,-0.040975,-0.673480,-0.134156,-0.733949,-1.195875,0.476422,-0.721373,0.887259,0.370713,0.779148
1.875103,-0.008293,-0.001900,-0.006393,-0.782026,-0.767559,-0.014467,0.005006,0.000635,0.004370,-2.347533,-2.341641,-0.005892,0.004892,-0.010268,0.015160,1.563861,1.551951,0.011910,0.782562,0.729420,0.053143,-0.002077,-0.001210,-0.000868,-0.069473,-0.063169,-0.006305,0.001673,0.001123,0.000550,-0.063077,-0.057301,-0.005775,0.006047,0.011057,-0.005009,0.099397,0.124483,-0.025085,0.019800,0.029358,-0.009559,0.014075,0.470727,-0.011337,0.427386,-0.040975,-0.673480,-0.134156,-0.735981,-1.200583,0.477810,-0.723371,0.889739,0.371751,0.781336
1.880022,-0.008313,-0.001900,-0.006413,-0.782695,-0.767559,-0.015136,0.005022,0.000635,0.004386,-2.348140,-2.341641,-0.006499,0.004950,-0.010268,0.015218,1.564818,1.551951,0.012866,0.782753,0.729420,0.053333,-0.001935,-0.001210,-0.000726,-0.064722,-0.063169,-0.001553,0.001559,0.001123,0.000436,-0.058763,-0.057301,-0.001461,0.005634,0.011057,-0.005423,0.092599,0.124483,-0.031884,0.018446,0.029358,-0.010913,0.014450,0.483274,-0.011639,0.438777,-0.042068,-0.691431,-0.137732,-0.739099,-1.224637,0.479394,-0.755009,0.893771,0.388250,0.784179
1.885875,-0.008313,-0.001900,-0.006413,-0.782695,-0.767559,-0.015136,0.005022,0.000635,0.004386,-2.348140,-2.341641,-0.006499,0.004950,-0.010268,0.015218,1.564818,1.551951,0.012866,0.782753,0.729420,0.053333,-0.001935,-0.001210,-0.000726,-0.064722,-0.063169,-0.001553,0.001559,0.001123,0.000436,-0.058763,-0.057301,-0.001461,0.005634,0.011057,-0.005423,0.092599,0.124483,-0.031884,0.018446,0.029358,-0.010913,0.014450,0.483274,-0.011639,0.438777,-0.042068,-0.691431,-0.137732,-0.741356,-1.229959,0.480936,-0.757316,0.896526,0.389449,0.786608
1.889827,-0.008332,-0.001900,-0.006432,-0.783320,-0.767559,-0.015761,0.005037,0.000635,0.004402,-2.348707,-2.341641,-0.007067,0.005004,-0.010268,0.015273,1.565712,1.551951,0.013760,0.782931,0.729420,0.053511,-0.001788,-0.001210,-0.000579,-0.059807,-0.063169,0.003362,0.001440,0.001123,0.000317,-0.054300,-0.057301,0.003001,0.005206,0.011057,-0.005851,0.085567,0.124483,-0.038916,0.017045,0.029358,-0.012314,0.014828,0.495918,-0.011944,0.450257,-0.043168,-0.709521,-0.141335,-0.743917,-1.246887,0.482113,-0.782995,0.899822,0.402819,0.788796
1.895177,-0.008332,-0.001900,-0.006432,-0.783320,-0.767559,-0.015761,0.005037,0.000635,0.004402,-2.348707,-2.341641,-0.007067,0.005004,-0.010268,0.015273,1.565712,1.551951,0.013760,0.782931,0.729420,0.053511,-0.001788,-0.001210,-0.000579,-0.059807,-0.063169,0.003362,0.001440,0.001123,0.000317,-0.054300,-0.057301,0.003001,0.005206,0.011057,-0.005851,0.085567,0.124483,-0.038916,0.017045,0.029358,-0.012314,0.014828,0.495918,-0.011944,0.450257,-0.043168,-0.709521,-0.141335,-0.746000,-1.251869,0.483536,-0.785190,0.902365,0.403960,0.791037
1.900163,-0.008349,-0.001900,-0.006449,-0.783894,-0.767559,-0.016336,0.005051,0.000635,0.004415,-2.349229,-2.341641,-0.007589,0.005055,-0.010268,0.015323,1.566534,1.551951,0.014583,0.783095,0.729420,0.053675,-0.001638,-0.001210,-0.000428,-0.054769,-0.063169,0.008399,0.001319,0.001123,0.000196,-0.049727,-0.057301,0.007575,0.004768,0.011057,-0.006289,0.078360,0.124483,-0.046123,0.015609,0.029358,-0.013749,0.015206,0.508551,-0.012248,0.461727,-0.044268,-0.727595,-0.144935,-0.748769,-1.263112,0.484831,-0.805242,0.905853,0.414373,0.793397
1.905811,-0.008349,-0.001954,-0.006395,-0.783894,-0.769620,-0.014274,0.005051,0.000715,0.004336,-2.349229,-2.343049,-0.006180,0.005055,-0.009901,0.014956,1.566534,1.555213,0.011321,0.783095,0.730272,0.052823,-0.001638,-0.001533,-0.000105,-0.054769,-0.054726,-0.000043,0.001319,0.001914,-0.000595,-0.049727,-0.033232,-0.016494,0.004768,0.012821,-0.008054,0.078360,0.082273,-0.003913,0.015609,0.024021,-0.008412,0.015206,0.508551,-0.012248,0.461727,-0.044268,-0.727595,-0.144935,-0.741798,-1.110111,0.470010,-0.866480,0.878107,0.419948,0.790904
1.910121,-0.008364,-0.001954,-0.006411,-0.784414,-0.769620,-0.014793,0.005063,0.000715,0.004348,-2.349701,-2.343049,-0.006651,0.005100,-0.009901,0.015001,1.567277,1.555213,0.012064,0.783243,0.730272,0.052971,-0.001485,-0.001533,0.000048,-0.049650,-0.054726,0.005076,0.001196,0.001914,-0.000719,-0.045079,-0.033232,-0.011847,0.004322,0.012821,-0.008499,0.071036,0.082273,-0.011237,0.014150,0.024021,-0.009871,0.015581,0.521074,-0.012549,0.473097,-0.045358,-0.745513,-0.148505,-0.744065,-1.113510,0.470920,-0.880057,0.880876,0.426903,0.792687
1.915132,-0.008364,-0.001954,-0.006411,-0.784414,-0.769620,-0.014793,0.005063,0.000715,0.004348,-2.349701,-2.343049,-0.006651,0.005100,-0.009901,0.015001,1.567277,1.555213,0.012064,0.783243,0.730272,0.052971,-0.001485,-0.001533,0.000048,-0.049650,-0.054726,0.005076,0.001196,0.001914,-0.000719,-0.045079,-0.033232,-0.011847,0.004322,0.012821,-0.008499,0.071036,0.082273,-0.011237,0.014150,0.024021,-0.009871,0.015581,0.521074,-0.012549,0.473097,-0.045358,-0.745513,-0.148505,-0.745992,-1.117837,0.472211,-0.882342,0.883180,0.428023,0.794772
1.919770,-0.008378,-0.001954,-0.006425,-0.784884,-0.769620,-0.015263,0.005075,0.000715,0.004360,-2.350127,-2.343049,-0.007078,0.005141,-0.009901,0.015042,1.567949,1.555213,0.012736,0.783376,0.730272,0.053105,-0.001327,-0.001533,0.000206,-0.044381,-0.054726,0.010345,0.001069,0.001914,-0.000846,-0.040295,-0.033232,-0.007063,0.003863,0.012821,-0.008958,0.063497,0.082273,-0.018775,0.012649,0.024021,-0.011373,0.015957,0.533659,-0.012853,0.484523,-0.046454,-0.763517,-0.152091,-0.748175,-1.114471,0.473034,-0.889729,0.885778,0.431720,0.796408
1.925331,-0.008378,-0.001954,-0.006425,-0.784884,-0.769620,-0.015263,0.005075,0.000715,0.004360,-2.350127,-2.343049,-0.007078,0.005141,-0.009901,0.015042,1.567949,1.555213,0.012736,0.783376,0.730272,0.053105,-0.001327,-0.001533,0.000206,-0.044381,-0.054726,0.010345,0.001069,0.001914,-0.000846,-0.040295,-0.033232,-0.007063,0.003863,0.012821,-0.008958,0.063497,0.082273,-0.018775,0.012649,0.024021,-0.011373,0.015957,0.533659,-0.012853,0.484523,-0.046454,-0.763517,-0.152091,-0.750289,-1.119232,0.474449,-0.892249,0.888305,0.432955,0.798692
1.930673,-0.008391,-0.001954,-0.006437,-0.785303,-0.769620,-0.015682,0.005085,0.000715,0.004370,-2.350508,-2.343049,-0.007458,0.005177,-0.009901,0.015078,1.568549,1.555213,0.013336,0.783496,0.730272,0.053224,-0.001165,-0.001533,0.000368,-0.038954,-0.054726,0.015773,0.000938,0.001914,-0.000976,-0.035367,-0.033232,-0.002135,0.003391,0.012821,-0.009431,0.055732,0.082273,-0.026541,0.011102,0.024021,-0.012920,0.016335,0.546319,-0.013157,0.496017,-0.047556,-0.781630,-0.155699,-0.752550,-1.109130,0.475290,-0.893339,0.890923,0.433333,0.800351
1.935494,-0.008391,-0.002002,-0.006389,-0.785303,-0.771408,-0.013894,0.005085,0.000758,0.004326,-2.350508,-2.343925,-0.006583,0.005177,-0.009496,0.014673,1.568549,1.557337,0.011211,0.783496,0.730959,0.052537,-0.001165,-0.000644,-0.000521,-0.038954,-0.056754,0.017801,0.000938,-0.000091,0.001030,-0.035367,-0.023307,-0.012060,0.003391,0.013407,-0.010016,0.055732,0.055327,0.000404,0.011102,0.020771,-0.009669,0.016335,0.546319,-0.013157,0.496017,-0.047556,-0.781630,-0.155699,-0.757024,-0.886970,0.490138,-0.885988,0.865332,0.435605,0.796753
1.939990,-0.008402,-0.002002,-0.006400,-0.785666,-0.771408,-0.014258,0.005093,0.000758,0.004335,-2.350838,-2.343925,-0.006913,0.005209,-0.009496,0.014705,1.569069,1.557337,0.011732,0.783600,0.730959,0.052640,-0.000999,-0.000644,-0.000355,-0.033396,-0.056754,0.023359,0.000804,-0.000091,0.000896,-0.030321,-0.023307,-0.007014,0.002907,0.013407,-0.010500,0.047780,0.055327,-0.007547,0.009518,0.020771,-0.011253,0.016714,0.558985,-0.013463,0.507517,-0.048658,-0.799752,-0.159309,-0.758681,-0.867860,0.490572,-0.879672,0.867081,0.432123,0.797682
1.945290,-0.008402,-0.002002,-0.006400,-0.785666,-0.771408,-0.014258,0.005093,0.000758,0.004335,-2.350838,-2.343925,-0.006913,0.005209,-0.009496,0.014705,1.569069,1.557337,0.011732,0.783600,0.730959,0.052640,-0.000999,-0.000644,-0.000355,-0.033396,-0.056754,0.023359,0.000804,-0.000091,0.000896,-0.030321,-0.023307,-0.007014,0.002907,0.013407,-0.010500,0.047780,0.055327,-0.007547,0.009518,0.020771,-0.011253,0.016714,0.558985,-0.013463,0.507517,-0.048658,-0.799752,-0.159309,-0.760747,-0.871841,0.491988,-0.882074,0.869466,0.433315,0.799889
1.949826,-0.008411,-0.002002,-0.006409,-0.785969,-0.771408,-0.014561,0.005101,0.000758,0.004342,-2.351113,-2.343925,-0.007188,0.005235,-0.009496,0.014731,1.569502,1.557337,0.012165,0.783686,0.730959,0.052727,-0.000831,-0.000644,-0.000188,-0.027806,-0.056754,0.028948,0.000670,-0.000091,0.000761,-0.025246,-0.023307,-0.001939,0.002420,0.013407,-0.010986,0.039783,0.055327,-0.015544,0.007925,0.020771,-0.012846,0.017087,0.571441,-0.013763,0.518826,-0.049742,-0.817573,-0.162859,-0.762200,-0.845473,0.492265,-0.868953,0.870896,0.426259,0.800553
1.954842,-0.008411,-0.002002,-0.006409,-0.785969,-0.771408,-0.014561,0.005101,0.000758,0.004342,-2.351113,-2.343925,-0.007188,0.005235,-0.009496,0.014731,1.569502,1.557337,0.012165,0.783686,0.730959,0.052727,-0.000831,-0.000644,-0.000188,-0.027806,-0.056754,0.028948,0.000670,-0.000091,0.000761,-0.025246,-0.023307,-0.001939,0.002420,0.013407,-0.010986,0.039783,0.055327,-0.015544,0.007925,0.020771,-0.012846,0.017087,0.571441,-0.013763,0.518826,-0.049742,-0.817573,-0.162859,-0.764157,-0.849203,0.493607,-0.871190,0.873155,0.427369,0.802642
1.959953,-0.008418,-0.002002,-0.006416,-0.786218,-0.771408,-0.014810,0.005107,0.000758,0.004348,-2.351339,-2.343925,-0.007414,0.005257,-0.009496,0.014753,1.569859,1.557337,0.012522,0.783757,0.730959,0.052798,-0.000659,-0.000644,-0.000015,-0.022033,-0.056754,0.034721,0.000531,-0.000091,0.000622,-0.020005,-0.023307,0.003302,0.001918,0.013407,-0.011489,0.031524,0.055327,-0.023804,0.006279,0.020771,-0.014492,0.017463,0.584026,-0.014066,0.530253,-0.050838,-0.835579,-0.166446,-0.765610,-0.815004,0.493848,-0.850941,0.874491,0.416560,0.803233
1.965042,-0.008418,-0.002002,-0.006416,-0.786218,-0.771408,-0.014810,0.005107,0.000758,0.004348,-2.351339,-2.343925,-0.007414,0.005257,-0.009496,0.014753,1.569859,1.557337,0.012522,0.783757,0.730959,0.052798,-0.000659,-0.000644,-0.000015,-0.022033,-0.056754,0.034721,0.000531,-0.000091,0.000622,-0.020005,-0.023307,0.003302,0.001918,0.013407,-0.011489,0.031524,0.055327,-0.023804,0.006279,0.020771,-0.014492,0.017463,0.584026,-0.014066,0.530253,-0.050838,-0.835579,-0.166446,-0.767578,-0.818694,0.495197,-0.853133,0.876763,0.417645,0.805333
1.970086,-0.008424,-0.002071,-0.006353,-0.786410,-0.773271,-0.013139,0.005111,0.000811,0.004300,-2.351513,-2.344565,-0.006948,0.005273,-0.009003,0.014277,1.570133,1.558550,0.011583,0.783811,0.731547,0.052264,-0.000482,-0.001430,0.000949,-0.016104,-0.056510,0.040406,0.000388,0.002527,-0.002139,-0.014621,-0.017022,0.002401,0.001402,0.015718,-0.014317,0.023040,0.025151,-0.002111,0.004590,0.015466,-0.010877,0.017841,0.596676,-0.014370,0.541738,-0.051939,-0.853678,-0.170051,-0.753071,-0.558217,0.464235,-0.808707,0.835723,0.450093,0.804641
1.975063,-0.008424,-0.002071,-0.006353,-0.786410,-0.773271,-0.013139,0.005111,0.000811,0.004300,-2.351513,-2.344565,-0.006948,0.005273,-0.009003,0.014277,1.570133,1.558550,0.011583,0.783811,0.731547,0.052264,-0.000482,-0.001430,0.000949,-0.016104,-0.056510,0.040406,0.000388,0.002527,-0.002139,-0.014621,-0.017022,0.002401,0.001402,0.015718,-0.014317,0.023040,0.025151,-0.002111,0.004590,0.015466,-0.010877,0.017841,0.596676,-0.014370,0.541738,-0.051939,-0.853678,-0.170051,-0.754953,-0.561187,0.465472,-0.810732,0.837834,0.451234,0.806686
1.979706,-0.008428,-0.002071,-0.006357,-0.786540,-0.773271,-0.013270,0.005115,0.000811,0.004303,-2.351632,-2.344565,-0.007066,0.005285,-0.009003,0.014288,1.570320,1.558550,0.011770,0.783849,0.731547,0.052301,-0.000302,-0.001430,0.001128,-0.010100,-0.056510,0.046410,0.000243,0.002527,-0.002284,-0.009170,-0.017022,0.007853,0.000879,0.015718,-0.014839,0.014450,0.025151,-0.010701,0.002878,0.015466,-0.012588,0.018216,0.609218,-0.014672,0.553126,-0.053031,-0.871622,-0.173626,-0.755693,-0.509518,0.465121,-0.775105,0.838103,0.432487,0.806426
1.985777,-0.008428,-0.002071,-0.006357,-0.786540,-0.773271,-0.013270,0.005115,0.000811,0.004303,-2.351632,-2.344565,-0.007066,0.005285,-0.009003,0.014288,1.570320,1.558550,0.011770,0.783849,0.731547,0.052301,-0.000302,-0.001430,0.001128,-0.010100,-0.056510,0.046410,0.000243,0.002527,-0.002284,-0.009170,-0.017022,0.007853,0.000879,0.015718,-0.014839,0.014450,0.025151,-0.010701,0.002878,0.015466,-0.012588,0.018216,0.609218,-0.014672,0.553126,-0.053031,-0.871622,-0.173626,-0.757970,-0.512990,0.466618,-0.777444,0.840656,0.433809,0.808898
1.989987,-0.008430,-0.002071,-0.006359,-0.786611,-0.773271,-0.013340,0.005116,0.000811,0.004305,-2.351695,-2.344565,-0.007130,0.005291,-0.009003,0.014294,1.570421,1.558550,0.011870,0.783869,0.731547,0.052321,-0.000118,-0.001430,0.001313,-0.003941,-0.056510,0.052569,0.000095,0.002527,-0.002432,-0.003578,-0.017022,0.013445,0.000343,0.015718,-0.015375,0.005638,0.025151,-0.019513,0.001123,0.015466,-0.014343,0.018593,0.621821,-0.014976,0.564568,-0.054128,-0.889653,-0.177217,-0.758258,-0.451996,0.465926,-0.733475,0.840307,0.410672,0.808078
1.998631,-0.008430,-0.002071,-0.006359,-0.786611,-0.773271,-0.013340,0.005116,0.000811,0.004305,-2.351695,-2.344565,-0.007130,0.005291,-0.009003,0.014294,1.570421,1.558550,0.011870,0.783869,0.731547,0.052321,-0.000118,-0.001430,0.001313,-0.003941,-0.056510,0.052569,0.000095,0.002527,-0.002432,-0.003578,-0.017022,0.013445,0.000343,0.015718,-0.015375,0.005638,0.025151,-0.019513,0.001123,0.015466,-0.014343,0.018593,0.621821,-0.014976,0.564568,-0.054128,-0.889653,-0.177217,-0.761442,-0.456648,0.468020,-0.736558,0.843876,0.412422,0.811532
1.999894,-0.008430,-0.002071,-0.006359,-0.786611,-0.773271,-0.013340,0.005116,0.000811,0.004305,-2.351695,-2.344565,-0.007130,0.005291,-0.009003,0.014294,1.570421,1.558550,0.011870,0.783869,0.731547,0.052321,-0.000118,-0.001430,0.001313,-0.003941,-0.056510,0.052569,0.000095,0.002527,-0.002432,-0.003578,-0.017022,0.013445,0.000343,0.015718,-0.015375,0.005638,0.025151,-0.019513,0.001123,0.015466,-0.014343,-0.000000,-0.000000,0.000000,-0.000000,0.000000,0.000000,0.000000,-0.750446,-1.096161,0.493266,-0.726563,0.841052,0.412376,0.814201
2.005046,-0.008430,-0.002154,-0.006276,-0.786611,-0.774912,-0.011699,0.005116,0.000865,0.004251,-2.351695,-2.344921,-0.006775,0.005291,-0.008313,0.013604,1.570421,1.558946,0.011474,0.783869,0.732299,0.051570,-0.000118,-0.001972,0.001854,-0.003941,-0.043719,0.039779,0.000095,0.000044,0.000051,-0.003578,-0.005393,0.001815,0.000343,0.022971,-0.022628,0.005638,0.002866,0.002772,0.001123,0.024457,-0.023334,0.000000,0.000000,-0.000000,0.000000,-0.000000,-0.000000,-0.000000,-0.737197,-1.024626,0.511961,-0.797589,0.764021,0.469045,0.789809
2.009878,-0.008430,-0.002154,-0.006276,-0.786611,-0.774912,-0.011699,0.005116,0.000865,0.004251,-2.351695,-2.344921,-0.006775,0.005291,-0.008313,0.013604,1.570421,1.558946,0.011474,0.783869,0.732299,0.051570,-0.000118,-0.001972,0.001854,-0.003941,-0.043719,0.039779,0.000095,0.000044,0.000051,-0.003578,-0.005393,0.001815,0.000343,0.022971,-0.022628,0.005638,0.002866,0.002772,0.001123,0.024457,-0.023334,-0.000000,-0.000000,0.000000,-0.000000,0.000000,0.000000,0.000000,-0.738958,-1.027074,0.513184,-0.799494,0.765846,0.470165,0.791696
2.014741,-0.008430,-0.002154,-0.006276,-0.786611,-0.774912,-0.011699,0.005116,0.000865,0.004251,-2.351695,-2.344921,-0.006775,0.005291,-0.008313,0.013604,1.570421,1.558946,0.011474,0.783869,0.732299,0.051570,-0.000118,-0.001972,0.001854,-0.003941,-0.043719,0.039779,0.000095,0.000044,0.000051,-0.003578,-0.005393,0.001815,0.000343,0.022971,-0.022628,0.005638,0.002866,0.002772,0.001123,0.024457,-0.023334,0.000000,0.000000,-0.000000,0.000000,-0.000000,-0.000000,-0.000000,-0.740756,-1.029573,0.514433,-0.801440,0.767709,0.471309,0.793623
2.019685,-0.008430,-0.002154,-0.006276,-0.786611,-0.774912,-0.011699,0.005116,0.000865,0.004251,-2.351695,-2.344921,-0.006775,0.005291,-0.008313,0.013604,1.570421,1.558946,0.011474,0.783869,0.732299,0.051570,-0.000118,-0.001972,0.001854,-0.003941,-0.043719,0.039779,0.000095,0.000044,0.000051,-0.003578,-0.005393,0.001815,0.000343,0.022971,-0.022628,0.005638,0.002866,0.002772,0.001123,0.024457,-0.023334,-0.000000,-0.000000,0.000000,-0.000000,0.000000,0.000000,0.000000,-0.742584,-1.032113,0.515702,-0.803417,0.769604,0.472472,0.795581
2.025100,-0.008430,-0.002154,-0.006276,-0.786611,-0.774912,-0.011699,0.005116,0.000865,0.004251,-2.351695,-2.344921,-0.006775,0.005291,-0.008313,0.013604,1.570421,1.558946,0.011474,0.783869,0.732299,0.051570,-0.000118,-0.001972,0.001854,-0.003941,-0.043719,0.039779,0.000095,0.000044,0.000051,-0.003578,-0.005393,0.001815,0.000343,0.022971,-0.022628,0.005638,0.002866,0.002772,0.001123,0.024457,-0.023334,0.000000,0.000000,-0.000000,0.000000,-0.000000,-0.000000,-0.000000,-0.744577,-1.034883,0.517086,-0.805573,0.771669,0.473740,0.797716
2.030386,-0.008430,-0.002154,-0.006276,-0.786611,-0.774912,-0.011699,0.005116,0.000865,0.004251,-2.351695,-2.344921,-0.006775,0.005291,-0.008313,0.013604,1.570421,1.558946,0.011474,0.783869,0.732299,0.051570,-0.000118,-0.001972,0.001854,-0.003941,-0.043719,0.039779,0.000095,0.000044,0.000051,-0.003578,-0.005393,0.001815,0.000343,0.022971,-0.022628,0.005638,0.002866,0.002772,0.001123,0.024457,-0.023334,-0.000000,-0.000000,0.000000,-0.000000,0.000000,0.000000,0.000000,-0.746504,-1.037561,0.518424,-0.807658,0.773666,0.474966,0.799780
2.035074,-0.008430,-0.002204,-0.006226,-0.786611,-0.776238,-0.010373,0.005116,0.000914,0.004202,-2.351695,-2.344970,-0.006725,0.005291,-0.007646,0.012936,1.570421,1.558978,0.011443,0.783869,0.733385,0.050484,-0.000118,-0.002050,0.001932,-0.003941,-0.035200,0.031260,0.000095,0.002604,-0.002509,-0.003578,-0.001951,-0.001627,0.000343,0.015981,-0.015638,0.005638,0.003025,0.002613,0.001123,0.036371,-0.035248,0.000000,0.000000,-0.000000,0.000000,-0.000000,-0.000000,-0.000000,-0.741361,-0.961234,0.488641,-0.837142,0.766107,0.474279,0.764561
2.039861,-0.008430,-0.002204,-0.006226,-0.786611,-0.776238,-0.010373,0.005116,0.000914,0.004202,-2.351695,-2.344970,-0.006725,0.005291,-0.007646,0.012936,1.570421,1.558978,0.011443,0.783869,0.733385,0.050484,-0.000118,-0.002050,0.001932,-0.003941,-0.035200,0.031260,0.000095,0.002604,-0.002509,-0.003578,-0.001951,-0.001627,0.000343,0.015981,-0.015638,0.005638,0.003025,0.002613,0.001123,0.036371,-0.035248,-0.000000,-0.000000,0.000000,-0.000000,0.000000,0.000000,0.000000,-0.743105,-0.963495,0.489791,-0.839112,0.767910,0.475395,0.766359
2.044751,-0.008430,-0.002204,-0.006226,-0.786611,-0.776238,-0.010373,0.005116,0.000914,0.004202,-2.351695,-2.344970,-0.006725,0.005291,-0.007646,0.012936,1.570421,1.558978,0.011443,0.783869,0.733385,0.050484,-0.000118,-0.002050,0.001932,-0.003941,-0.035200,0.031260,0.000095,0.002604,-0.002509,-0.003578,-0.001951,-0.001627,0.000343,0.015981,-0.015638,0.005638,0.003025,0.002613,0.001123,0.036371,-0.035248,0.000000,0.000000,-0.000000,0.000000,-0.000000,-0.000000,-0.000000,-0.744893,-0.965813,0.490969,-0.841130,0.769757,0.476538,0.768203
2.049867,-0.008430,-0.002204,-0.006226,-0.786611,-0.776238,-0.010373,0.005116,0.000914,0.004202,-2.351695,-2.344970,-0.006725,0.005291,-0.007646,0.012936,1.570421,1.558978,0.011443,0.783869,0.733385,0.050484,-0.000118,-0.002050,0.001932,-0.003941,-0.035200,0.031260,0.000095,0.002604,-0.002509,-0.003578,-0.001951,-0.001627,0.000343,0.015981,-0.015638,0.005638,0.003025,0.002613,0.001123,0.036371,-0.035248,-0.000000,-0.000000,0.000000,-0.000000,0.000000,0.000000,0.000000,-0.746751,-0.968222,0.492194,-0.843228,0.771677,0.477727,0.770119
2.054954,-0.008430,-0.002204,-0.006226,-0.786611,-0.776238,-0.010373,0.005116,0.000914,0.004202,-2.351695,-2.344970,-0.006725,0.005291,-0.007646,0.012936,1.570421,1.558978,0.011443,0.783869,0.733385,0.050484,-0.000118,-0.002050,0.001932,-0.003941,-0.035200,0.031260,0.000095,0.002604,-0.002509,-0.003578,-0.001951,-0.001627,0.000343,0.015981,-0.015638,0.005638,0.003025,0.002613,0.001123,0.036371,-0.035248,0.000000,0.000000,-0.000000,0.000000,-0.000000,-0.000000,-0.000000,-0.748576,-0.970588,0.493397,-0.845289,0.773563,0.478894,0.772001
2.059960,-0.008430,-0.002204,-0.006226,-0.786611,-0.776238,-0.010373,0.005116,0.000914,0.004202,-2.351695,-2.344970,-0.006725,0.005291,-0.007646,0.012936,1.570421,1.558978,0.011443,0.783869,0.733385,0.050484,-0.000118,-0.002050,0.001932,-0.003941,-0.035200,0.031260,0.000095,0.002604,-0.002509,-0.003578,-0.001951,-0.001627,0.000343,0.015981,-0.015638,0.005638,0.003025,0.002613,0.001123,0.036371,-0.035248,-0.000000,-0.000000,0.000000,-0.000000,0.000000,0.000000,0.000000,-0.750425,-0.972987,0.494616,-0.847377,0.775474,0.480078,0.773909
2.064868,-0.008430,-0.002204,-0.006226,-0.786611,-0.776238,-0.010373,0.005116,0.000914,0.004202,-2.351695,-2.344970,-0.006725,0.005291,-0.007646,0.012936,1.570421,1.558978,0.011443,0.783869,0.733385,0.050484,-0.000118,-0.002050,0.001932,-0.003941,-0.035200,0.031260,0.000095,0.002604,-0.002509,-0.003578,-0.001951,-0.001627,0.000343,0.015981,-0.015638,0.005638,0.003025,0.002613,0.001123,0.036371,-0.035248,0.000000,0.000000,-0.000000,0.000000,-0.000000,-0.000000,-0.000000,-0.752181,-0.975262,0.495773,-0.849359,0.777288,0.481200,0.775719
2.069851,-0.008430,-0.002216,-0.006214,-0.786611,-0.777460,-0.009150,0.005116,0.000954,0.004162,-2.351695,-2.344994,-0.006701,0.005291,-0.007299,0.012590,1.570421,1.559018,0.011402,0.783869,0.734667,0.049202,-0.000118,-0.000016,-0.000102,-0.003941,-0.038440,0.034499,0.000095,0.000583,-0.000488,-0.003578,-0.001736,-0.001842,0.000343,0.007739,-0.007396,0.005638,0.002052,0.003586,0.001123,0.040105,-0.038982,-0.000000,-0.000000,0.000000,-0.000000,0.000000,0.000000,0.000000,-0.772796,-0.793682,0.512071,-0.850601,0.797205,0.483920,0.750202
2.074757,-0.008430,-0.002216,-0.006214,-0.786611,-0.777460,-0.009150,0.005116,0.000954,0.004162,-2.351695,-2.344994,-0.006701,0.005291,-0.007299,0.012590,1.570421,1.559018,0.011402,0.783869,0.734667,0.049202,-0.000118,-0.000016,-0.000102,-0.003941,-0.038440,0.034499,0.000095,0.000583,-0.000488,-0.003578,-0.001736,-0.001842,0.000343,0.007739,-0.007396,0.005638,0.002052,0.003586,0.001123,0.040105,-0.038982,0.000000,0.000000,-0.000000,0.000000,-0.000000,-0.000000,-0.000000,-0.774635,-0.795571,0.513289,-0.852625,0.799102,0.485071,0.751987
2.079759,-0.008430,-0.002216,-0.006214,-0.786611,-0.777460,-0.009150,0.005116,0.000954,0.004162,-2.351695,-2.344994,-0.006701,0.005291,-0.007299,0.012590,1.570421,1.559018,0.011402,0.783869,0.734667,0.049202,-0.000118,-0.000016,-0.000102,-0.003941,-0.038440,0.034499,0.000095,0.000583,-0.000488,-0.003578,-0.001736,-0.001842,0.000343,0.007739,-0.007396,0.005638,0.002052,0.003586,0.001123,0.040105,-0.038982,-0.000000,-0.000000,0.000000,-0.000000,0.000000,0.000000,0.000000,-0.776506,-0.797492,0.514529,-0.854684,0.801031,0.486243,0.753803
2.084936,-0.008430,-0.002216,-0.006214,-0.786611,-0.777460,-0.009150,0.005116,0.000954,0.004162,-2.351695,-2.344994,-0.006701,0.005291,-0.007299,0.012590,1.570421,1.559018,0.011402,0.783869,0.734667,0.049202,-0.000118,-0.000016,-0.000102,-0.003941,-0.038440,0.034499,0.000095,0.000583,-0.000488,-0.003578,-0.001736,-0.001842,0.000343,0.007739,-0.007396,0.005638,0.002052,0.003586,0.001123,0.040105,-0.038982,0.000000,0.000000,-0.000000,0.000000,-0.000000,-0.000000,-0.000000,-0.778431,-0.799470,0.515805,-0.856803,0.803018,0.487448,0.755672
2.089870,-0.008430,-0.002216,-0.006214,-0.786611,-0.777460,-0.009150,0.005116,0.000954,0.004162,-2.351695,-2.344994,-0.006701,0.005291,-0.007299,0.012590,1.570421,1.559018,0.011402,0.783869,0.734667,0.049202,-0.000118,-0.000016,-0.000102,-0.003941,-0.038440,0.034499,0.000095,0.000583,-0.000488,-0.003578,-0.001736,-0.001842,0.000343,0.007739,-0.007396,0.005638,0.002052,0.003586,0.001123,0.040105,-0.038982,-0.000000,-0.000000,0.000000,-0.000000,0.000000,0.000000,0.000000,-0.780277,-0.801366,0.517028,-0.858835,0.804922,0.488604,0.757464
2.095017,-0.008430,-0.002216,-0.006214,-0.786611,-0.777460,-0.009150,0.005116,0.000954,0.004162,-2.351695,-2.344994,-0.006701,0.005291,-0.007299,0.012590,1.570421,1.559018,0.011402,0.783869,0.734667,0.049202,-0.000118,-0.000016,-0.000102,-0.003941,-0.038440,0.034499,0.000095,0.000583,-0.000488,-0.003578,-0.001736,-0.001842,0.000343,0.007739,-0.007396,0.005638,0.002052,0.003586,0.001123,0.040105,-0.038982,0.000000,0.000000,-0.000000,0.000000,-0.000000,-0.000000,-0.000000,-0.782196,-0.803337,0.518299,-0.860948,0.806902,0.489806,0.759327
2.099943,-0.008430,-0.002216,-0.006214,-0.786611,-0.777460,-0.009150,0.005116,0.000954,0.004162,-2.351695,-2.344994,-0.006701,0.005291,-0.007299,0.012590,1.570421,1.559018,0.011402,0.783869,0.734667,0.049202,-0.000118,-0.000016,-0.000102,-0.003941,-0.038440,0.034499,0.000095,0.000583,-0.000488,-0.003578,-0.001736,-0.001842,0.000343,0.007739,-0.007396,0.005638,0.002052,0.003586,0.001123,0.040105,-0.038982,-0.000000,-0.000000,0.000000,-0.000000,0.000000,0.000000,0.000000,-0.784031,-0.805221,0.519515,-0.862967,0.808795,0.490955,0.761108
2.104918,-0.008430,-0.002230,-0.006200,-0.786611,-0.778533,-0.008078,0.005116,0.001003,0.004113,-2.351695,-2.344999,-0.006697,0.005291,-0.007065,0.012356,1.570421,1.559069,0.011351,0.783869,0.736305,0.047564,-0.000118,-0.000214,0.000096,-0.003941,-0.030136,0.026195,0.000095,0.001675,-0.001580,-0.003578,-0.000412,-0.003166,0.000343,0.007392,-0.007049,0.005638,0.000993,0.004645,0.001123,0.052474,-0.051351,0.000000,0.000000,-0.000000,0.000000,-0.000000,-0.000000,-0.000000,-0.782072,-0.755556,0.503493,-0.877771,0.796686,0.493538,0.714509
2.110136,-0.008430,-0.002230,-0.006200,-0.786611,-0.778533,-0.008078,0.005116,0.001003,0.004113,-2.351695,-2.344999,-0.006697,0.005291,-0.007065,0.012356,1.570421,1.559069,0.011351,0.783869,0.736305,0.047564,-0.000118,-0.000214,0.000096,-0.003941,-0.030136,0.026195,0.000095,0.001675,-0.001580,-0.003578,-0.000412,-0.003166,0.000343,0.007392,-0.007049,0.005638,0.000993,0.004645,0.001123,0.052474,-0.051351,-0.000000,-0.000000,0.000000,-0.000000,0.000000,0.000000,0.000000,-0.784007,-0.757424,0.504738,-0.879942,0.798656,0.494759,0.716276
2.115213,-0.008430,-0.002230,-0.006200,-0.786611,-0.778533,-0.008078,0.005116,0.001003,0.004113,-2.351695,-2.344999,-0.006697,0.005291,-0.007065,0.012356,1.570421,1.559069,0.011351,0.783869,0.736305,0.047564,-0.000118,-0.000214,0.000096,-0.003941,-0.030136,0.026195,0.000095,0.001675,-0.001580,-0.003578,-0.000412,-0.003166,0.000343,0.007392,-0.007049,0.005638,0.000993,0.004645,0.001123,0.052474,-0.051351,0.000000,0.000000,-0.000000,0.000000,-0.000000,-0.000000,-0.000000,-0.785897,-0.759251,0.505955,-0.882064,0.800582,0.495952,0.718004
2.120384,-0.008430,-0.002230,-0.006200,-0.786611,-0.778533,-0.008078,0.005116,0.001003,0.004113,-2.351695,-2.344999,-0.006697,0.005291,-0.007065,0.012356,1.570421,1.559069,0.011351,0.783869,0.736305,0.047564,-0.000118,-0.000214,0.000096,-0.003941,-0.030136,0.026195,0.000095,0.001675,-0.001580,-0.003578,-0.000412,-0.003166,0.000343,0.007392,-0.007049,0.005638,0.000993,0.004645,0.001123,0.052474,-0.051351,-0.000000,-0.000000,0.000000,-0.000000,0.000000,0.000000,0.000000,-0.787815,-0.761103,0.507189,-0.884216,0.802535,0.497162,0.719755
2.126100,-0.008430,-0.002230,-0.006200,-0.786611,-0.778533,-0.008078,0.005116,0.001003,0.004113,-2.351695,-2.344999,-0.006697,0.005291,-0.007065,0.012356,1.570421,1.559069,0.011351,0.783869,0.736305,0.047564,-0.000118,-0.000214,0.000096,-0.003941,-0.030136,0.026195,0.000095,0.001675,-0.001580,-0.003578,-0.000412,-0.003166,0.000343,0.007392,-0.007049,0.005638,0.000993,0.004645,0.001123,0.052474,-0.051351,0.000000,0.000000,-0.000000,0.000000,-0.000000,-0.000000,-0.000000,-0.789930,-0.763147,0.508551,-0.886590,0.804690,0.498497,0.721688
2.130209,-0.008430,-0.002230,-0.006200,-0.786611,-0.778533,-0.008078,0.005116,0.001003,0.004113,-2.351695,-2.344999,-0.006697,0.005291,-0.007065,0.012356,1.570421,1.559069,0.011351,0.783869,0.736305,0.047564,-0.000118,-0.000214,0.000096,-0.003941,-0.030136,0.026195,0.000095,0.001675,-0.001580,-0.003578,-0.000412,-0.003166,0.000343,0.007392,-0.007049,0.005638,0.000993,0.004645,0.001123,0.052474,-0.051351,-0.000000,-0.000000,0.000000,-0.000000,0.000000,0.000000,0.000000,-0.791452,-0.764617,0.509531,-0.888299,0.806241,0.499457,0.723079
2.135374,-0.008430,-0.002251,-0.006179,-0.786611,-0.779434,-0.007177,0.005116,0.001035,0.004082,-2.351695,-2.345000,-0.006695,0.005291,-0.006772,0.012063,1.570421,1.559131,0.011289,0.783869,0.737688,0.046180,-0.000118,-0.001535,0.001417,-0.003941,-0.023499,0.019559,0.000095,0.002250,-0.002155,-0.003578,-0.001404,-0.002174,0.000343,0.009198,-0.008855,0.005638,0.002208,0.003430,0.001123,0.036485,-0.035362,0.000000,0.000000,-0.000000,0.000000,-0.000000,-0.000000,-0.000000,-0.777130,-0.719049,0.500889,-0.880099,0.778973,0.493875,0.728522
2.140130,-0.008430,-0.002251,-0.006179,-0.786611,-0.779434,-0.007177,0.005116,0.001035,0.004082,-2.351695,-2.345000,-0.006695,0.005291,-0.006772,0.012063,1.570421,1.559131,0.011289,0.783869,0.737688,0.046180,-0.000118,-0.001535,0.001417,-0.003941,-0.023499,0.019559,0.000095,0.002250,-0.002155,-0.003578,-0.001404,-0.002174,0.000343,0.009198,-0.008855,0.005638,0.002208,0.003430,0.001123,0.036485,-0.035362,-0.000000,-0.000000,0.000000,-0.000000,0.000000,0.000000,0.000000,-0.778864,-0.720653,0.502006,-0.882062,0.780710,0.494977,0.730147
2.145405,-0.008430,-0.002251,-0.006179,-0.786611,-0.779434,-0.007177,0.005116,0.001035,0.004082,-2.351695,-2.345000,-0.006695,0.005291,-0.006772,0.012063,1.570421,1.559131,0.011289,0.783869,0.737688,0.046180,-0.000118,-0.001535,0.001417,-0.003941,-0.023499,0.019559,0.000095,0.002250,-0.002155,-0.003578,-0.001404,-0.002174,0.000343,0.009198,-0.008855,0.005638,0.002208,0.003430,0.001123,0.036485,-0.035362,0.000000,0.000000,-0.000000,0.000000,-0.000000,-0.000000,-0.000000,-0.780773,-0.722419,0.503236,-0.884224,0.782623,0.496190,0.731936
2.150143,-0.008430,-0.002251,-0.006179,-0.786611,-0.779434,-0.007177,0.005116,0.001035,0.004082,-2.351695,-2.345000,-0.006695,0.005291,-0.006772,0.012063,1.570421,1.559131,0.011289,0.783869,0.737688,0.046180,-0.000118,-0.001535,0.001417,-0.003941,-0.023499,0.019559,0.000095,0.002250,-0.002155,-0.003578,-0.001404,-0.002174,0.000343,0.009198,-0.008855,0.005638,0.002208,0.003430,0.001123,0.036485,-0.035362,-0.000000,-0.000000,0.000000,-0.000000,0.000000,0.000000,0.000000,-0.782502,-0.724020,0.504351,-0.886183,0.784357,0.497289,0.733558
2.155046,-0.008430,-0.002251,-0.006179,-0.786611,-0.779434,-0.007177,0.005116,0.001035,0.004082,-2.351695,-2.345000,-0.006695,0.005291,-0.006772,0.012063,1.570421,1.559131,0.011289,0.783869,0.737688,0.046180,-0.000118,-0.001535,0.001417,-0.003941,-0.023499,0.019559,0.000095,0.002250,-0.002155,-0.003578,-0.001404,-0.002174,0.000343,0.009198,-0.008855,0.005638,0.002208,0.003430,0.001123,0.036485,-0.035362,0.000000,0.000000,-0.000000,0.000000,-0.000000,-0.000000,-0.000000,-0.784293,-0.725676,0.505505,-0.888211,0.786152,0.498427,0.735236
2.160485,-0.008430,-0.002251,-0.006179,-0.786611,-0.779434,-0.007177,0.005116,0.001035,0.004082,-2.351695,-2.345000,-0.006695,0.005291,-0.006772,0.012063,1.570421,1.559131,0.011289,0.783869,0.737688,0.046180,-0.000118,-0.001535,0.001417,-0.003941,-0.023499,0.019559,0.000095,0.002250,-0.002155,-0.003578,-0.001404,-0.002174,0.000343,0.009198,-0.008855,0.005638,0.002208,0.003430,0.001123,0.036485,-0.035362,-0.000000,-0.000000,0.000000,-0.000000,0.000000,0.000000,0.000000,-0.786264,-0.727500,0.506776,-0.890443,0.788128,0.499680,0.737085
2.165116,-0.008430,-0.002251,-0.006179,-0.786611,-0.779434,-0.007177,0.005116,0.001035,0.004082,-2.351695,-2.345000,-0.006695,0.005291,-0.006772,0.012063,1.570421,1.559131,0.011289,0.783869,0.737688,0.046180,-0.000118,-0.001535,0.001417,-0.003941,-0.023499,0.019559,0.000095,0.002250,-0.002155,-0.003578,-0.001404,-0.002174,0.000343,0.009198,-0.008855,0.005638,0.002208,0.003430,0.001123,0.036485,-0.035362,0.000000,0.000000,-0.000000,0.000000,-0.000000,-0.000000,-0.000000,-0.787955,-0.729064,0.507865,-0.892358,0.789823,0.500754,0.738669
2.170010,-0.008430,-0.002259,-0.006171,-0.786611,-0.780036,-0.006575,0.005116,0.001090,0.004027,-2.351695,-2.344996,-0.006700,0.005291,-0.006523,0.011814,1.570421,1.559207,0.011213,0.783869,0.738786,0.045083,-0.000118,0.001255,-0.001372,-0.003941,-0.014719,0.010778,0.000095,0.000447,-0.000352,-0.003578,-0.001202,-0.002376,0.000343,0.004575,-0.004232,0.005638,0.001299,0.004339,0.001123,0.029531,-0.028408,-0.000000,-0.000000,0.000000,-0.000000,0.000000,0.000000,0.000000,-0.817830,-0.743828,0.520630,-0.897088,0.798389,0.501740,0.733365
2.175378,-0.008430,-0.002259,-0.006171,-0.786611,-0.780036,-0.006575,0.005116,0.001090,0.004027,-2.351695,-2.344996,-0.006700,0.005291,-0.006523,0.011814,1.570421,1.559207,0.011213,0.783869,0.738786,0.045083,-0.000118,0.001255,-0.001372,-0.003941,-0.014719,0.010778,0.000095,0.000447,-0.000352,-0.003578,-0.001202,-0.002376,0.000343,0.004575,-0.004232,0.005638,0.001299,0.004339,0.001123,0.029531,-0.028408,0.000000,0.000000,-0.000000,0.000000,-0.000000,-0.000000,-0.000000,-0.819852,-0.745667,0.521918,-0.899306,0.800363,0.502981,0.735179
2.179920,-0.008430,-0.002259,-0.006171,-0.786611,-0.780036,-0.006575,0.005116,0.001090,0.004027,-2.351695,-2.344996,-0.006700,0.005291,-0.006523,0.011814,1.570421,1.559207,0.011213,0.783869,0.738786,0.045083,-0.000118,0.001255,-0.001372,-0.003941,-0.014719,0.010778,0.000095,0.000447,-0.000352,-0.003578,-0.001202,-0.002376,0.000343,0.004575,-0.004232,0.005638,0.001299,0.004339,0.001123,0.029531,-0.028408,-0.000000,-0.000000,0.000000,-0.000000,0.000000,0.000000,0.000000,-0.821566,-0.747226,0.523009,-0.901186,0.802036,0.504032,0.736716
2.185525,-0.008430,-0.002259,-0.006171,-0.786611,-0.780036,-0.006575,0.005116,0.001090,0.004027,-2.351695,-2.344996,-0.006700,0.005291,-0.006523,0.011814,1.570421,1.559207,0.011213,0.783869,0.738786,0.045083,-0.000118,0.001255,-0.001372,-0.003941,-0.014719,0.010778,0.000095,0.000447,-0.000352,-0.003578,-0.001202,-0.002376,0.000343,0.004575,-0.004232,0.005638,0.001299,0.004339,0.001123,0.029531,-0.028408,-0.000000,-0.000000,0.000000,0.000000,0.000000,-0.000000,0.000000,-0.823671,-0.749140,0.524349,-0.903494,0.804091,0.505323,0.738603
2.189873,-0.008430,-0.002259,-0.006171,-0.786611,-0.780036,-0.006575,0.005116,0.001090,0.004027,-2.351695,-2.344996,-0.006700,0.005291,-0.006523,0.011814,1.570421,1.559207,0.011213,0.783869,0.738786,0.045083,-0.000118,0.001255,-0.001372,-0.003941,-0.014719,0.010778,0.000095,0.000447,-0.000352,-0.003578,-0.001202,-0.002376,0.000343,0.004575,-0.004232,0.005638,0.001299,0.004339,0.001123,0.029531,-0.028408,0.000000,0.000000,-0.000000,-0.000000,-0.000000,0.000000,-0.000000,-0.825321,-0.750641,0.525399,-0.905305,0.805702,0.506336,0.740083
2.195293,-0.008430,-0.002259,-0.006171,-0.786611,-0.780036,-0.006575,0.005116,0.001090,0.004027,-2.351695,-2.344996,-0.006700,0.005291,-0.006523,0.011814,1.570421,1.559207,0.011213,0.783869,0.738786,0.045083,-0.000118,0.001255,-0.001372,-0.003941,-0.014719,0.010778,0.000095,0.000447,-0.000352,-0.003578,-0.001202,-0.002376,0.000343,0.004575,-0.004232,0.005638,0.001299,0.004339,0.001123,0.029531,-0.028408,-0.000000,-0.000000,0.000000,0.000000,0.000000,-0.000000,0.000000,-0.827348,-0.752485,0.526690,-0.907528,0.807681,0.507580,0.741901
2.200170,-0.008430,-0.002259,-0.006171,-0.786611,-0.780036,-0.006575,0.005116,0.001090,0.004027,-2.351695,-2.344996,-0.006700,0.005291,-0.006523,0.011814,1.570421,1.559207,0.011213,0.783869,0.738786,0.045083,-0.000118,0.001255,-0.001372,-0.003941,-0.014719,0.010778,0.000095,0.000447,-0.000352,-0.003578,-0.001202,-0.002376,0.000343,0.004575,-0.004232,0.005638,0.001299,0.004339,0.001123,0.029531,-0.028408,0.000000,0.000000,-0.000000,-0.000000,-0.000000,0.000000,-0.000000,-0.829189,-0.754160,0.527862,-0.909548,0.809478,0.508709,0.743551
2.205142,-0.008430,-0.002282,-0.006147,-0.786611,-0.780279,-0.006331,0.005116,0.001158,0.003958,-2.351695,-2.345002,-0.006694,0.005291,-0.006335,0.011626,1.570421,1.559308,0.011112,0.783869,0.739651,0.044217,-0.000118,-0.001011,0.000893,-0.003941,-0.002173,-0.001768,0.000095,0.001832,-0.001737,-0.003578,-0.000087,-0.003491,0.000343,0.005452,-0.005109,0.005638,0.002017,0.003622,0.001123,0.022134,-0.021011,-0.000000,-0.000000,0.000000,0.000000,0.000000,-0.000000,0.000000,-0.803936,-0.856458,0.505309,-0.922625,0.793382,0.502888,0.743012
2.210257,-0.008430,-0.002282,-0.006147,-0.786611,-0.780279,-0.006331,0.005116,0.001158,0.003958,-2.351695,-2.345002,-0.006694,0.005291,-0.006335,0.011626,1.570421,1.559308,0.011112,0.783869,0.739651,0.044217,-0.000118,-0.001011,0.000893,-0.003941,-0.002173,-0.001768,0.000095,0.001832,-0.001737,-0.003578,-0.000087,-0.003491,0.000343,0.005452,-0.005109,0.005638,0.002017,0.003622,0.001123,0.022134,-0.021011,0.000000,0.000000,-0.000000,-0.000000,-0.000000,0.000000,-0.000000,-0.805800,-0.858444,0.506481,-0.924765,0.795222,0.504054,0.744735
2.214978,-0.008430,-0.002282,-0.006147,-0.786611,-0.780279,-0.006331,0.005116,0.001158,0.003958,-2.351695,-2.345002,-0.006694,0.005291,-0.006335,0.011626,1.570421,1.559308,0.011112,0.783869,0.739651,0.044217,-0.000118,-0.001011,0.000893,-0.003941,-0.002173,-0.001768,0.000095,0.001832,-0.001737,-0.003578,-0.000087,-0.003491,0.000343,0.005452,-0.005109,0.005638,0.002017,0.003622,0.001123,0.022134,-0.021011,-0.000000,-0.000000,0.000000,0.000000,0.000000,-0.000000,0.000000,-0.807525,-0.860282,0.507566,-0.926745,0.796925,0.505134,0.746330
2.220101,-0.008430,-0.002282,-0.006147,-0.786611,-0.780279,-0.006331,0.005116,0.001158,0.003958,-2.351695,-2.345002,-0.006694,0.005291,-0.006335,0.011626,1.570421,1.559308,0.011112,0.783869,0.739651,0.044217,-0.000118,-0.001011,0.000893,-0.003941,-0.002173,-0.001768,0.000095,0.001832,-0.001737,-0.003578,-0.000087,-0.003491,0.000343,0.005452,-0.005109,0.005638,0.002017,0.003622,0.001123,0.022134,-0.021011,0.000000,0.000000,-0.000000,-0.000000,-0.000000,0.000000,-0.000000,-0.809390,-0.862269,0.508738,-0.928885,0.798765,0.506300,0.748053
2.225294,-0.008430,-0.002282,-0.006147,-0.786611,-0.780279,-0.006331,0.005116,0.001158,0.003958,-2.351695,-2.345002,-0.006694,0.005291,-0.006335,0.011626,1.570421,1.559308,0.011112,0.783869,0.739651,0.044217,-0.000118,-0.001011,0.000893,-0.003941,-0.002173,-0.001768,0.000095,0.001832,-0.001737,-0.003578,-0.000087,-0.003491,0.000343,0.005452,-0.005109,0.005638,0.002017,0.003622,0.001123,0.022134,-0.021011,-0.000000,-0.000000,0.000000,0.000000,0.000000,-0.000000,0.000000,-0.811278,-0.864280,0.509924,-0.931051,0.800628,0.507481,0.749798
2.230078,-0.008430,-0.002282,-0.006147,-0.786611,-0.780279,-0.006331,0.005116,0.001158,0.003958,-2.351695,-2.345002,-0.006694,0.005291,-0.006335,0.011626,1.570421,1.559308,0.011112,0.783869,0.739651,0.044217,-0.000118,-0.001011,0.000893,-0.003941,-0.002173,-0.001768,0.000095,0.001832,-0.001737,-0.003578,-0.000087,-0.003491,0.000343,0.005452,-0.005109,0.005638,0.002017,0.003622,0.001123,0.022134,-0.021011,0.000000,0.000000,-0.000000,-0.000000,-0.000000,0.000000,-0.000000,-0.813021,-0.866137,0.511020,-0.933051,0.802348,0.508571,0.751409
2.235569,-0.008430,-0.002312,-0.006118,-0.786611,-0.780280,-0.006330,0.005116,0.001241,0.003875,-2.351695,-2.345023,-0.006672,0.005291,-0.006163,0.011454,1.570421,1.559396,0.011024,0.783869,0.740337,0.043532,-0.000118,-0.002457,0.002339,-0.003941,0.001336,-0.005277,0.000095,0.003218,-0.003123,-0.003578,-0.002805,-0.000773,0.000343,0.003786,-0.003443,0.005638,0.002365,0.003273,0.001123,0.019379,-0.018256,-0.000000,-0.000000,0.000000,0.000000,0.000000,-0.000000,0.000000,-0.795523,-0.905791,0.486275,-0.903299,0.800939,0.504631,0.745927
2.239883,-0.008430,-0.002312,-0.006118,-0.786611,-0.780280,-0.006330,0.005116,0.001241,0.003875,-2.351695,-2.345023,-0.006672,0.005291,-0.006163,0.011454,1.570421,1.559396,0.011024,0.783869,0.740337,0.043532,-0.000118,-0.002457,0.002339,-0.003941,0.001336,-0.005277,0.000095,0.003218,-0.003123,-0.003578,-0.002805,-0.000773,0.000343,0.003786,-0.003443,0.005638,0.002365,0.003273,0.001123,0.019379,-0.018256,0.000000,0.000000,-0.000000,-0.000000,-0.000000,0.000000,-0.000000,-0.797061,-0.907542,0.487215,-0.905046,0.802487,0.505607,0.747369
2.245140,-0.008430,-0.002312,-0.006118,-0.786611,-0.780280,-0.006330,0.005116,0.001241,0.003875,-2.351695,-2.345023,-0.006672,0.005291,-0.006163,0.011454,1.570421,1.559396,0.011024,0.783869,0.740337,0.043532,-0.000118,-0.002457,0.002339,-0.003941,0.001336,-0.005277,0.000095,0.003218,-0.003123,-0.003578,-0.002805,-0.000773,0.000343,0.003786,-0.003443,0.005638,0.002365,0.003273,0.001123,0.019379,-0.018256,-0.000000,-0.000000,0.000000,0.000000,0.000000,-0.000000,0.000000,-0.798924,-0.909662,0.488353,-0.907160,0.804362,0.506788,0.749115
2.250050,-0.008430,-0.002312,-0.006118,-0.786611,-0.780280,-0.006330,0.005116,0.001241,0.003875,-2.351695,-2.345023,-0.006672,0.005291,-0.006163,0.011454,1.570421,1.559396,0.011024,0.783869,0.740337,0.043532,-0.000118,-0.002457,0.002339,-0.003941,0.001336,-0.005277,0.000095,0.003218,-0.003123,-0.003578,-0.002805,-0.000773,0.000343,0.003786,-0.003443,0.005638,0.002365,0.003273,0.001123,0.019379,-0.018256,0.000000,0.000000,-0.000000,-0.000000,-0.000000,0.000000,-0.000000,-0.800673,-0.911655,0.489423,-0.909147,0.806124,0.507898,0.750756
2.254853,-0.008430,-0.002312,-0.006118,-0.786611,-0.780280,-0.006330,0.005116,0.001241,0.003875,-2.351695,-2.345023,-0.006672,0.005291,-0.006163,0.011454,1.570421,1.559396,0.011024,0.783869,0.740337,0.043532,-0.000118,-0.002457,0.002339,-0.003941,0.001336,-0.005277,0.000095,0.003218,-0.003123,-0.003578,-0.002805,-0.000773,0.000343,0.003786,-0.003443,0.005638,0.002365,0.003273,0.001123,0.019379,-0.018256,-0.000000,-0.000000,0.000000,0.000000,0.000000,-0.000000,0.000000,-0.802388,-0.913607,0.490471,-0.911094,0.807850,0.508986,0.752364
2.260922,-0.008430,-0.002312,-0.006118,-0.786611,-0.780280,-0.006330,0.005116,0.001241,0.003875,-2.351695,-2.345023,-0.006672,0.005291,-0.006163,0.011454,1.570421,1.559396,0.011024,0.783869,0.740337,0.043532,-0.000118,-0.002457,0.002339,-0.003941,0.001336,-0.005277,0.000095,0.003218,-0.003123,-0.003578,-0.002805,-0.000773,0.000343,0.003786,-0.003443,0.005638,0.002365,0.003273,0.001123,0.019379,-0.018256,0.000000,0.000000,-0.000000,-0.000000,-0.000000,0.000000,-0.000000,-0.804537,-0.916053,0.491784,-0.913534,0.810014,0.510349,0.754379
2.265021,-0.008430,-0.002312,-0.006118,-0.786611,-0.780280,-0.006330,0.005116,0.001241,0.003875,-2.351695,-2.345023,-0.006672,0.005291,-0.006163,0.011454,1.570421,1.559396,0.011024,0.783869,0.740337,0.043532,-0.000118,-0.002457,0.002339,-0.003941,0.001336,-0.005277,0.000095,0.003218,-0.003123,-0.003578,-0.002805,-0.000773,0.000343,0.003786,-0.003443,0.005638,0.002365,0.003273,0.001123,0.019379,-0.018256,-0.000000,-0.000000,0.000000,0.000000,0.000000,-0.000000,0.000000,-0.806006,-0.917726,0.492682,-0.915202,0.811493,0.511281,0.755756
2.270027,-0.008430,-0.002329,-0.006101,-0.786611,-0.780274,-0.006337,0.005116,0.001298,0.003818,-2.351695,-2.345129,-0.006566,0.005291,-0.006026,0.011316,1.570421,1.559483,0.010938,0.783869,0.741011,0.042858,-0.000118,0.000361,-0.000479,-0.003941,0.000860,-0.004801,0.000095,0.001989,-0.001894,-0.003578,-0.005374,0.001796,0.000343,0.004549,-0.004206,0.005638,0.002112,0.003526,0.001123,0.017774,-0.016650,0.000000,0.000000,-0.000000,-0.000000,-0.000000,0.000000,-0.000000,-0.836256,-0.915418,0.499436,-0.874809,0.799163,0.509416,0.748101
2.275167,-0.008430,-0.002329,-0.006101,-0.786611,-0.780274,-0.006337,0.005116,0.001298,0.003818,-2.351695,-2.345129,-0.006566,0.005291,-0.006026,0.011316,1.570421,1.559483,0.010938,0.783869,0.741011,0.042858,-0.000118,0.000361,-0.000479,-0.003941,0.000860,-0.004801,0.000095,0.001989,-0.001894,-0.003578,-0.005374,0.001796,0.000343,0.004549,-0.004206,0.005638,0.002112,0.003526,0.001123,0.017774,-0.016650,-0.000000,-0.000000,0.000000,0.000000,0.000000,-0.000000,0.000000,-0.838137,-0.917477,0.500559,-0.876777,0.800960,0.510562,0.749783
2.280195,-0.008430,-0.002329,-0.006101,-0.786611,-0.780274,-0.006337,0.005116,0.001298,0.003818,-2.351695,-2.345129,-0.006566,0.005291,-0.006026,0.011316,1.570421,1.559483,0.010938,0.783869,0.741011,0.042858,-0.000118,0.000361,-0.000479,-0.003941,0.000860,-0.004801,0.000095,0.001989,-0.001894,-0.003578,-0.005374,0.001796,0.000343,0.004549,-0.004206,0.005638,0.002112,0.003526,0.001123,0.017774,-0.016650,0.000000,0.000000,-0.000000,-0.000000,-0.000000,0.000000,-0.000000,-0.839991,-0.919507,0.501667,-0.878717,0.802732,0.511692,0.751442
2.286089,-0.008430,-0.002329,-0.006101,-0.786611,-0.780274,-0.006337,0.005116,0.001298,0.003818,-2.351695,-2.345129,-0.006566,0.005291,-0.006026,0.011316,1.570421,1.559483,0.010938,0.783869,0.741011,0.042858,-0.000118,0.000361,-0.000479,-0.003941,0.000860,-0.004801,0.000095,0.001989,-0.001894,-0.003578,-0.005374,0.001796,0.000343,0.004549,-0.004206,0.005638,0.002112,0.003526,0.001123,0.017774,-0.016650,-0.000000,-0.000000,0.000000,0.000000,0.000000,-0.000000,0.000000,-0.842172,-0.921894,0.502969,-0.880998,0.804817,0.513020,0.753393
2.289689,-0.008430,-0.002329,-0.006101,-0.786611,-0.780274,-0.006337,0.005116,0.001298,0.003818,-2.351695,-2.345129,-0.006566,0.005291,-0.006026,0.011316,1.570421,1.559483,0.010938,0.783869,0.741011,0.042858,-0.000118,0.000361,-0.000479,-0.003941,0.000860,-0.004801,0.000095,0.001989,-0.001894,-0.003578,-0.005374,0.001796,0.000343,0.004549,-0.004206,0.005638,0.002112,0.003526,0.001123,0.017774,-0.016650,0.000000,0.000000,-0.000000,-0.000000,-0.000000,0.000000,-0.000000,-0.843505,-0.923353,0.503765,-0.882393,0.806090,0.513832,0.754585
2.295125,-0.008430,-0.002329,-0.006101,-0.786611,-0.780274,-0.006337,0.005116,0.001298,0.003818,-2.351695,-2.345129,-0.006566,0.005291,-0.006026,0.011316,1.570421,1.559483,0.010938,0.783869,0.741011,0.042858,-0.000118,0.000361,-0.000479,-0.003941,0.000860,-0.004801,0.000095,0.001989,-0.001894,-0.003578,-0.005374,0.001796,0.000343,0.004549,-0.004206,0.005638,0.002112,0.003526,0.001123,0.017774,-0.016650,-0.000000,-0.000000,0.000000,0.000000,0.000000,-0.000000,0.000000,-0.845495,-0.925532,0.504954,-0.884475,0.807993,0.515045,0.756366
2.299974,-0.008430,-0.002329,-0.006101,-0.786611,-0.780274,-0.006337,0.005116,0.001298,0.003818,-2.351695,-2.345129,-0.006566,0.005291,-0.006026,0.011316,1.570421,1.559483,0.010938,0.783869,0.741011,0.042858,-0.000118,0.000361,-0.000479,-0.003941,0.000860,-0.004801,0.000095,0.001989,-0.001894,-0.003578,-0.005374,0.001796,0.000343,0.004549,-0.004206,0.005638,0.002112,0.003526,0.001123,0.017774,-0.016650,0.000000,0.000000,-0.000000,-0.000000,-0.000000,0.000000,-0.000000,-0.847288,-0.927494,0.506025,-0.886350,0.809705,0.516137,0.757970
2.305136,-0.008430,-0.002351,-0.006079,-0.786611,-0.780282,-0.006328,0.005116,0.001327,0.003790,-2.351695,-2.345266,-0.006429,0.005291,-0.005890,0.011181,1.570421,1.559572,0.010849,0.783869,0.741719,0.042150,-0.000118,-0.000598,0.000481,-0.003941,0.001010,-0.004951,0.000095,0.001721,-0.001626,-0.003578,-0.003249,-0.000328,0.000343,0.002361,-0.002018,0.005638,0.003662,0.001976,0.001123,0.024692,-0.023569,-0.000000,-0.000000,0.000000,0.000000,0.000000,-0.000000,0.000000,-0.835464,-0.930092,0.506174,-0.892881,0.813613,0.507474,0.733856
2.309874,-0.008430,-0.002351,-0.006079,-0.786611,-0.780282,-0.006328,0.005116,0.001327,0.003790,-2.351695,-2.345266,-0.006429,0.005291,-0.005890,0.011181,1.570421,1.559572,0.010849,0.783869,0.741719,0.042150,-0.000118,-0.000598,0.000481,-0.003941,0.001010,-0.004951,0.000095,0.001721,-0.001626,-0.003578,-0.003249,-0.000328,0.000343,0.002361,-0.002018,0.005638,0.003662,0.001976,0.001123,0.024692,-0.023569,0.000000,0.000000,-0.000000,-0.000000,-0.000000,0.000000,-0.000000,-0.837183,-0.932005,0.507215,-0.894718,0.815287,0.508518,0.735366
2.315171,-0.008430,-0.002351,-0.006079,-0.786611,-0.780282,-0.006328,0.005116,0.001327,0.003790,-2.351695,-2.345266,-0.006429,0.005291,-0.005890,0.011181,1.570421,1.559572,0.010849,0.783869,0.741719,0.042150,-0.000118,-0.000598,0.000481,-0.003941,0.001010,-0.004951,0.000095,0.001721,-0.001626,-0.003578,-0.003249,-0.000328,0.000343,0.002361,-0.002018,0.005638,0.003662,0.001976,0.001123,0.024692,-0.023569,-0.000000,-0.000000,0.000000,0.000000,0.000000,-0.000000,0.000000,-0.839092,-0.934130,0.508372,-0.896758,0.817146,0.509678,0.737043
2.320050,-0.008430,-0.002351,-0.006079,-0.786611,-0.780282,-0.006328,0.005116,0.001327,0.003790,-2.351695,-2.345266,-0.006429,0.005291,-0.005890,0.011181,1.570421,1.559572,0.010849,0.783869,0.741719,0.042150,-0.000118,-0.000598,0.000481,-0.003941,0.001010,-0.004951,0.000095,0.001721,-0.001626,-0.003578,-0.003249,-0.000328,0.000343,0.002361,-0.002018,0.005638,0.003662,0.001976,0.001123,0.024692,-0.023569,0.000000,0.000000,-0.000000,-0.000000,-0.000000,0.000000,-0.000000,-0.840870,-0.936110,0.509449,-0.898658,0.818878,0.510757,0.738605
2.325579,-0.008430,-0.002351,-0.006079,-0.786611,-0.780282,-0.006328,0.005116,0.001327,0.003790,-2.351695,-2.345266,-0.006429,0.005291,-0.005890,0.011181,1.570421,1.559572,0.010849,0.783869,0.741719,0.042150,-0.000118,-0.000598,0.000481,-0.003941,0.001010,-0.004951,0.000095,0.001721,-0.001626,-0.003578,-0.003249,-0.000328,0.000343,0.002361,-0.002018,0.005638,0.003662,0.001976,0.001123,0.024692,-0.023569,-0.000000,-0.000000,0.000000,0.000000,0.000000,-0.000000,0.000000,-0.842864,-0.938330,0.510657,-0.900789,0.820820,0.511969,0.740357
2.329860,-0.008430,-0.002351,-0.006079,-0.786611,-0.780282,-0.006328,0.005116,0.001327,0.003790,-2.351695,-2.345266,-0.006429,0.005291,-0.005890,0.011181,1.570421,1.559572,0.010849,0.783869,0.741719,0.042150,-0.000118,-0.000598,0.000481,-0.003941,0.001010,-0.004951,0.000095,0.001721,-0.001626,-0.003578,-0.003249,-0.000328,0.000343,0.002361,-0.002018,0.005638,0.003662,0.001976,0.001123,0.024692,-0.023569,0.000000,0.000000,-0.000000,-0.000000,-0.000000,0.000000,-0.000000,-0.844417,-0.940058,0.511598,-0.902449,0.822332,0.512912,0.741720
2.335770,-0.008430,-0.002392,-0.006038,-0.786611,-0.780275,-0.006335,0.005116,0.001352,0.003764,-2.351695,-2.345366,-0.006330,0.005291,-0.005777,0.011068,1.570421,1.559636,0.010784,0.783869,0.742506,0.041363,-0.000118,-0.001269,0.001151,-0.003941,0.000399,-0.004340,0.000095,0.002394,-0.002299,-0.003578,-0.003935,0.000357,0.000343,0.004881,-0.004538,0.005638,-0.001433,0.007071,0.001123,0.019801,-0.018678,-0.000000,-0.000000,0.000000,0.000000,0.000000,-0.000000,0.000000,-0.833338,-0.936577,0.501738,-0.883146,0.801849,0.530252,0.738051
2.340079,-0.008430,-0.002392,-0.006038,-0.786611,-0.780275,-0.006335,0.005116,0.001352,0.003764,-2.351695,-2.345366,-0.006330,0.005291,-0.005777,0.011068,1.570421,1.559636,0.010784,0.783869,0.742506,0.041363,-0.000118,-0.001269,0.001151,-0.003941,0.000399,-0.004340,0.000095,0.002394,-0.002299,-0.003578,-0.003935,0.000357,0.000343,0.004881,-0.004538,0.005638,-0.001433,0.007071,0.001123,0.019801,-0.018678,0.000000,0.000000,-0.000000,-0.000000,-0.000000,0.000000,-0.000000,-0.834876,-0.938307,0.502664,-0.884777,0.803329,0.531231,0.739413
2.345131,-0.008430,-0.002392,-0.006038,-0.786611,-0.780275,-0.006335,0.005116,0.001352,0.003764,-2.351695,-2.345366,-0.006330,0.005291,-0.005777,0.011068,1.570421,1.559636,0.010784,0.783869,0.742506,0.041363,-0.000118,-0.001269,0.001151,-0.003941,0.000399,-0.004340,0.000095,0.002394,-0.002299,-0.003578,-0.003935,0.000357,0.000343,0.004881,-0.004538,0.005638,-0.001433,0.007071,0.001123,0.019801,-0.018678,-0.000000,-0.000000,0.000000,0.000000,0.000000,-0.000000,0.000000,-0.836674,-0.940327,0.503747,-0.886683,0.805059,0.532376,0.741006
2.349991,-0.008430,-0.002392,-0.006038,-0.786611,-0.780275,-0.006335,0.005116,0.001352,0.003764,-2.351695,-2.345366,-0.006330,0.005291,-0.005777,0.011068,1.570421,1.559636,0.010784,0.783869,0.742506,0.041363,-0.000118,-0.001269,0.001151,-0.003941,0.000399,-0.004340,0.000095,0.002394,-0.002299,-0.003578,-0.003935,0.000357,0.000343,0.004881,-0.004538,0.005638,-0.001433,0.007071,0.001123,0.019801,-0.018678,0.000000,0.000000,-0.000000,-0.000000,-0.000000,0.000000,-0.000000,-0.838410,-0.942278,0.504792,-0.888522,0.806729,0.533480,0.742543
2.355039,-0.008430,-0.002392,-0.006038,-0.786611,-0.780275,-0.006335,0.005116,0.001352,0.003764,-2.351695,-2.345366,-0.006330,0.005291,-0.005777,0.011068,1.570421,1.559636,0.010784,0.783869,0.742506,0.041363,-0.000118,-0.001269,0.001151,-0.003941,0.000399,-0.004340,0.000095,0.002394,-0.002299,-0.003578,-0.003935,0.000357,0.000343,0.004881,-0.004538,0.005638,-0.001433,0.007071,0.001123,0.019801,-0.018678,-0.000000,-0.000000,0.000000,0.000000,0.000000,-0.000000,0.000000,-0.840210,-0.944301,0.505876,-0.890430,0.808462,0.534625,0.744138
2.360506,-0.008430,-0.002392,-0.006038,-0.786611,-0.780275,-0.006335,0.005116,0.001352,0.003764,-2.351695,-2.345366,-0.006330,0.005291,-0.005777,0.011068,1.570421,1.559636,0.010784,0.783869,0.742506,0.041363,-0.000118,-0.001269,0.001151,-0.003941,0.000399,-0.004340,0.000095,0.002394,-0.002299,-0.003578,-0.003935,0.000357,0.000343,0.004881,-0.004538,0.005638,-0.001433,0.007071,0.001123,0.019801,-0.018678,0.000000,0.000000,-0.000000,-0.000000,-0.000000,0.000000,-0.000000,-0.842158,-0.946490,0.507049,-0.892494,0.810336,0.535865,0.745863
2.364922,-0.008430,-0.002392,-0.006038,-0.786611,-0.780275,-0.006335,0.005116,0.001352,0.003764,-2.351695,-2.345366,-0.006330,0.005291,-0.005777,0.011068,1.570421,1.559636,0.010784,0.783869,0.742506,0.041363,-0.000118,-0.001269,0.001151,-0.003941,0.000399,-0.004340,0.000095,0.002394,-0.002299,-0.003578,-0.003935,0.000357,0.000343,0.004881,-0.004538,0.005638,-0.001433,0.007071,0.001123,0.019801,-0.018678,-0.000000,-0.000000,0.000000,0.000000,0.000000,-0.000000,0.000000,-0.843737,-0.948265,0.508000,-0.894168,0.811856,0.536870,0.747261
2.369733,-0.008430,-0.002444,-0.005986,-0.786611,-0.780282,-0.006329,0.005116,0.001388,0.003729,-2.351695,-2.345498,-0.006198,0.005291,-0.005671,0.010962,1.570421,1.559700,0.010721,0.783869,0.743269,0.040600,-0.000118,-0.002262,0.002144,-0.003941,0.000130,-0.004071,0.000095,0.000716,-0.000621,-0.003578,-0.003787,0.000209,0.000343,0.002857,-0.002514,0.005638,0.001327,0.004311,0.001123,0.021440,-0.020317,0.000000,0.000000,-0.000000,-0.000000,-0.000000,0.000000,-0.000000,-0.826817,-0.946218,0.523116,-0.878885,0.816995,0.524475,0.731210
2.375143,-0.008430,-0.002444,-0.005986,-0.786611,-0.780282,-0.006329,0.005116,0.001388,0.003729,-2.351695,-2.345498,-0.006198,0.005291,-0.005671,0.010962,1.570421,1.559700,0.010721,0.783869,0.743269,0.040600,-0.000118,-0.002262,0.002144,-0.003941,0.000130,-0.004071,0.000095,0.000716,-0.000621,-0.003578,-0.003787,0.000209,0.000343,0.002857,-0.002514,0.005638,0.001327,0.004311,0.001123,0.021440,-0.020317,-0.000000,-0.000000,0.000000,0.000000,0.000000,-0.000000,0.000000,-0.828702,-0.948375,0.524309,-0.880889,0.818857,0.525671,0.732877
2.380007,-0.008430,-0.002444,-0.005986,-0.786611,-0.780282,-0.006329,0.005116,0.001388,0.003729,-2.351695,-2.345498,-0.006198,0.005291,-0.005671,0.010962,1.570421,1.559700,0.010721,0.783869,0.743269,0.040600,-0.000118,-0.002262,0.002144,-0.003941,0.000130,-0.004071,0.000095,0.000716,-0.000621,-0.003578,-0.003787,0.000209,0.000343,0.002857,-0.002514,0.005638,0.001327,0.004311,0.001123,0.021440,-0.020317,0.000000,0.000000,-0.000000,-0.000000,-0.000000,0.000000,-0.000000,-0.830400,-0.950319,0.525383,-0.882694,0.820535,0.526748,0.734379
2.386099,-0.008430,-0.002444,-0.005986,-0.786611,-0.780282,-0.006329,0.005116,0.001388,0.003729,-2.351695,-2.345498,-0.006198,0.005291,-0.005671,0.010962,1.570421,1.559700,0.010721,0.783869,0.743269,0.040600,-0.000118,-0.002262,0.002144,-0.003941,0.000130,-0.004071,0.000095,0.000716,-0.000621,-0.003578,-0.003787,0.000209,0.000343,0.002857,-0.002514,0.005638,0.001327,0.004311,0.001123,0.021440,-0.020317,-0.000000,-0.000000,0.000000,0.000000,0.000000,-0.000000,0.000000,-0.832519,-0.952744,0.526724,-0.884946,0.822629,0.528092,0.736253
2.389993,-0.008430,-0.002444,-0.005986,-0.786611,-0.780282,-0.006329,0.005116,0.001388,0.003729,-2.351695,-2.345498,-0.006198,0.005291,-0.005671,0.010962,1.570421,1.559700,0.010721,0.783869,0.743269,0.040600,-0.000118,-0.002262,0.002144,-0.003941,0.000130,-0.004071,0.000095,0.000716,-0.000621,-0.003578,-0.003787,0.000209,0.000343,0.002857,-0.002514,0.005638,0.001327,0.004311,0.001123,0.021440,-0.020317,0.000000,0.000000,-0.000000,-0.000000,-0.000000,0.000000,-0.000000,-0.833884,-0.954306,0.527588,-0.886397,0.823978,0.528958,0.737460
2.395116,-0.008430,-0.002444,-0.005986,-0.786611,-0.780282,-0.006329,0.005116,0.001388,0.003729,-2.351695,-2.345498,-0.006198,0.005291,-0.005671,0.010962,1.570421,1.559700,0.010721,0.783869,0.743269,0.040600,-0.000118,-0.002262,0.002144,-0.003941,0.000130,-0.004071,0.000095,0.000716,-0.000621,-0.003578,-0.003787,0.000209,0.000343,0.002857,-0.002514,0.005638,0.001327,0.004311,0.001123,0.021440,-0.020317,-0.000000,-0.000000,0.000000,0.000000,0.000000,-0.000000,0.000000,-0.835661,-0.956340,0.528712,-0.888286,0.825734,0.530086,0.739032
2.399997,-0.008430,-0.002444,-0.005986,-0.786611,-0.780282,-0.006329,0.005116,0.001388,0.003729,-2.351695,-2.345498,-0.006198,0.005291,-0.005671,0.010962,1.570421,1.559700,0.010721,0.783869,0.743269,0.040600,-0.000118,-0.002262,0.002144,-0.003941,0.000130,-0.004071,0.000095,0.000716,-0.000621,-0.003578,-0.003787,0.000209,0.000343,0.002857,-0.002514,0.005638,0.001327,0.004311,0.001123,0.021440,-0.020317,0.000000,0.000000,-0.000000,-0.000000,-0.000000,0.000000,-0.000000,-0.837374,-0.958300,0.529796,-0.890107,0.827427,0.531172,0.740547
2.405132,-0.008430,-0.002497,-0.005933,-0.786611,-0.780281,-0.006329,0.005116,0.001424,0.003693,-2.351695,-2.345589,-0.006106,0.005291,-0.005580,0.010871,1.570421,1.559801,0.010620,0.783869,0.743904,0.039965,-0.000118,-0.001134,0.001016,-0.003941,0.000166,-0.004106,0.000095,0.001623,-0.001528,-0.003578,-0.000963,-0.002615,0.000343,0.002960,-0.002617,0.005638,0.004828,0.000810,0.001123,0.014960,-0.013837,-0.000000,-0.000000,0.000000,0.000000,0.000000,-0.000000,0.000000,-0.844452,-0.960842,0.515264,-0.911441,0.821616,0.513988,0.742375
2.409943,-0.008430,-0.002497,-0.005933,-0.786611,-0.780281,-0.006329,0.005116,0.001424,0.003693,-2.351695,-2.345589,-0.006106,0.005291,-0.005580,0.010871,1.570421,1.559801,0.010620,0.783869,0.743904,0.039965,-0.000118,-0.001134,0.001016,-0.003941,0.000166,-0.004106,0.000095,0.001623,-0.001528,-0.003578,-0.000963,-0.002615,0.000343,0.002960,-0.002617,0.005638,0.004828,0.000810,0.001123,0.014960,-0.013837,0.000000,0.000000,-0.000000,-0.000000,-0.000000,0.000000,-0.000000,-0.846143,-0.962765,0.516296,-0.913266,0.823261,0.515017,0.743861
2.415111,-0.008430,-0.002497,-0.005933,-0.786611,-0.780281,-0.006329,0.005116,0.001424,0.003693,-2.351695,-2.345589,-0.006106,0.005291,-0.005580,0.010871,1.570421,1.559801,0.010620,0.783869,0.743904,0.039965,-0.000118,-0.001134,0.001016,-0.003941,0.000166,-0.004106,0.000095,0.001623,-0.001528,-0.003578,-0.000963,-0.002615,0.000343,0.002960,-0.002617,0.005638,0.004828,0.000810,0.001123,0.014960,-0.013837,-0.000000,-0.000000,0.000000,0.000000,0.000000,-0.000000,0.000000,-0.847949,-0.964821,0.517398,-0.915216,0.825018,0.516117,0.745449
2.419868,-0.008430,-0.002497,-0.005933,-0.786611,-0.780281,-0.006329,0.005116,0.001424,0.003693,-2.351695,-2.345589,-0.006106,0.005291,-0.005580,0.010871,1.570421,1.559801,0.010620,0.783869,0.743904,0.039965,-0.000118,-0.001134,0.001016,-0.003941,0.000166,-0.004106,0.000095,0.001623,-0.001528,-0.003578,-0.000963,-0.002615,0.000343,0.002960,-0.002617,0.005638,0.004828,0.000810,0.001123,0.014960,-0.013837,0.000000,0.000000,-0.000000,-0.000000,-0.000000,0.000000,-0.000000,-0.849617,-0.966718,0.518416,-0.917016,0.826641,0.517132,0.746916
2.427811,-0.008430,-0.002497,-0.005933,-0.786611,-0.780281,-0.006329,0.005116,0.001424,0.003693,-2.351695,-2.345589,-0.006106,0.005291,-0.005580,0.010871,1.570421,1.559801,0.010620,0.783869,0.743904,0.039965,-0.000118,-0.001134,0.001016,-0.003941,0.000166,-0.004106,0.000095,0.001623,-0.001528,-0.003578,-0.000963,-0.002615,0.000343,0.002960,-0.002617,0.005638,0.004828,0.000810,0.001123,0.014960,-0.013837,-0.000000,-0.000000,0.000000,0.000000,0.000000,-0.000000,0.000000,-0.852090,-0.969532,0.519924,-0.919685,0.829047,0.518637,0.749090
2.429933,-0.003876,-0.002497,-0.001379,-0.234684,-0.780281,0.545597,0.006293,0.001424,0.004869,-1.328254,-2.345589,1.017335,-0.008414,-0.005580,-0.002834,1.083316,1.559801,-0.476485,0.732223,0.743904,-0.011680,-0.314719,-0.001134,-0.313585,0.393529,0.000166,0.393363,0.104666,0.001623,0.103043,0.733847,-0.000963,0.734809,0.016257,0.002960,0.013297,-0.352397,0.004828,-0.357225,-0.206594,0.014960,-0.221553,6.000000,2.585000,-0.832044,4.000000,-0.191552,-5.500000,17.000000,2.871792,1.367086,2.163297,1.345838,0.329126,0.096285,0.019727
2.434881,-0.003876,-0.002551,-0.001325,-0.234684,-0.780283,0.545599,0.006293,0.001458,0.004835,-1.328254,-2.345693,1.017439,-0.008414,-0.005497,-0.002917,1.083316,1.559931,-0.476615,0.732223,0.744320,-0.012097,-0.314719,-0.000289,-0.314430,0.393529,-0.000138,0.393667,0.104666,0.001193,0.103473,0.733847,-0.003046,0.736892,0.016257,0.002265,0.013992,-0.352397,0.004388,-0.356785,-0.206594,0.012837,-0.219430,6.000000,2.585000,-0.832044,4.000000,-0.191552,-5.500000,17.000000,2.864178,1.523436,2.167263,1.510751,0.328815,0.046655,0.018398
2.440015,-0.005284,-0.002551,-0.002734,-0.228172,-0.780283,0.552111,0.007278,0.001458,0.005821,-1.316178,-2.345693,1.029516,-0.008264,-0.005497,-0.002767,1.077538,1.559931,-0.482393,0.731820,0.744320,-0.012501,-0.022188,-0.000289,-0.021899,0.863509,-0.000138,0.863647,0.097411,0.001193,0.096218,1.598254,-0.003046,1.601299,0.014468,0.002265,0.012203,-0.763503,0.004388,-0.767891,0.076075,0.012837,0.063238,6.000000,2.585000,-0.653002,4.000000,-0.174733,-5.500000,14.212062,2.968320,1.720934,2.360252,1.722963,0.338750,-0.011425,0.013615
2.445001,-0.005284,-0.002551,-0.002734,-0.228172,-0.780283,0.552111,0.007278,0.001458,0.005821,-1.316178,-2.345693,1.029516,-0.008264,-0.005497,-0.002767,1.077538,1.559931,-0.482393,0.731820,0.744320,-0.012501,-0.022188,-0.000289,-0.021899,0.863509,-0.000138,0.863647,0.097411,0.001193,0.096218,1.598254,-0.003046,1.601299,0.014468,0.002265,0.012203,-0.763503,0.004388,-0.767891,0.076075,0.012837,0.063238,6.000000,2.585000,-0.653002,4.000000,-0.174733,-5.500000,14.212062,2.966977,1.891303,2.364299,1.910999,0.338454,-0.065693,0.013369
2.449826,-0.005265,-0.002551,-0.002714,-0.219089,-0.780283,0.561194,0.008223,0.001458,0.006766,-1.299371,-2.345693,1.046322,-0.008128,-0.005497,-0.002631,1.069518,1.559931,-0.490413,0.732790,0.744320,-0.011531,-0.024878,-0.000289,-0.024589,0.872543,-0.000138,0.872681,0.091794,0.001193,0.090601,1.614769,-0.003046,1.617814,0.012806,0.002265,0.010541,-0.769694,0.004388,-0.774082,0.067497,0.012837,0.054661,-6.000000,-2.585000,-0.469670,-4.000000,-0.157512,5.500000,-15.926595,-3.580500,-0.672777,-3.516182,-0.577521,-0.412284,-0.316149,-0.017612
2.454970,-0.005265,-0.002551,-0.002714,-0.219089,-0.780283,0.561194,0.008223,0.001458,0.006766,-1.299371,-2.345693,1.046322,-0.008128,-0.005497,-0.002631,1.069518,1.559931,-0.490413,0.732790,0.744320,-0.011531,-0.024878,-0.000289,-0.024589,0.872543,-0.000138,0.872681,0.091794,0.001193,0.090601,1.614769,-0.003046,1.617814,0.012806,0.002265,0.010541,-0.769694,0.004388,-0.774082,0.067497,0.012837,0.054661,-6.000000,-2.585000,-0.469670,-4.000000,-0.157512,5.500000,-15.926595,-3.581944,-0.497015,-3.511859,-0.383372,-0.412587,-0.372939,-0.017862
2.460205,-0.006377,-0.002551,-0.003827,-0.211492,-0.780283,0.568791,0.009238,0.001458,0.007781,-1.285295,-2.345693,1.060399,-0.007980,-0.005497,-0.002483,1.062827,1.559931,-0.497104,0.732711,0.744320,-0.011610,-0.185905,-0.000289,-0.185616,0.693125,-0.000138,0.693263,0.129612,0.001193,0.128419,1.286425,-0.003046,1.289471,0.020895,0.002265,0.018629,-0.608280,0.004388,-0.612668,-0.052029,0.012837,-0.064866,-6.000000,-2.585000,3.500000,-4.000000,2.097938,3.579927,-1.664500,-1.423544,-0.382868,0.727110,-0.497696,-0.115700,-0.534413,0.005537
2.465019,-0.006377,-0.002551,-0.003827,-0.211492,-0.780283,0.568791,0.009238,0.001458,0.007781,-1.285295,-2.345693,1.060399,-0.007980,-0.005497,-0.002483,1.062827,1.559931,-0.497104,0.732711,0.744320,-0.011610,-0.185905,-0.000289,-0.185616,0.693125,-0.000138,0.693263,0.129612,0.001193,0.128419,1.286425,-0.003046,1.289471,0.020895,0.002265,0.018629,-0.608280,0.004388,-0.612668,-0.052029,0.012837,-0.064866,-6.000000,-2.585000,3.500000,-4.000000,2.097938,3.579927,-1.664500,-1.428954,-0.221969,0.732340,-0.322981,-0.115868,-0.587144,0.004838
2.470078,-0.008684,-0.001631,-0.007053,-0.204182,-0.779765,0.575583,0.011206,0.001477,0.009729,-1.271706,-2.345287,1.073581,-0.007621,-0.005625,-0.001996,1.056455,1.559789,-0.503334,0.732461,0.744353,-0.011892,-0.262192,0.028565,-0.290757,0.797083,0.003341,0.793742,0.272136,-0.037678,0.309815,1.483506,0.011789,1.471718,0.052830,-0.010247,0.063077,-0.690334,-0.010683,-0.679651,0.024027,-0.002306,0.026333,-6.000000,2.585000,3.500000,4.000000,1.915107,-4.252199,0.691156,-1.600036,2.815993,0.578086,3.046970,-0.036058,-0.268332,-0.000854
2.474758,-0.008684,-0.001631,-0.007053,-0.204182,-0.779765,0.575583,0.011206,0.001477,0.009729,-1.271706,-2.345287,1.073581,-0.007621,-0.005625,-0.001996,1.056455,1.559789,-0.503334,0.732461,0.744353,-0.011892,-0.262192,0.028565,-0.290757,0.797083,0.003341,0.793742,0.272136,-0.037678,0.309815,1.483506,0.011789,1.471718,0.052830,-0.010247,0.063077,-0.690334,-0.010683,-0.679651,0.024027,-0.002306,0.026333,-6.000000,2.585000,3.500000,4.000000,1.915107,-4.252199,0.691156,-1.608548,2.974213,0.587776,3.220419,-0.035649,-0.320217,-0.001201
2.480010,-0.012190,-0.001631,-0.010559,-0.197497,-0.779765,0.582268,0.013388,0.001477,0.011911,-1.259304,-2.345287,1.085983,-0.007223,-0.005625,-0.001598,1.050709,1.559789,-0.509080,0.731272,0.744353,-0.013081,-0.469141,0.028565,-0.497706,0.419227,0.003341,0.415886,0.086753,-0.037678,0.124431,0.769472,0.011789,0.757684,0.009074,-0.010247,0.019322,-0.354377,-0.010683,-0.343694,-0.373303,-0.002306,-0.370997,-6.000000,-2.585000,-3.500000,-4.000000,-7.039199,5.500000,-17.000000,-5.706376,0.293716,-6.970176,0.323519,-0.860801,-0.629293,-0.035932
2.484896,-0.012190,-0.001631,-0.010559,-0.197497,-0.779765,0.582268,0.013388,0.001477,0.011911,-1.259304,-2.345287,1.085983,-0.007223,-0.005625,-0.001598,1.050709,1.559789,-0.509080,0.731272,0.744353,-0.013081,-0.469141,0.028565,-0.497706,0.419227,0.003341,0.415886,0.086753,-0.037678,0.124431,0.769472,0.011789,0.757684,0.009074,-0.010247,0.019322,-0.354377,-0.010683,-0.343694,-0.373303,-0.002306,-0.370997,-6.000000,-2.585000,-3.500000,-4.000000,-7.039199,5.500000,-17.000000,-5.720821,0.446624,-6.963906,0.484267,-0.860824,-0.679710,-0.037851
2.490040,-0.016721,-0.001631,-0.015091,-0.195320,-0.779765,0.584445,0.013158,0.001477,0.011681,-1.255382,-2.345287,1.089905,-0.007371,-0.005625,-0.001746,1.048921,1.559789,-0.510868,0.726540,0.744353,-0.017813,-0.369042,0.028565,-0.397607,0.080180,0.003341,0.076839,-0.097956,-0.037678,-0.060277,0.136967,0.011789,0.125178,-0.029976,-0.010247,-0.019728,-0.060138,-0.010683,-0.049455,-0.469753,-0.002306,-0.467448,6.000000,-2.585000,-3.500000,-4.000000,-2.140362,5.500000,7.342793,1.331515,0.283891,-0.488895,0.433226,0.024466,-0.728428,-0.018345
2.495309,-0.016721,-0.001631,-0.015091,-0.195320,-0.779765,0.584445,0.013158,0.001477,0.011681,-1.255382,-2.345287,1.089905,-0.007371,-0.005625,-0.001746,1.048921,1.559789,-0.510868,0.726540,0.744353,-0.017813,-0.369042,0.028565,-0.397607,0.080180,0.003341,0.076839,-0.097956,-0.037678,-0.060277,0.136967,0.011789,0.125178,-0.029976,-0.010247,-0.019728,-0.060138,-0.010683,-0.049455,-0.469753,-0.002306,-0.467448,6.000000,-2.585000,-3.500000,-4.000000,-2.140362,5.500000,7.342793,1.316722,0.443544,-0.486732,0.594099,0.023924,-0.781415,-0.021060
2.500054,-0.019622,-0.001631,-0.017991,-0.195320,-0.779765,0.584445,0.011709,0.001477,0.010232,-1.255497,-2.345287,1.089790,-0.007761,-0.005625,-0.002136,1.049013,1.559789,-0.510776,0.722117,0.744353,-0.022236,-0.226731,0.028565,-0.255296,-0.059263,0.003341,-0.062603,-0.180854,-0.037678,-0.143176,-0.121460,0.011789,-0.133249,-0.045812,-0.010247,-0.035565,0.060824,-0.010683,0.071507,-0.418880,-0.002306,-0.416574,6.000000,-2.585000,-3.500000,-4.000000,-1.013971,5.500000,2.790256,1.410462,0.561156,-0.457462,0.664498,0.068397,-0.810798,-0.032244
2.504951,-0.019622,-0.002583,-0.017038,-0.195320,-0.778757,0.583436,0.011709,0.001379,0.010330,-1.255497,-2.344414,1.088917,-0.007761,-0.006100,-0.001661,1.049013,1.558173,-0.509160,0.722117,0.744336,-0.022220,-0.226731,-0.055063,-0.171669,-0.059263,0.032844,-0.092106,-0.180854,-0.048895,-0.131959,-0.121460,0.039522,-0.160981,-0.045812,-0.018650,-0.027162,0.060824,-0.094196,0.155020,-0.418880,-0.001158,-0.417722,6.000000,-2.585000,-3.500000,-4.000000,-1.013971,5.500000,2.790256,1.431659,0.693824,-0.450086,0.796564,0.070493,-0.848219,-0.034783
2.510474,-0.021622,-0.002583,-0.019039,-0.196084,-0.778757,0.582673,0.009740,0.001379,0.008361,-1.257037,-2.344414,1.087377,-0.008249,-0.006100,-0.002150,1.049782,1.558173,-0.508391,0.718009,0.744336,-0.026328,-0.192618,-0.055063,-0.137555,-0.073583,0.032844,-0.106426,-0.204925,-0.048895,-0.156030,-0.150307,0.039522,-0.189828,-0.050356,-0.018650,-0.031706,0.076317,-0.094196,0.170513,-0.413538,-0.001158,-0.412380,-1.496886,2.585005,0.261969,4.000007,0.057855,-3.231551,-1.530151,-0.914745,3.794413,-0.623322,4.007523,-0.038855,-0.555431,-0.051105
2.515038,-0.021622,-0.002583,-0.019039,-0.196084,-0.778757,0.582673,0.009740,0.001379,0.008361,-1.257037,-2.344414,1.087377,-0.008249,-0.006100,-0.002150,1.049782,1.558173,-0.508391,0.718009,0.744336,-0.026328,-0.192618,-0.055063,-0.137555,-0.073583,0.032844,-0.106426,-0.204925,-0.048895,-0.156030,-0.150307,0.039522,-0.189828,-0.050356,-0.018650,-0.031706,0.076317,-0.094196,0.170513,-0.413538,-0.001158,-0.412380,-1.496886,2.585000,0.261969,4.000000,0.057855,-3.231551,-1.530151,-0.923195,3.932637,-0.624481,4.143869,-0.039534,-0.601026,-0.053639
2.519928,-0.023618,-0.002583,-0.021035,-0.196628,-0.778757,0.582129,0.007697,0.001379,0.006318,-1.258201,-2.344414,1.086213,-0.008752,-0.006100,-0.002652,1.050401,1.558173,-0.507772,0.713795,0.744336,-0.030541,-0.204966,-0.055063,-0.149903,-0.036847,0.032844,-0.069690,-0.203116,-0.048895,-0.154220,-0.085604,0.039522,-0.125125,-0.049953,-0.018650,-0.031302,0.048830,-0.094196,0.143026,-0.426674,-0.001158,-0.425517,-0.967474,2.585000,0.099212,4.000000,0.022615,-2.254314,-1.091606,-0.736122,4.048350,-0.530265,4.429752,-0.020037,-0.604956,-0.060908
2.525130,-0.023618,-0.002583,-0.021035,-0.196628,-0.778757,0.582129,0.007697,0.001379,0.006318,-1.258201,-2.344414,1.086213,-0.008752,-0.006100,-0.002652,1.050401,1.558173,-0.507772,0.713795,0.744336,-0.030541,-0.204966,-0.055063,-0.149903,-0.036847,0.032844,-0.069690,-0.203116,-0.048895,-0.154220,-0.085604,0.039522,-0.125125,-0.049953,-0.018650,-0.031302,0.048830,-0.094196,0.143026,-0.426674,-0.001158,-0.425517,-0.967474,2.585000,0.099212,4.000000,0.022615,-2.254314,-1.091606,-0.746426,4.202605,-0.532143,4.582623,-0.020869,-0.655764,-0.063948
2.529971,-0.025717,-0.002583,-0.023134,-0.196861,-0.778757,0.581895,0.005659,0.001379,0.004280,-1.258826,-2.344414,1.085588,-0.009253,-0.006100,-0.003153,1.050794,1.558173,-0.507379,0.709461,0.744336,-0.034876,-0.212020,-0.055063,-0.156957,-0.011626,0.032844,-0.044470,-0.202938,-0.048895,-0.154043,-0.042233,0.039522,-0.081755,-0.049903,-0.018650,-0.031253,0.031103,-0.094196,0.125299,-0.435433,-0.001158,-0.434275,-0.436710,1.931815,-0.063960,3.245695,-0.012715,-1.274582,-0.651941,-0.545411,3.799890,-0.419457,4.597654,-0.010391,-0.723766,-0.069097
2.536338,-0.025717,-0.003448,-0.022270,-0.196861,-0.777216,0.580354,0.005659,0.000179,0.005480,-1.258826,-2.342546,1.083720,-0.009253,-0.006357,-0.002896,1.050794,1.553416,-0.502622,0.709461,0.744335,-0.034874,-0.212020,-0.011477,-0.200543,-0.011626,0.110792,-0.122418,-0.202938,-0.039873,-0.163066,-0.042233,0.103860,-0.146093,-0.049903,0.008800,-0.058703,0.031103,-0.197316,0.228420,-0.435433,0.002801,-0.438234,-0.436710,1.931815,-0.063960,3.245695,-0.012715,-1.274582,-0.651941,-0.575701,3.949155,-0.419267,4.749611,-0.018004,-0.768500,-0.073345
2.540702,-0.027833,-0.003448,-0.024385,-0.196900,-0.777216,0.580315,0.003640,0.000179,0.003462,-1.259119,-2.342546,1.083427,-0.009749,-0.006357,-0.003392,1.051056,1.553416,-0.502360,0.705118,0.744335,-0.039217,-0.213753,-0.011477,-0.202276,0.001868,0.110792,-0.108924,-0.204371,-0.039873,-0.164499,-0.020532,0.103860,-0.124392,-0.050202,0.008800,-0.059002,0.023259,-0.197316,0.220575,-0.439746,0.002801,-0.442547,0.087201,0.789696,-0.225026,1.130825,-0.047588,-0.307500,-0.217953,-0.359457,3.738752,-0.282559,3.756522,-0.023794,-0.977353,-0.077022
2.545019,-0.027833,-0.003448,-0.024385,-0.196900,-0.777216,0.580315,0.003640,0.000179,0.003462,-1.259119,-2.342546,1.083427,-0.009749,-0.006357,-0.003392,1.051056,1.553416,-0.502360,0.705118,0.744335,-0.039217,-0.213753,-0.011477,-0.202276,0.001868,0.110792,-0.108924,-0.204371,-0.039873,-0.164499,-0.020532,0.103860,-0.124392,-0.050202,0.008800,-0.059002,0.023259,-0.197316,0.220575,-0.439746,0.002801,-0.442547,0.087201,0.789696,-0.225026,1.130825,-0.047588,-0.307500,-0.217953,-0.370008,3.866540,-0.285081,3.883988,-0.024879,-1.019175,-0.079917
2.549997,-0.029970,-0.003448,-0.026523,-0.196861,-0.777216,0.580354,0.001570,0.000179,0.001391,-1.259305,-2.342546,1.083241,-0.010257,-0.006357,-0.003900,1.051291,1.553416,-0.502125,0.700690,0.744335,-0.043645,-0.210201,-0.011477,-0.198725,0.003984,0.110792,-0.106808,-0.207457,-0.039873,-0.167585,-0.019949,0.103860,-0.123808,-0.050859,0.008800,-0.059659,0.025101,-0.197316,0.222417,-0.439724,0.002801,-0.442525,0.618727,-0.369024,-0.388433,-1.014786,-0.082969,0.673638,0.222344,-0.150340,3.658976,-0.149498,2.877200,-0.031202,-1.233173,-0.084042
2.555094,-0.029970,-0.003448,-0.026523,-0.196861,-0.777216,0.580354,0.001570,0.000179,0.001391,-1.259305,-2.342546,1.083241,-0.010257,-0.006357,-0.003900,1.051291,1.553416,-0.502125,0.700690,0.744335,-0.043645,-0.210201,-0.011477,-0.198725,0.003984,0.110792,-0.106808,-0.207457,-0.039873,-0.167585,-0.019949,0.103860,-0.123808,-0.050859,0.008800,-0.059659,0.025101,-0.197316,0.222417,-0.439724,0.002801,-0.442525,0.618727,-0.369024,-0.388433,-1.014786,-0.082969,0.673638,0.222344,-0.163273,3.808808,-0.153162,3.026617,-0.032564,-1.282177,-0.087615
2.560256,-0.032031,-0.003448,-0.028583,-0.196856,-0.777216,0.580359,-0.000523,0.000179,-0.000702,-1.259586,-2.342546,1.082960,-0.010769,-0.006357,-0.004413,1.051589,1.553416,-0.501827,0.696317,0.744335,-0.048018,-0.202146,-0.011477,-0.190669,-0.003930,0.110792,-0.114722,-0.211881,-0.039873,-0.172008,-0.037914,0.103860,-0.141774,-0.051806,0.008800,-0.060606,0.035407,-0.197316,0.232724,-0.435901,0.002801,-0.438703,0.831656,-0.889831,-0.440518,-1.979825,-0.094428,1.114347,0.418388,-0.080717,3.798663,-0.097523,2.649911,-0.037915,-1.405287,-0.093877
2.564931,-0.032031,-0.003448,-0.028583,-0.196856,-0.777216,0.580359,-0.000523,0.000179,-0.000702,-1.259586,-2.342546,1.082960,-0.010769,-0.006357,-0.004413,1.051589,1.553416,-0.501827,0.696317,0.744335,-0.048018,-0.202146,-0.011477,-0.190669,-0.003930,0.110792,-0.114722,-0.211881,-0.039873,-0.172008,-0.037914,0.103860,-0.141774,-0.051806,0.008800,-0.060606,0.035407,-0.197316,0.232724,-0.435901,0.002801,-0.438703,0.831656,-0.889831,-0.440518,-1.979825,-0.094428,1.114347,0.418388,-0.093121,3.937549,-0.101615,2.788185,-0.039267,-1.450692,-0.097344
2.570039,-0.034012,-0.003952,-0.030060,-0.196937,-0.772694,0.575756,-0.002662,-0.001533,-0.001129,-1.260059,-2.335623,1.075565,-0.011292,-0.006406,-0.004886,1.051996,1.542315,-0.490318,0.691979,0.744330,-0.052351,-0.194464,-0.012148,-0.182316,-0.012037,0.172132,-0.184169,-0.215951,-0.057529,-0.158422,-0.056253,0.268120,-0.324373,-0.052679,0.002126,-0.054806,0.045876,-0.414556,0.460432,-0.432038,0.000837,-0.432875,0.705346,-0.732273,-0.373859,-1.689441,-0.080373,0.980351,0.354660,-0.154601,4.091563,-0.102888,2.973877,-0.040666,-1.398488,-0.105791
2.575130,-0.034012,-0.003952,-0.030060,-0.196937,-0.772694,0.575756,-0.002662,-0.001533,-0.001129,-1.260059,-2.335623,1.075565,-0.011292,-0.006406,-0.004886,1.051996,1.542315,-0.490318,0.691979,0.744330,-0.052351,-0.194464,-0.012148,-0.182316,-0.012037,0.172132,-0.184169,-0.215951,-0.057529,-0.158422,-0.056253,0.268120,-0.324373,-0.052679,0.002126,-0.054806,0.045876,-0.414556,0.460432,-0.432038,0.000837,-0.432875,0.705346,-0.732273,-0.373859,-1.689441,-0.080373,0.980351,0.354660,-0.168225,4.239646,-0.107099,3.118538,-0.042130,-1.444616,-0.109683
2.580296,-0.035918,-0.003952,-0.031966,-0.197091,-0.772694,0.575603,-0.004832,-0.001533,-0.003299,-1.260699,-2.335623,1.074925,-0.011821,-0.006406,-0.005415,1.052500,1.542315,-0.489814,0.687688,0.744330,-0.056642,-0.188059,-0.012148,-0.175911,-0.018554,0.172132,-0.190687,-0.219347,-0.057529,-0.161818,-0.071654,0.268120,-0.339774,-0.053411,0.002126,-0.055537,0.054985,-0.414556,0.469541,-0.428818,0.000837,-0.429656,0.579354,-0.575113,-0.307369,-1.399789,-0.066353,0.846692,0.291092,-0.234332,4.434077,-0.136268,3.408073,-0.046482,-1.465304,-0.118810
2.585167,-0.035918,-0.003952,-0.031966,-0.197091,-0.772694,0.575603,-0.004832,-0.001533,-0.003299,-1.260699,-2.335623,1.074925,-0.011821,-0.006406,-0.005415,1.052500,1.542315,-0.489814,0.687688,0.744330,-0.056642,-0.188059,-0.012148,-0.175911,-0.018554,0.172132,-0.190687,-0.219347,-0.057529,-0.161818,-0.071654,0.268120,-0.339774,-0.053411,0.002126,-0.055537,0.054985,-0.414556,0.469541,-0.428818,0.000837,-0.429656,0.579354,-0.575113,-0.307369,-1.399789,-0.066353,0.846692,0.291092,-0.247886,4.576785,-0.141050,3.547270,-0.047986,-1.509685,-0.122719
2.589823,-0.037773,-0.003952,-0.033821,-0.197303,-0.772694,0.575391,-0.007042,-0.001533,-0.005509,-1.261481,-2.335623,1.074142,-0.012358,-0.006406,-0.005952,1.053091,1.542315,-0.489224,0.683410,0.744330,-0.060920,-0.182894,-0.012148,-0.170746,-0.023521,0.172132,-0.195653,-0.222089,-0.057529,-0.164560,-0.084207,0.268120,-0.352327,-0.054005,0.002126,-0.056131,0.062787,-0.414556,0.477343,-0.426224,0.000837,-0.427062,0.452896,-0.417372,-0.240633,-1.109067,-0.052282,0.712540,0.227290,-0.314375,4.756797,-0.171738,3.823520,-0.052442,-1.525219,-0.131957
2.595146,-0.037773,-0.003952,-0.033821,-0.197303,-0.772694,0.575391,-0.007042,-0.001533,-0.005509,-1.261481,-2.335623,1.074142,-0.012358,-0.006406,-0.005952,1.053091,1.542315,-0.489224,0.683410,0.744330,-0.060920,-0.182894,-0.012148,-0.170746,-0.023521,0.172132,-0.195653,-0.222089,-0.057529,-0.164560,-0.084207,0.268120,-0.352327,-0.054005,0.002126,-0.056131,0.062787,-0.414556,0.477343,-0.426224,0.000837,-0.427062,0.452896,-0.417372,-0.240633,-1.109067,-0.052282,0.712540,0.227290,-0.329514,4.911229,-0.177692,3.973955,-0.054170,-1.573155,-0.136363
2.600160,-0.039584,-0.003952,-0.035633,-0.197557,-0.772694,0.575137,-0.009278,-0.001533,-0.007745,-1.262375,-2.335623,1.073248,-0.012902,-0.006406,-0.006496,1.053753,1.542315,-0.488561,0.679151,0.744330,-0.065180,-0.178991,-0.012148,-0.166843,-0.026911,0.172132,-0.199043,-0.224165,-0.057529,-0.166636,-0.093861,0.268120,-0.361981,-0.054458,0.002126,-0.056584,0.069253,-0.414556,0.483809,-0.424267,0.000837,-0.425105,0.326299,-0.259456,-0.173823,-0.818023,-0.038195,0.578239,0.163417,-0.399062,5.103768,-0.210737,4.263088,-0.059009,-1.592002,-0.146474
2.605517,-0.039584,-0.004243,-0.035342,-0.197557,-0.763914,0.566357,-0.009278,-0.002221,-0.007057,-1.262375,-2.324504,1.062129,-0.012902,-0.006432,-0.006470,1.053753,1.522045,-0.468292,0.679151,0.744322,-0.065172,-0.178991,-0.000256,-0.178735,-0.026911,0.280336,-0.307247,-0.224165,-0.020348,-0.203817,-0.093861,0.403698,-0.497558,-0.054458,-0.001189,-0.053268,0.069253,-0.745495,0.814748,-0.424267,0.000280,-0.424547,0.326299,-0.259456,-0.173823,-0.818023,-0.038195,0.578239,0.163417,-0.422803,5.169601,-0.240611,4.302771,-0.059150,-1.475166,-0.151061
2.609918,-0.041372,-0.004243,-0.037129,-0.197838,-0.763914,0.566075,-0.011542,-0.002221,-0.009321,-1.263357,-2.324504,1.061148,-0.013452,-0.006432,-0.007020,1.054477,1.522045,-0.467568,0.674887,0.744322,-0.069435,-0.176347,-0.000256,-0.176091,-0.028724,0.280336,-0.309060,-0.225577,-0.020348,-0.205229,-0.100623,0.403698,-0.504321,-0.054771,-0.001189,-0.053582,0.074394,-0.745495,0.819889,-0.422945,0.000280,-0.423225,0.199100,-0.100789,-0.106695,-0.525595,-0.024042,0.443299,0.099240,-0.492539,5.342843,-0.275695,4.572093,-0.064055,-1.483996,-0.161176
2.614939,-0.041372,-0.004243,-0.037129,-0.197838,-0.763914,0.566075,-0.011542,-0.002221,-0.009321,-1.263357,-2.324504,1.061148,-0.013452,-0.006432,-0.007020,1.054477,1.522045,-0.467568,0.674887,0.744322,-0.069435,-0.176347,-0.000256,-0.176091,-0.028724,0.280336,-0.309060,-0.225577,-0.020348,-0.205229,-0.100623,0.403698,-0.504321,-0.054771,-0.001189,-0.053582,0.074394,-0.745495,0.819889,-0.422945,0.000280,-0.423225,0.199100,-0.100789,-0.106695,-0.525595,-0.024042,0.443299,0.099240,-0.508056,5.486835,-0.283493,4.711352,-0.065838,-1.524591,-0.165691
2.620130,-0.043129,-0.004243,-0.038886,-0.198128,-0.763914,0.565785,-0.013804,-0.002221,-0.011583,-1.264385,-2.324504,1.060119,-0.014001,-0.006432,-0.007569,1.055242,1.522045,-0.466803,0.670658,0.744322,-0.073664,-0.174987,-0.000256,-0.174731,-0.028943,0.280336,-0.309280,-0.226311,-0.020348,-0.205963,-0.104428,0.403698,-0.508126,-0.054941,-0.001189,-0.053752,0.078159,-0.745495,0.823654,-0.422271,0.000280,-0.422552,0.072637,0.056958,-0.039957,-0.234861,-0.009970,0.309141,0.035435,-0.582196,5.683634,-0.321214,5.003785,-0.071219,-1.539833,-0.177039
2.625102,-0.043129,-0.004243,-0.038886,-0.198128,-0.763914,0.565785,-0.013804,-0.002221,-0.011583,-1.264385,-2.324504,1.060119,-0.014001,-0.006432,-0.007569,1.055242,1.522045,-0.466803,0.670658,0.744322,-0.073664,-0.174987,-0.000256,-0.174731,-0.028943,0.280336,-0.309280,-0.226311,-0.020348,-0.205963,-0.104428,0.403698,-0.508126,-0.054941,-0.001189,-0.053752,0.078159,-0.745495,0.823654,-0.422271,0.000280,-0.422552,0.072637,0.056958,-0.039957,-0.234861,-0.009970,0.309141,0.035435,-0.597947,5.825236,-0.329575,5.140646,-0.073063,-1.579650,-0.181644
2.630182,-0.044869,-0.004243,-0.040627,-0.198412,-0.763914,0.565502,-0.016058,-0.002221,-0.013837,-1.265433,-2.324504,1.059072,-0.014548,-0.006432,-0.008116,1.056034,1.522045,-0.466012,0.666454,0.744322,-0.077868,-0.174703,-0.000256,-0.174447,-0.027848,0.280336,-0.308184,-0.226469,-0.020348,-0.206120,-0.105792,0.403698,-0.509489,-0.054990,-0.001189,-0.053801,0.080787,-0.745495,0.826282,-0.422129,0.000280,-0.422409,0.018350,0.117187,-0.008134,-0.123205,-0.003356,0.257556,0.012303,-0.649692,5.989497,-0.363103,5.338412,-0.078475,-1.607792,-0.193206
2.635138,-0.044869,-0.004276,-0.040593,-0.198412,-0.752262,0.553851,-0.016058,-0.003116,-0.012942,-1.265433,-2.307774,1.042342,-0.014548,-0.006439,-0.008109,1.056034,1.490091,-0.434058,0.666454,0.744308,-0.077853,-0.174703,-0.004160,-0.170543,-0.027848,0.450087,-0.477935,-0.226469,-0.019415,-0.207054,-0.105792,0.592976,-0.698768,-0.054990,-0.001248,-0.053742,0.080787,-1.131066,1.211854,-0.422129,0.001258,-0.423387,0.018350,0.117187,-0.008134,-0.123205,-0.003356,0.257556,0.012303,-0.661432,5.965281,-0.361797,5.286160,-0.080331,-1.388557,-0.198079
2.640043,-0.046624,-0.004276,-0.042348,-0.198686,-0.752262,0.553576,-0.018335,-0.003116,-0.015219,-1.266503,-2.307774,1.041271,-0.015101,-0.006439,-0.008662,1.056859,1.490091,-0.433232,0.662212,0.744308,-0.082096,-0.174466,-0.004160,-0.170306,-0.026807,0.450087,-0.476895,-0.226547,-0.019415,-0.207133,-0.107277,0.592976,-0.700253,-0.055024,-0.001248,-0.053776,0.083489,-1.131066,1.214556,-0.421938,0.001258,-0.423196,0.028706,0.089890,-0.007505,-0.172262,-0.003409,0.280073,0.025704,-0.692425,6.093379,-0.391931,5.391089,-0.085816,-1.421149,-0.209842
2.645376,-0.046624,-0.004276,-0.042348,-0.198686,-0.752262,0.553576,-0.018335,-0.003116,-0.015219,-1.266503,-2.307774,1.041271,-0.015101,-0.006439,-0.008662,1.056859,1.490091,-0.433232,0.662212,0.744308,-0.082096,-0.174466,-0.004160,-0.170306,-0.026807,0.450087,-0.476895,-0.226547,-0.019415,-0.207133,-0.107277,0.592976,-0.700253,-0.055024,-0.001248,-0.053776,0.083489,-1.131066,1.214556,-0.421938,0.001258,-0.423196,0.028706,0.089890,-0.007505,-0.172262,-0.003409,0.280073,0.025704,-0.710241,6.240384,-0.402050,5.532406,-0.087971,-1.456805,-0.215123
2.650185,-0.048350,-0.004276,-0.044074,-0.198947,-0.752262,0.553315,-0.020578,-0.003116,-0.017461,-1.267574,-2.307774,1.040200,-0.015646,-0.006439,-0.009207,1.057700,1.490091,-0.432392,0.658037,0.744308,-0.086271,-0.174132,-0.004160,-0.169972,-0.026051,0.450087,-0.476138,-0.226619,-0.019415,-0.207204,-0.109221,0.592976,-0.702197,-0.055058,-0.001248,-0.053810,0.086371,-1.131066,1.217438,-0.421618,0.001258,-0.422876,0.038904,0.063008,-0.006886,-0.220573,-0.003460,0.302247,0.038901,-0.742273,6.367181,-0.433828,5.635947,-0.093653,-1.488600,-0.227213
2.655058,-0.048350,-0.004276,-0.044074,-0.198947,-0.752262,0.553315,-0.020578,-0.003116,-0.017461,-1.267574,-2.307774,1.040200,-0.015646,-0.006439,-0.009207,1.057700,1.490091,-0.432392,0.658037,0.744308,-0.086271,-0.174132,-0.004160,-0.169972,-0.026051,0.450087,-0.476138,-0.226619,-0.019415,-0.207204,-0.109221,0.592976,-0.702197,-0.055058,-0.001248,-0.053810,0.086371,-1.131066,1.217438,-0.421618,0.001258,-0.422876,0.038904,0.063008,-0.006886,-0.220573,-0.003460,0.302247,0.038901,-0.759132,6.502212,-0.443778,5.765692,-0.095718,-1.521243,-0.232224
2.660912,-0.050088,-0.004276,-0.045812,-0.199205,-0.752262,0.553057,-0.022843,-0.003116,-0.019726,-1.268678,-2.307774,1.039097,-0.016196,-0.006439,-0.009757,1.058578,1.490091,-0.431513,0.653826,0.744308,-0.090482,-0.173692,-0.004160,-0.169531,-0.025557,0.450087,-0.475644,-0.226684,-0.019415,-0.207270,-0.111669,0.592976,-0.704645,-0.055093,-0.001248,-0.053845,0.089504,-1.131066,1.220570,-0.421163,0.001258,-0.422421,0.049199,0.035870,-0.006261,-0.269345,-0.003512,0.324634,0.052224,-0.794193,6.640689,-0.478706,5.879835,-0.101887,-1.555384,-0.245301
2.665348,-0.050088,-0.004276,-0.045812,-0.199205,-0.752262,0.553057,-0.022843,-0.003116,-0.019726,-1.268678,-2.307774,1.039097,-0.016196,-0.006439,-0.009757,1.058578,1.490091,-0.431513,0.653826,0.744308,-0.090482,-0.173692,-0.004160,-0.169531,-0.025557,0.450087,-0.475644,-0.226684,-0.019415,-0.207270,-0.111669,0.592976,-0.704645,-0.055093,-0.001248,-0.053845,0.089504,-1.131066,1.220570,-0.421163,0.001258,-0.422421,0.049199,0.035870,-0.006261,-0.269345,-0.003512,0.324634,0.052224,-0.811861,6.778146,-0.489510,6.011841,-0.104076,-1.588499,-0.250567
2.670128,-0.051826,-0.004410,-0.047415,-0.199460,-0.734562,0.535102,-0.025115,-0.003451,-0.021664,-1.269811,-2.282885,1.013074,-0.016749,-0.006448,-0.010300,1.059492,1.443445,-0.383953,0.649608,0.744276,-0.094669,-0.173147,-0.003505,-0.169642,-0.025333,0.586358,-0.611692,-0.226744,-0.015364,-0.211380,-0.114613,0.851983,-0.966597,-0.055128,-0.002375,-0.052753,0.092870,-1.520603,1.613473,-0.420573,-0.002650,-0.417922,0.059524,0.008654,-0.005634,-0.318256,-0.003564,0.347084,0.065585,-0.845227,6.748353,-0.524507,5.812966,-0.109395,-1.243252,-0.262812
2.674946,-0.051826,-0.004410,-0.047415,-0.199460,-0.734562,0.535102,-0.025115,-0.003451,-0.021664,-1.269811,-2.282885,1.013074,-0.016749,-0.006448,-0.010300,1.059492,1.443445,-0.383953,0.649608,0.744276,-0.094669,-0.173147,-0.003505,-0.169642,-0.025333,0.586358,-0.611692,-0.226744,-0.015364,-0.211380,-0.114613,0.851983,-0.966597,-0.055128,-0.002375,-0.052753,0.092870,-1.520603,1.613473,-0.420573,-0.002650,-0.417922,0.059524,0.008654,-0.005634,-0.318256,-0.003564,0.347084,0.065585,-0.862932,6.879300,-0.535705,5.935670,-0.111602,-1.267916,-0.268094
2.679905,-0.053550,-0.004410,-0.049139,-0.199713,-0.734562,0.534849,-0.027377,-0.003451,-0.023926,-1.270971,-2.282885,1.011914,-0.017299,-0.006448,-0.010850,1.060436,1.443445,-0.383009,0.645417,0.744276,-0.098860,-0.172502,-0.003505,-0.168997,-0.025382,0.586358,-0.611740,-0.226797,-0.015364,-0.211433,-0.118030,0.851983,-0.970014,-0.055164,-0.002375,-0.052789,0.096443,-1.520603,1.617046,-0.419852,-0.002650,-0.417202,0.069799,-0.018431,-0.005010,-0.366931,-0.003616,0.369426,0.078882,-0.899267,7.003805,-0.573713,6.033091,-0.118071,-1.290670,-0.281678
2.685723,-0.053550,-0.004410,-0.049139,-0.199713,-0.734562,0.534849,-0.027377,-0.003451,-0.023926,-1.270971,-2.282885,1.011914,-0.017299,-0.006448,-0.010850,1.060436,1.443445,-0.383009,0.645417,0.744276,-0.098860,-0.172502,-0.003505,-0.168997,-0.025382,0.586358,-0.611740,-0.226797,-0.015364,-0.211433,-0.118030,0.851983,-0.970014,-0.055164,-0.002375,-0.052789,0.096443,-1.520603,1.617046,-0.419852,-0.002650,-0.417202,0.069799,-0.018431,-0.005010,-0.366931,-0.003616,0.369426,0.078882,-0.920937,7.159799,-0.587837,6.179173,-0.120802,-1.319910,-0.288160
2.690063,-0.055276,-0.004410,-0.050866,-0.199969,-0.734562,0.534593,-0.029652,-0.003451,-0.026202,-1.272174,-2.282885,1.010711,-0.017852,-0.006448,-0.011404,1.061422,1.443445,-0.382023,0.641209,0.744276,-0.103067,-0.171750,-0.003505,-0.168245,-0.025704,0.586358,-0.612062,-0.226844,-0.015364,-0.211480,-0.121957,0.851983,-0.973940,-0.055201,-0.002375,-0.052825,0.100261,-1.520603,1.620865,-0.418994,-0.002650,-0.416344,0.080134,-0.045674,-0.004382,-0.415891,-0.003668,0.391898,0.092257,-0.956488,7.268263,-0.626646,6.260923,-0.127293,-1.339057,-0.301598
2.694930,-0.055276,-0.004410,-0.050866,-0.199969,-0.734562,0.534593,-0.029652,-0.003451,-0.026202,-1.272174,-2.282885,1.010711,-0.017852,-0.006448,-0.011404,1.061422,1.443445,-0.382023,0.641209,0.744276,-0.103067,-0.171750,-0.003505,-0.168245,-0.025704,0.586358,-0.612062,-0.226844,-0.015364,-0.211480,-0.121957,0.851983,-0.973940,-0.055201,-0.002375,-0.052825,0.100261,-1.520603,1.620865,-0.418994,-0.002650,-0.416344,0.080134,-0.045674,-0.004382,-0.415891,-0.003668,0.391898,0.092257,-0.975011,7.398139,-0.639062,6.382462,-0.129653,-1.363279,-0.307153
2.699685,-0.056999,-0.004410,-0.052588,-0.200230,-0.734562,0.534332,-0.031933,-0.003451,-0.028482,-1.273422,-2.282885,1.009463,-0.018407,-0.006448,-0.011959,1.062450,1.443445,-0.380994,0.637002,0.744276,-0.107275,-0.170892,-0.003505,-0.167387,-0.026300,0.586358,-0.612658,-0.226885,-0.015364,-0.211521,-0.126385,0.851983,-0.978368,-0.055238,-0.002375,-0.052863,0.104315,-1.520603,1.624918,-0.417999,-0.002650,-0.415349,0.090491,-0.072975,-0.003753,-0.464956,-0.003721,0.414419,0.105660,-1.013419,7.517975,-0.680974,6.474260,-0.136620,-1.383942,-0.321526
2.705197,-0.056999,-0.004729,-0.052270,-0.200230,-0.710696,0.510466,-0.031933,-0.003793,-0.028140,-1.273422,-2.249746,0.976324,-0.018407,-0.006459,-0.011948,1.062450,1.384784,-0.322334,0.637002,0.744222,-0.107220,-0.170892,-0.017062,-0.153830,-0.026300,0.793994,-0.820294,-0.226885,-0.000598,-0.226287,-0.126385,1.082355,-1.208740,-0.055238,-0.001774,-0.053463,0.104315,-1.916685,2.020999,-0.417999,-0.000074,-0.417925,0.090491,-0.072975,-0.003753,-0.464956,-0.003721,0.414419,0.105660,-1.011999,7.397894,-0.708246,6.312714,-0.139327,-0.912176,-0.328643
2.709837,-0.058687,-0.004729,-0.053958,-0.200494,-0.710696,0.510202,-0.034180,-0.003793,-0.030387,-1.274698,-2.249746,0.975049,-0.018955,-0.006459,-0.012496,1.063504,1.384784,-0.321280,0.632867,0.744222,-0.111355,-0.169945,-0.017062,-0.152883,-0.027156,0.793994,-0.821150,-0.226919,-0.000598,-0.226322,-0.131229,1.082355,-1.213584,-0.055275,-0.001774,-0.053501,0.108529,-1.916685,2.025214,-0.416887,-0.000074,-0.416813,0.100695,-0.099873,-0.003133,-0.513295,-0.003772,0.436606,0.118865,-1.050189,7.507924,-0.751311,6.395151,-0.146346,-0.922804,-0.343127
2.714997,-0.058687,-0.004729,-0.053958,-0.200494,-0.710696,0.510202,-0.034180,-0.003793,-0.030387,-1.274698,-2.249746,0.975049,-0.018955,-0.006459,-0.012496,1.063504,1.384784,-0.321280,0.632867,0.744222,-0.111355,-0.169945,-0.017062,-0.152883,-0.027156,0.793994,-0.821150,-0.226919,-0.000598,-0.226322,-0.131229,1.082355,-1.213584,-0.055275,-0.001774,-0.053501,0.108529,-1.916685,2.025214,-0.416887,-0.000074,-0.416813,0.100695,-0.099873,-0.003133,-0.513295,-0.003772,0.436606,0.118865,-1.070732,7.642724,-0.766362,6.520207,-0.149079,-0.939282,-0.349460
2.719844,-0.060383,-0.004729,-0.055655,-0.200772,-0.710696,0.509925,-0.036452,-0.003793,-0.032659,-1.276038,-2.249746,0.973708,-0.019508,-0.006459,-0.013049,1.064613,1.384784,-0.320171,0.628699,0.744222,-0.115523,-0.168886,-0.017062,-0.151824,-0.028292,0.793994,-0.822285,-0.226947,-0.000598,-0.226350,-0.136612,1.082355,-1.218967,-0.055313,-0.001774,-0.053539,0.113012,-1.916685,2.029697,-0.415630,-0.000074,-0.415557,0.109608,-0.125162,-0.001838,-0.558720,-0.003650,0.457315,0.131448,-1.111491,7.758049,-0.812464,6.607763,-0.156525,-0.949487,-0.364705
2.724797,-0.060383,-0.004729,-0.055655,-0.200772,-0.710696,0.509925,-0.036452,-0.003793,-0.032659,-1.276038,-2.249746,0.973708,-0.019508,-0.006459,-0.013049,1.064613,1.384784,-0.320171,0.628699,0.744222,-0.115523,-0.168886,-0.017062,-0.151824,-0.028292,0.793994,-0.822285,-0.226947,-0.000598,-0.226350,-0.136612,1.082355,-1.218967,-0.055313,-0.001774,-0.053539,0.113012,-1.916685,2.029697,-0.415630,-0.000074,-0.415557,0.109608,-0.125162,-0.001838,-0.558720,-0.003650,0.457315,0.131448,-1.131685,7.887376,-0.827584,6.727638,-0.159236,-0.965153,-0.370943
2.730222,-0.062079,-0.004729,-0.057351,-0.201063,-0.710696,0.509633,-0.038739,-0.003793,-0.034946,-1.277442,-2.249746,0.972304,-0.020066,-0.006459,-0.013607,1.065775,1.384784,-0.319010,0.624518,0.744222,-0.119703,-0.167864,-0.017062,-0.150802,-0.029508,0.793994,-0.823501,-0.226898,-0.000598,-0.226301,-0.142157,1.082355,-1.224513,-0.055333,-0.001774,-0.053559,0.117568,-1.916685,2.034252,-0.414312,-0.000074,-0.414238,0.093192,-0.116207,0.011576,-0.542156,-0.000360,0.447005,0.130261,-1.184266,8.028781,-0.880050,6.857589,-0.167426,-0.971912,-0.387435
2.735173,-0.062079,-0.005328,-0.056752,-0.201063,-0.681246,0.480183,-0.038739,-0.003894,-0.034845,-1.277442,-2.208239,0.930796,-0.020066,-0.006478,-0.013588,1.065775,1.317316,-0.251541,0.624518,0.744042,-0.119524,-0.167864,-0.023083,-0.144781,-0.029508,0.989309,-1.018817,-0.226898,-0.002408,-0.224490,-0.142157,1.418452,-1.560610,-0.055333,-0.001356,-0.053978,0.117568,-2.175347,2.292914,-0.414312,-0.007546,-0.406766,0.093192,-0.116207,0.011576,-0.542156,-0.000360,0.447005,0.130261,-1.184817,7.516290,-0.889065,6.491658,-0.169750,-0.446676,-0.391768
2.740081,-0.063735,-0.005328,-0.058407,-0.201360,-0.681246,0.479886,-0.040982,-0.003894,-0.037088,-1.278874,-2.208239,0.929364,-0.020613,-0.006478,-0.014135,1.066959,1.317316,-0.250357,0.620428,0.744042,-0.123615,-0.167022,-0.023083,-0.143939,-0.030613,0.989309,-1.019922,-0.226719,-0.002408,-0.224311,-0.147438,1.418452,-1.565891,-0.055321,-0.001356,-0.053965,0.121938,-2.175347,2.297285,-0.413030,-0.007546,-0.405484,0.077078,-0.107416,0.024742,-0.525898,0.002869,0.436885,0.129095,-1.235716,7.629086,-0.941152,6.601469,-0.177797,-0.442820,-0.407871
2.744877,-0.063735,-0.005328,-0.058407,-0.201360,-0.681246,0.479886,-0.040982,-0.003894,-0.037088,-1.278874,-2.208239,0.929364,-0.020613,-0.006478,-0.014135,1.066959,1.317316,-0.250357,0.620428,0.744042,-0.123615,-0.167022,-0.023083,-0.143939,-0.030613,0.989309,-1.019922,-0.226719,-0.002408,-0.224311,-0.147438,1.418452,-1.565891,-0.055321,-0.001356,-0.053965,0.121938,-2.175347,2.297285,-0.413030,-0.007546,-0.405484,0.077078,-0.107416,0.024742,-0.525898,0.002869,0.436885,0.129095,-1.255835,7.743684,-0.956987,6.709288,-0.180587,-0.449205,-0.414169
2.750750,-0.065418,-0.005328,-0.060090,-0.201675,-0.681246,0.479572,-0.043270,-0.003894,-0.039376,-1.280390,-2.208239,0.927849,-0.021171,-0.006478,-0.014693,1.068212,1.317316,-0.249103,0.616263,0.744042,-0.127779,-0.166327,-0.023083,-0.143244,-0.031653,0.989309,-1.020962,-0.226401,-0.002408,-0.223993,-0.152665,1.418452,-1.571117,-0.055275,-0.001356,-0.053919,0.126297,-2.175347,2.301644,-0.411732,-0.007546,-0.404186,0.060624,-0.098439,0.038187,-0.509296,0.006167,0.426551,0.127905,-1.313066,7.879143,-1.014907,6.840766,-0.189559,-0.445704,-0.432224
2.755058,-0.065418,-0.005328,-0.060090,-0.201675,-0.681246,0.479572,-0.043270,-0.003894,-0.039376,-1.280390,-2.208239,0.927849,-0.021171,-0.006478,-0.014693,1.068212,1.317316,-0.249103,0.616263,0.744042,-0.127779,-0.166327,-0.023083,-0.143244,-0.031653,0.989309,-1.020962,-0.226401,-0.002408,-0.223993,-0.152665,1.418452,-1.571117,-0.055275,-0.001356,-0.053919,0.126297,-2.175347,2.301644,-0.411732,-0.007546,-0.404186,0.060624,-0.098439,0.038187,-0.509296,0.006167,0.426551,0.127905,-1.331575,7.982077,-1.029729,6.937598,-0.192144,-0.451306,-0.438025
2.760378,-0.067078,-0.005328,-0.061750,-0.201996,-0.681246,0.479251,-0.045530,-0.003894,-0.041636,-1.281941,-2.208239,0.926298,-0.021723,-0.006478,-0.015245,1.069496,1.317316,-0.247820,0.612155,0.744042,-0.131887,-0.165803,-0.023083,-0.142719,-0.032592,0.989309,-1.021901,-0.225953,-0.002408,-0.223545,-0.157673,1.418452,-1.576125,-0.055197,-0.001356,-0.053842,0.130509,-2.175347,2.305856,-0.410460,-0.007546,-0.402914,0.044340,-0.089555,0.051493,-0.492865,0.009430,0.416324,0.126727,-1.387673,8.103621,-1.087099,7.056216,-0.200958,-0.446464,-0.455676
2.765375,-0.067078,-0.005328,-0.061750,-0.201996,-0.681246,0.479251,-0.045530,-0.003894,-0.041636,-1.281941,-2.208239,0.926298,-0.021723,-0.006478,-0.015245,1.069496,1.317316,-0.247820,0.612155,0.744042,-0.131887,-0.165803,-0.023083,-0.142719,-0.032592,0.989309,-1.021901,-0.225953,-0.002408,-0.223545,-0.157673,1.418452,-1.576125,-0.055197,-0.001356,-0.053842,0.130509,-2.175347,2.305856,-0.410460,-0.007546,-0.402914,0.044340,-0.089555,0.051493,-0.492865,0.009430,0.416324,0.126727,-1.409596,8.222723,-1.104933,7.168251,-0.204039,-0.452791,-0.462554
2.770091,-0.068728,-0.006204,-0.062524,-0.202325,-0.643551,0.441226,-0.047779,-0.004097,-0.043682,-1.283536,-2.154942,0.871405,-0.022273,-0.006465,-0.015808,1.070817,1.239689,-0.168872,0.608070,0.743674,-0.135604,-0.165442,-0.035222,-0.130220,-0.033440,1.165547,-1.198988,-0.225373,-0.005191,-0.220182,-0.162504,1.719964,-1.882468,-0.055087,0.004294,-0.059381,0.134608,-2.331773,2.466380,-0.409202,-0.015403,-0.393799,0.028099,-0.080695,0.064764,-0.476478,0.012685,0.406124,0.125552,-1.424841,7.282220,-1.150552,6.787909,-0.216672,0.169648,-0.476867
2.775071,-0.068728,-0.006204,-0.062524,-0.202325,-0.643551,0.441226,-0.047779,-0.004097,-0.043682,-1.283536,-2.154942,0.871405,-0.022273,-0.006465,-0.015808,1.070817,1.239689,-0.168872,0.608070,0.743674,-0.135604,-0.165442,-0.035222,-0.130220,-0.033440,1.165547,-1.198988,-0.225373,-0.005191,-0.220182,-0.162504,1.719964,-1.882468,-0.055087,0.004294,-0.059381,0.134608,-2.331773,2.466380,-0.409202,-0.015403,-0.393799,0.028099,-0.080695,0.064764,-0.476478,0.012685,0.406124,0.125552,-1.446034,7.382551,-1.168362,6.889429,-0.219812,0.172403,-0.483646
2.779875,-0.070376,-0.006204,-0.064172,-0.202662,-0.643551,0.440889,-0.050023,-0.004097,-0.045925,-1.285180,-2.154942,0.869762,-0.022821,-0.006465,-0.016356,1.072179,1.239689,-0.167510,0.603997,0.743674,-0.139677,-0.165243,-0.035222,-0.130021,-0.034201,1.165547,-1.199748,-0.224662,-0.005191,-0.219470,-0.167172,1.719964,-1.887136,-0.054944,0.004294,-0.059238,0.138605,-2.331773,2.470378,-0.407957,-0.015403,-0.392553,0.011856,-0.071834,0.078036,-0.460089,0.015940,0.395923,0.124378,-1.502931,7.479871,-1.227679,6.992690,-0.228889,0.187956,-0.501633
2.784938,-0.070376,-0.006204,-0.064172,-0.202662,-0.643551,0.440889,-0.050023,-0.004097,-0.045925,-1.285180,-2.154942,0.869762,-0.022821,-0.006465,-0.016356,1.072179,1.239689,-0.167510,0.603997,0.743674,-0.139677,-0.165243,-0.035222,-0.130021,-0.034201,1.165547,-1.199748,-0.224662,-0.005191,-0.219470,-0.167172,1.719964,-1.887136,-0.054944,0.004294,-0.059238,0.138605,-2.331773,2.470378,-0.407957,-0.015403,-0.392553,0.011856,-0.071834,0.078036,-0.460089,0.015940,0.395923,0.124378,-1.525528,7.584385,-1.246915,7.098452,-0.232250,0.190998,-0.508862
2.789922,-0.072029,-0.006204,-0.065825,-0.203008,-0.643551,0.440544,-0.052266,-0.004097,-0.048169,-1.286875,-2.154942,0.868067,-0.023370,-0.006465,-0.016905,1.073585,1.239689,-0.166103,0.599922,0.743674,-0.143752,-0.165206,-0.035222,-0.129984,-0.034875,1.165547,-1.200422,-0.223814,-0.005191,-0.218623,-0.171692,1.719964,-1.891657,-0.054768,0.004294,-0.059062,0.142515,-2.331773,2.474288,-0.406718,-0.015403,-0.391315,-0.004446,-0.062940,0.091357,-0.443640,0.019207,0.385684,0.123198,-1.584392,7.681844,-1.308050,7.202182,-0.241577,0.207345,-0.527367
2.795121,-0.072029,-0.006204,-0.065825,-0.203008,-0.643551,0.440544,-0.052266,-0.004097,-0.048169,-1.286875,-2.154942,0.868067,-0.023370,-0.006465,-0.016905,1.073585,1.239689,-0.166103,0.599922,0.743674,-0.143752,-0.165206,-0.035222,-0.129984,-0.034875,1.165547,-1.200422,-0.223814,-0.005191,-0.218623,-0.171692,1.719964,-1.891657,-0.054768,0.004294,-0.059062,0.142515,-2.331773,2.474288,-0.406718,-0.015403,-0.391315,-0.004446,-0.062940,0.091357,-0.443640,0.019207,0.385684,0.123198,-1.607794,7.787614,-1.328208,7.309229,-0.245070,0.210603,-0.534853
2.800050,-0.073707,-0.006204,-0.067503,-0.203365,-0.643551,0.440186,-0.054534,-0.004097,-0.050436,-1.288641,-2.154942,0.866301,-0.023925,-0.006465,-0.017460,1.075052,1.239689,-0.164637,0.595798,0.743674,-0.147876,-0.165335,-0.035222,-0.130113,-0.035468,1.165547,-1.201015,-0.222818,-0.005191,-0.217626,-0.176113,1.719964,-1.896077,-0.054557,0.004294,-0.058850,0.146379,-2.331773,2.478152,-0.405473,-0.015403,-0.390070,-0.020992,-0.053913,0.104877,-0.426945,0.022523,0.375292,0.122002,-1.669199,7.885432,-1.391668,7.413718,-0.254722,0.227929,-0.554033
2.804954,-0.073707,-0.006800,-0.066907,-0.203365,-0.620073,0.416708,-0.054534,-0.004217,-0.050317,-1.288641,-2.121965,0.833324,-0.023925,-0.006524,-0.017402,1.075052,1.196444,-0.121391,0.595798,0.743433,-0.147634,-0.165335,-0.031604,-0.133730,-0.035468,1.284635,-1.320104,-0.222818,-0.009204,-0.213614,-0.176113,1.826898,-2.003011,-0.054557,-0.012989,-0.041567,0.146379,-2.351662,2.498041,-0.405473,-0.012025,-0.393448,-0.020992,-0.053913,0.104877,-0.426945,0.022523,0.375292,0.122002,-1.683181,7.249687,-1.400451,7.326592,-0.241409,0.569139,-0.561732
2.809724,-0.075335,-0.006800,-0.068535,-0.203716,-0.620073,0.416357,-0.056721,-0.004217,-0.052504,-1.290394,-2.121965,0.831571,-0.024461,-0.006524,-0.017937,1.076510,1.196444,-0.119933,0.591815,0.743433,-0.151618,-0.165620,-0.031604,-0.134016,-0.035955,1.284635,-1.320591,-0.221722,-0.009204,-0.212518,-0.180233,1.826898,-2.007131,-0.054319,-0.012989,-0.041330,0.150022,-2.351662,2.501684,-0.404279,-0.012025,-0.392254,-0.037023,-0.045167,0.117975,-0.410771,0.025735,0.365225,0.120842,-1.743671,7.332584,-1.462862,7.422934,-0.250658,0.590811,-0.580579
2.814956,-0.075335,-0.006800,-0.068535,-0.203716,-0.620073,0.416357,-0.056721,-0.004217,-0.052504,-1.290394,-2.121965,0.831571,-0.024461,-0.006524,-0.017937,1.076510,1.196444,-0.119933,0.591815,0.743433,-0.151618,-0.165620,-0.031604,-0.134016,-0.035955,1.284635,-1.320591,-0.221722,-0.009204,-0.212518,-0.180233,1.826898,-2.007131,-0.054319,-0.012989,-0.041330,0.150022,-2.351662,2.501684,-0.404279,-0.012025,-0.392254,-0.037023,-0.045167,0.117975,-0.410771,0.025735,0.365225,0.120842,-1.768716,7.430768,-1.484826,7.530194,-0.254203,0.599259,-0.588620
2.820078,-0.076995,-0.006800,-0.070195,-0.204078,-0.620073,0.415995,-0.058934,-0.004217,-0.054717,-1.292218,-2.121965,0.829747,-0.025003,-0.006524,-0.018479,1.078030,1.196444,-0.118414,0.587774,0.743433,-0.155658,-0.166072,-0.031604,-0.134468,-0.036363,1.284635,-1.320999,-0.220474,-0.009204,-0.211270,-0.184263,1.826898,-2.011161,-0.054045,-0.012989,-0.041056,0.153626,-2.351662,2.505288,-0.403075,-0.012025,-0.391050,-0.053333,-0.036269,0.131303,-0.394313,0.029004,0.354981,0.119662,-1.833347,7.519405,-1.550770,7.633237,-0.263972,0.622463,-0.608614
2.826085,-0.076995,-0.006800,-0.070195,-0.204078,-0.620073,0.415995,-0.058934,-0.004217,-0.054717,-1.292218,-2.121965,0.829747,-0.025003,-0.006524,-0.018479,1.078030,1.196444,-0.118414,0.587774,0.743433,-0.155658,-0.166072,-0.031604,-0.134468,-0.036363,1.284635,-1.320999,-0.220474,-0.009204,-0.211270,-0.184263,1.826898,-2.011161,-0.054045,-0.012989,-0.041056,0.153626,-2.351662,2.505288,-0.403075,-0.012025,-0.391050,-0.053333,-0.036269,0.131303,-0.394313,0.029004,0.354981,0.119662,-1.858163,7.614532,-1.572724,7.737190,-0.267497,0.630843,-0.616574
2.830940,-0.078666,-0.006800,-0.071866,-0.204445,-0.620073,0.415628,-0.061141,-0.004217,-0.056924,-1.294088,-2.121965,0.827877,-0.025544,-0.006524,-0.019021,1.079590,1.196444,-0.116853,0.583733,0.743433,-0.159700,-0.166678,-0.031604,-0.135074,-0.036705,1.284635,-1.321340,-0.219095,-0.009204,-0.209891,-0.188172,1.826898,-2.015070,-0.053741,-0.012989,-0.040751,0.157169,-2.351662,2.508831,-0.401879,-0.012025,-0.389854,-0.063338,-0.039338,0.141074,-0.395230,0.030607,0.360614,0.118588,-1.926668,7.706886,-1.642872,7.848638,-0.277958,0.655251,-0.638084
2.834940,-0.078666,-0.006800,-0.071866,-0.204445,-0.620073,0.415628,-0.061141,-0.004217,-0.056924,-1.294088,-2.121965,0.827877,-0.025544,-0.006524,-0.019021,1.079590,1.196444,-0.116853,0.583733,0.743433,-0.159700,-0.166678,-0.031604,-0.135074,-0.036705,1.284635,-1.321340,-0.219095,-0.009204,-0.209891,-0.188172,1.826898,-2.015070,-0.053741,-0.012989,-0.040751,0.157169,-2.351662,2.508831,-0.401879,-0.012025,-0.389854,-0.063338,-0.039338,0.141074,-0.395230,0.030607,0.360614,0.118588,-1.946623,7.781694,-1.660665,7.930416,-0.280800,0.661998,-0.644478
2.841219,-0.080328,-0.006800,-0.073527,-0.204813,-0.620073,0.415261,-0.063314,-0.004217,-0.059098,-1.295981,-2.121965,0.825984,-0.026078,-0.006524,-0.019554,1.081173,1.196444,-0.115271,0.579739,0.743433,-0.163694,-0.167305,-0.031604,-0.135700,-0.037211,1.284635,-1.321847,-0.217673,-0.009204,-0.208469,-0.192255,1.826898,-2.019153,-0.053442,-0.012989,-0.040453,0.160918,-2.351662,2.512580,-0.400703,-0.012025,-0.388678,-0.062630,-0.062423,0.144745,-0.425254,0.029395,0.392779,0.117707,-2.016764,7.869650,-1.733938,8.043834,-0.291836,0.686970,-0.667164
2.845309,-0.080328,-0.006800,-0.073527,-0.204813,-0.620073,0.415261,-0.063314,-0.004217,-0.059098,-1.295981,-2.121965,0.825984,-0.026078,-0.006524,-0.019554,1.081173,1.196444,-0.115271,0.579739,0.743433,-0.163694,-0.167305,-0.031604,-0.135700,-0.037211,1.284635,-1.321847,-0.217673,-0.009204,-0.208469,-0.192255,1.826898,-2.019153,-0.053442,-0.012989,-0.040453,0.160918,-2.351662,2.512580,-0.400703,-0.012025,-0.388678,-0.062630,-0.062423,0.144745,-0.425254,0.029395,0.392779,0.117707,-2.037378,7.945262,-1.752450,8.126520,-0.294779,0.693952,-0.673762
2.849869,-0.082014,-0.006800,-0.075214,-0.205191,-0.620073,0.414883,-0.065497,-0.004217,-0.061281,-1.297937,-2.121965,0.824028,-0.026614,-0.006524,-0.020090,1.082812,1.196444,-0.113631,0.575714,0.743433,-0.167719,-0.167931,-0.031604,-0.136327,-0.037957,1.284635,-1.322592,-0.216198,-0.009204,-0.206994,-0.196686,1.826898,-2.023584,-0.053153,-0.012989,-0.040163,0.165033,-2.351662,2.516696,-0.399523,-0.012025,-0.387499,-0.061914,-0.085762,0.148456,-0.455608,0.028170,0.425296,0.116815,-2.101103,8.000611,-1.819976,8.204655,-0.304888,0.717310,-0.694287
2.855015,-0.082014,-0.006800,-0.075214,-0.205191,-0.620073,0.414883,-0.065497,-0.004217,-0.061281,-1.297937,-2.121965,0.824028,-0.026614,-0.006524,-0.020090,1.082812,1.196444,-0.113631,0.575714,0.743433,-0.167719,-0.167931,-0.031604,-0.136327,-0.037957,1.284635,-1.322592,-0.216198,-0.009204,-0.206994,-0.196686,1.826898,-2.023584,-0.053153,-0.012989,-0.040163,0.165033,-2.351662,2.516696,-0.399523,-0.012025,-0.387499,-0.061914,-0.085762,0.148456,-0.455608,0.028170,0.425296,0.116815,-2.127671,8.095959,-1.843989,8.308961,-0.308689,0.726329,-0.702779
2.860016,-0.083687,-0.006800,-0.076887,-0.205573,-0.620073,0.414501,-0.067639,-0.004217,-0.063423,-1.299916,-2.121965,0.822049,-0.027141,-0.006524,-0.020617,1.084475,1.196444,-0.111969,0.571747,0.743433,-0.171686,-0.168544,-0.031604,-0.136939,-0.038924,1.284635,-1.323560,-0.214704,-0.009204,-0.205500,-0.201365,1.826898,-2.028264,-0.052878,-0.012989,-0.039889,0.169422,-2.351662,2.521084,-0.398366,-0.012025,-0.386341,-0.061207,-0.108827,0.152123,-0.485606,0.026958,0.457433,0.115934,-2.194680,8.158095,-1.914213,8.394565,-0.319232,0.751376,-0.724239
2.864917,-0.083687,-0.006800,-0.076887,-0.205573,-0.620073,0.414501,-0.067639,-0.004217,-0.063423,-1.299916,-2.121965,0.822049,-0.027141,-0.006524,-0.020617,1.084475,1.196444,-0.111969,0.571747,0.743433,-0.171686,-0.168544,-0.031604,-0.136939,-0.038924,1.284635,-1.323560,-0.214704,-0.009204,-0.205500,-0.201365,1.826898,-2.028264,-0.052878,-0.012989,-0.039889,0.169422,-2.351662,2.521084,-0.398366,-0.012025,-0.386341,-0.061207,-0.108827,0.152123,-0.485606,0.026958,0.457433,0.115934,-2.220708,8.249539,-1.937877,8.494639,-0.322963,0.760237,-0.732548
2.869883,-0.085380,-0.006800,-0.078580,-0.205969,-0.620073,0.414104,-0.069785,-0.004217,-0.065568,-1.301960,-2.121965,0.820005,-0.027670,-0.006524,-0.021146,1.086197,1.196444,-0.110246,0.567758,0.743433,-0.175675,-0.169154,-0.031604,-0.137549,-0.040132,1.284635,-1.324767,-0.213160,-0.009204,-0.203956,-0.206387,1.826898,-2.033285,-0.052614,-0.012989,-0.039625,0.174171,-2.351662,2.525834,-0.397208,-0.012025,-0.385183,-0.060493,-0.132087,0.155822,-0.515859,0.025737,0.489842,0.115046,-2.289457,8.309164,-2.009558,8.577974,-0.333738,0.786553,-0.754446
2.875084,-0.085380,-0.006800,-0.078580,-0.205969,-0.620073,0.414104,-0.069785,-0.004217,-0.065568,-1.301960,-2.121965,0.820005,-0.027670,-0.006524,-0.021146,1.086197,1.196444,-0.110246,0.567758,0.743433,-0.175675,-0.169154,-0.031604,-0.137549,-0.040132,1.284635,-1.324767,-0.213160,-0.009204,-0.203956,-0.206387,1.826898,-2.033285,-0.052614,-0.012989,-0.039625,0.174171,-2.351662,2.525834,-0.397208,-0.012025,-0.385183,-0.060493,-0.132087,0.155822,-0.515859,0.025737,0.489842,0.115046,-2.317409,8.405303,-2.035107,8.683229,-0.337752,0.796103,-0.763357
2.879978,-0.087076,-0.006800,-0.080276,-0.206378,-0.620073,0.413696,-0.071911,-0.004217,-0.067694,-1.304053,-2.121965,0.817912,-0.028196,-0.006524,-0.021672,1.087966,1.196444,-0.108477,0.563787,0.743433,-0.179646,-0.169756,-0.031604,-0.138151,-0.041571,1.284635,-1.326206,-0.211581,-0.009204,-0.202377,-0.211702,1.826898,-2.038600,-0.052363,-0.012989,-0.039373,0.179237,-2.351662,2.530900,-0.396061,-0.012025,-0.384036,-0.059781,-0.155310,0.159515,-0.546063,0.024518,0.522199,0.114159,-2.387592,8.462942,-2.107835,8.764772,-0.348705,0.823624,-0.785592
2.885081,-0.087076,-0.006800,-0.080276,-0.206378,-0.620073,0.413696,-0.071911,-0.004217,-0.067694,-1.304053,-2.121965,0.817912,-0.028196,-0.006524,-0.021672,1.087966,1.196444,-0.108477,0.563787,0.743433,-0.179646,-0.169756,-0.031604,-0.138151,-0.041571,1.284635,-1.326206,-0.211581,-0.009204,-0.202377,-0.211702,1.826898,-2.038600,-0.052363,-0.012989,-0.039373,0.179237,-2.351662,2.530900,-0.396061,-0.012025,-0.384036,-0.059781,-0.155310,0.159515,-0.546063,0.024518,0.522199,0.114159,-2.415194,8.555909,-2.133187,8.866598,-0.352675,0.833094,-0.794379
2.889982,-0.088770,-0.006800,-0.081970,-0.206800,-0.620073,0.413274,-0.074010,-0.004217,-0.069793,-1.306189,-2.121965,0.815776,-0.028716,-0.006524,-0.022192,1.089778,1.196444,-0.106666,0.559848,0.743433,-0.183585,-0.170348,-0.031604,-0.138743,-0.043232,1.284635,-1.327868,-0.209974,-0.009204,-0.200770,-0.217290,1.826898,-2.044188,-0.052125,-0.012989,-0.039135,0.184598,-2.351662,2.536261,-0.394928,-0.012025,-0.382903,-0.059073,-0.178412,0.163188,-0.576109,0.023305,0.554387,0.113276,-2.487176,8.613414,-2.207222,8.948394,-0.363856,0.861990,-0.817064
2.895390,-0.088770,-0.006800,-0.081970,-0.206800,-0.620073,0.413274,-0.074010,-0.004217,-0.069793,-1.306189,-2.121965,0.815776,-0.028716,-0.006524,-0.022192,1.089778,1.196444,-0.106666,0.559848,0.743433,-0.183585,-0.170348,-0.031604,-0.138743,-0.043232,1.284635,-1.327868,-0.209974,-0.009204,-0.200770,-0.217290,1.826898,-2.044188,-0.052125,-0.012989,-0.039135,0.184598,-2.351662,2.536261,-0.394928,-0.012025,-0.382903,-0.059073,-0.178412,0.163188,-0.576109,0.023305,0.554387,0.113276,-2.517360,8.712993,-2.235066,9.057514,-0.368202,0.872393,-0.826659
2.900062,-0.090480,-0.006800,-0.083680,-0.207242,-0.620073,0.412831,-0.076106,-0.004217,-0.071890,-1.308396,-2.121965,0.813569,-0.029237,-0.006524,-0.022713,1.091656,1.196444,-0.104787,0.555896,0.743433,-0.187537,-0.170936,-0.031604,-0.139332,-0.045137,1.284635,-1.329772,-0.208320,-0.009204,-0.199116,-0.223216,1.826898,-2.050114,-0.051897,-0.012989,-0.038908,0.190317,-2.351662,2.541979,-0.393798,-0.012025,-0.381773,-0.058360,-0.201660,0.166885,-0.606345,0.022084,0.586779,0.112389,-2.589893,8.763929,-2.309305,9.132822,-0.379441,0.902352,-0.849392
2.904999,-0.090480,-0.006800,-0.083680,-0.207242,-0.620073,0.412831,-0.076106,-0.004217,-0.071890,-1.308396,-2.121965,0.813569,-0.029237,-0.006524,-0.022713,1.091656,1.196444,-0.104787,0.555896,0.743433,-0.187537,-0.170936,-0.031604,-0.139332,-0.045137,1.284635,-1.329772,-0.208320,-0.009204,-0.199116,-0.223216,1.826898,-2.050114,-0.051897,-0.012989,-0.038908,0.190317,-2.351662,2.541979,-0.393798,-0.012025,-0.381773,-0.058360,-0.201660,0.166885,-0.606345,0.022084,0.586779,0.112389,-2.617926,8.854520,-2.335265,9.232146,-0.383482,0.912065,-0.858288
2.910177,-0.092199,-0.006800,-0.085399,-0.207706,-0.620073,0.412367,-0.078189,-0.004217,-0.073972,-1.310667,-2.121965,0.811298,-0.029757,-0.006524,-0.023233,1.093596,1.196444,-0.102847,0.551949,0.743433,-0.191484,-0.171518,-0.031604,-0.139914,-0.047278,1.284635,-1.331913,-0.206627,-0.009204,-0.197423,-0.229453,1.826898,-2.056351,-0.051682,-0.012989,-0.038692,0.196369,-2.351662,2.548031,-0.392674,-0.012025,-0.380649,-0.057646,-0.224941,0.170587,-0.636624,0.020862,0.619217,0.111499,-2.694950,8.912517,-2.413261,9.315912,-0.395340,0.944502,-0.882317
2.915130,-0.092199,-0.006800,-0.085399,-0.207706,-0.620073,0.412367,-0.078189,-0.004217,-0.073972,-1.310667,-2.121965,0.811298,-0.029757,-0.006524,-0.023233,1.093596,1.196444,-0.102847,0.551949,0.743433,-0.191484,-0.171518,-0.031604,-0.139914,-0.047278,1.284635,-1.331913,-0.206627,-0.009204,-0.197423,-0.229453,1.826898,-2.056351,-0.051682,-0.012989,-0.038692,0.196369,-2.351662,2.548031,-0.392674,-0.012025,-0.380649,-0.057646,-0.224941,0.170587,-0.636624,0.020862,0.619217,0.111499,-2.723722,9.003612,-2.440001,9.415847,-0.399492,0.954530,-0.891434
2.920240,-0.093917,-0.006800,-0.087117,-0.208190,-0.620073,0.411884,-0.080246,-0.004217,-0.076030,-1.312993,-2.121965,0.808972,-0.030273,-0.006524,-0.023749,1.095590,1.196444,-0.100853,0.548028,0.743433,-0.195405,-0.172037,-0.031604,-0.140432,-0.049350,1.284635,-1.333985,-0.204974,-0.009204,-0.195770,-0.235560,1.826898,-2.062458,-0.051472,-0.012989,-0.038482,0.202302,-2.351662,2.553964,-0.391506,-0.012025,-0.379481,-0.042909,-0.172286,0.155867,-0.560675,0.021502,0.542799,0.125473,-2.807311,9.114280,-2.533162,9.524465,-0.411143,0.991885,-0.915786
2.926067,-0.093917,-0.006800,-0.087117,-0.208190,-0.620073,0.411884,-0.080246,-0.004217,-0.076030,-1.312993,-2.121965,0.808972,-0.030273,-0.006524,-0.023749,1.095590,1.196444,-0.100853,0.548028,0.743433,-0.195405,-0.172037,-0.031604,-0.140432,-0.049350,1.284635,-1.333985,-0.204974,-0.009204,-0.195770,-0.235560,1.826898,-2.062458,-0.051472,-0.012989,-0.038482,0.202302,-2.351662,2.553964,-0.391506,-0.012025,-0.379481,-0.042909,-0.172286,0.155867,-0.560675,0.021502,0.542799,0.125473,-2.841528,9.220450,-2.565062,9.641015,-0.416085,1.003883,-0.926611
2.930238,-0.095646,-0.006800,-0.088846,-0.208693,-0.620073,0.411381,-0.082297,-0.004217,-0.078080,-1.315385,-2.121965,0.806580,-0.030788,-0.006524,-0.024265,1.097647,1.196444,-0.098797,0.544104,0.743433,-0.199329,-0.172373,-0.031604,-0.140768,-0.050702,1.284635,-1.335338,-0.203510,-0.009204,-0.194306,-0.240650,1.826898,-2.067548,-0.051250,-0.012989,-0.038261,0.207206,-2.351662,2.558868,-0.390154,-0.012025,-0.378129,-0.023999,-0.097168,0.135687,-0.453289,0.022690,0.434174,0.143862,-2.922993,9.331659,-2.659567,9.741592,-0.427104,1.041099,-0.949733
2.935353,-0.095646,-0.006800,-0.088846,-0.208693,-0.620073,0.411381,-0.082297,-0.004217,-0.078080,-1.315385,-2.121965,0.806580,-0.030788,-0.006524,-0.024265,1.097647,1.196444,-0.098797,0.544104,0.743433,-0.199329,-0.172373,-0.031604,-0.140768,-0.050702,1.284635,-1.335338,-0.203510,-0.009204,-0.194306,-0.240650,1.826898,-2.067548,-0.051250,-0.012989,-0.038261,0.207206,-2.351662,2.558868,-0.390154,-0.012025,-0.378129,-0.023999,-0.097168,0.135687,-0.453289,0.022690,0.434174,0.143862,-2.953680,9.425019,-2.688267,9.844162,-0.431540,1.051921,-0.959426
2.939966,-0.097378,-0.006800,-0.090578,-0.209205,-0.620073,0.410868,-0.084334,-0.004217,-0.080118,-1.317823,-2.121965,0.804142,-0.031302,-0.006524,-0.024778,1.099748,1.196444,-0.096695,0.540193,0.743433,-0.203240,-0.172519,-0.031604,-0.140914,-0.051301,1.284635,-1.335936,-0.202249,-0.009204,-0.193045,-0.244663,1.826898,-2.071561,-0.051016,-0.012989,-0.038027,0.211021,-2.351662,2.562683,-0.388617,-0.012025,-0.376592,-0.005080,-0.022016,0.115499,-0.345856,0.023879,0.325501,0.162260,-3.038626,9.544516,-2.786722,9.954996,-0.443076,1.090227,-0.983595
2.945203,-0.097378,-0.006800,-0.090578,-0.209205,-0.620073,0.410868,-0.084334,-0.004217,-0.080118,-1.317823,-2.121965,0.804142,-0.031302,-0.006524,-0.024778,1.099748,1.196444,-0.096695,0.540193,0.743433,-0.203240,-0.172519,-0.031604,-0.140914,-0.051301,1.284635,-1.335936,-0.202249,-0.009204,-0.193045,-0.244663,1.826898,-2.071561,-0.051016,-0.012989,-0.038027,0.211021,-2.351662,2.562683,-0.388617,-0.012025,-0.376592,-0.005080,-0.022016,0.115499,-0.345856,0.023879,0.325501,0.162260,-3.070606,9.639964,-2.816727,10.059952,-0.447703,1.101564,-0.993680
2.950392,-0.099085,-0.006800,-0.092285,-0.209713,-0.620073,0.410360,-0.086331,-0.004217,-0.082114,-1.320259,-2.121965,0.801706,-0.031806,-0.006524,-0.025282,1.101851,1.196444,-0.094593,0.536355,0.743433,-0.207077,-0.172477,-0.031604,-0.140872,-0.051152,1.284635,-1.335788,-0.201204,-0.009204,-0.192000,-0.247562,1.826898,-2.074460,-0.050774,-0.012989,-0.037785,0.213713,-2.351662,2.565375,-0.386921,-0.012025,-0.374896,0.013560,0.052028,0.095608,-0.240006,0.025051,0.218430,0.180386,-3.159322,9.770679,-2.919269,10.184372,-0.459817,1.140854,-1.019032
2.955126,-0.099085,-0.006800,-0.092285,-0.209713,-0.620073,0.410360,-0.086331,-0.004217,-0.082114,-1.320259,-2.121965,0.801706,-0.031806,-0.006524,-0.025282,1.101851,1.196444,-0.094593,0.536355,0.743433,-0.207077,-0.172477,-0.031604,-0.140872,-0.051152,1.284635,-1.335788,-0.201204,-0.009204,-0.192000,-0.247562,1.826898,-2.074460,-0.050774,-0.012989,-0.037785,0.213713,-2.351662,2.565375,-0.386921,-0.012025,-0.374896,0.013560,0.052028,0.095608,-0.240006,0.025051,0.218430,0.180386,-3.188869,9.857276,-2.947081,10.279684,-0.464096,1.151377,-1.028336
2.960765,-0.100865,-0.006800,-0.094065,-0.210237,-0.620073,0.409836,-0.088403,-0.004217,-0.084186,-1.322826,-2.121965,0.799139,-0.032328,-0.006524,-0.025805,1.104067,1.196444,-0.092377,0.532371,0.743433,-0.211062,-0.172236,-0.031604,-0.140632,-0.050217,1.284635,-1.334852,-0.200324,-0.009204,-0.191120,-0.249470,1.826898,-2.076368,-0.050509,-0.012989,-0.037520,0.215391,-2.351662,2.567053,-0.384961,-0.012025,-0.372936,0.033005,0.129270,0.074858,-0.129584,0.026272,0.106733,0.199295,-3.283632,9.998559,-3.057170,10.415662,-0.477085,1.192790,-1.055445
2.965537,-0.100865,-0.006800,-0.094065,-0.210237,-0.620073,0.409836,-0.088403,-0.004217,-0.084186,-1.322826,-2.121965,0.799139,-0.032328,-0.006524,-0.025805,1.104067,1.196444,-0.092377,0.532371,0.743433,-0.211062,-0.172236,-0.031604,-0.140632,-0.050217,1.284635,-1.334852,-0.200324,-0.009204,-0.191120,-0.249470,1.826898,-2.076368,-0.050509,-0.012989,-0.037520,0.215391,-2.351662,2.567053,-0.384961,-0.012025,-0.372936,0.033005,0.129270,0.074858,-0.129584,0.026272,0.106733,0.199295,-3.313214,10.083683,-3.085112,10.509449,-0.481372,1.203369,-1.064747
2.970116,-0.102545,-0.006800,-0.095745,-0.210720,-0.620073,0.409353,-0.090357,-0.004217,-0.086140,-1.325267,-2.121965,0.796698,-0.032820,-0.006524,-0.026297,1.106174,1.196444,-0.090269,0.528620,0.743433,-0.214813,-0.171824,-0.031604,-0.140220,-0.048597,1.284635,-1.333232,-0.199689,-0.009204,-0.190485,-0.250225,1.826898,-2.077123,-0.050247,-0.012989,-0.037257,0.215918,-2.351662,2.567580,-0.382927,-0.012025,-0.370902,0.051403,0.202355,0.055224,-0.025105,0.027429,0.001049,0.217187,-3.400101,10.208678,-3.187766,10.629006,-0.493296,1.241097,-1.089505
2.975107,-0.102545,-0.006800,-0.095745,-0.210720,-0.620073,0.409353,-0.090357,-0.004217,-0.086140,-1.325267,-2.121965,0.796698,-0.032820,-0.006524,-0.026297,1.106174,1.196444,-0.090269,0.528620,0.743433,-0.214813,-0.171824,-0.031604,-0.140220,-0.048597,1.284635,-1.333232,-0.199689,-0.009204,-0.190485,-0.250225,1.826898,-2.077123,-0.050247,-0.012989,-0.037257,0.215918,-2.351662,2.567580,-0.382927,-0.012025,-0.370902,0.051403,0.202355,0.055224,-0.025105,0.027429,0.001049,0.217187,-3.432180,10.299459,-3.218170,10.729125,-0.497950,1.252608,-1.099578
2.980891,-0.104239,-0.006800,-0.097439,-0.211189,-0.620073,0.408884,-0.092326,-0.004217,-0.088109,-1.327737,-2.121965,0.794228,-0.033315,-0.006524,-0.026792,1.108304,1.196444,-0.088139,0.524850,0.743433,-0.218583,-0.171225,-0.031604,-0.139620,-0.046234,1.284635,-1.330870,-0.199241,-0.009204,-0.190037,-0.249952,1.826898,-2.076850,-0.049970,-0.012989,-0.036981,0.215401,-2.351662,2.567063,-0.380693,-0.012025,-0.368668,0.070000,0.276230,0.035379,0.080504,0.028597,-0.105779,0.235272,-3.527417,10.446472,-3.330231,10.872986,-0.511122,1.292829,-1.126921
2.986121,-0.104239,-0.006800,-0.097439,-0.211189,-0.620073,0.408884,-0.092326,-0.004217,-0.088109,-1.327737,-2.121965,0.794228,-0.033315,-0.006524,-0.026792,1.108304,1.196444,-0.088139,0.524850,0.743433,-0.218583,-0.171225,-0.031604,-0.139620,-0.046234,1.284635,-1.330870,-0.199241,-0.009204,-0.190037,-0.249952,1.826898,-2.076850,-0.049970,-0.012989,-0.036981,0.215401,-2.351662,2.567063,-0.380693,-0.012025,-0.368668,0.070000,0.276230,0.035379,0.080504,0.028597,-0.105779,0.235272,-3.561186,10.540497,-3.362352,10.976786,-0.516024,1.304978,-1.137511
2.990231,-0.105963,-0.006800,-0.099163,-0.211641,-0.620073,0.408433,-0.094334,-0.004217,-0.090118,-1.330254,-2.121965,0.791711,-0.033818,-0.006524,-0.027294,1.110471,1.196444,-0.085972,0.521022,0.743433,-0.222411,-0.170476,-0.031604,-0.138872,-0.043324,1.284635,-1.327960,-0.198923,-0.009204,-0.189719,-0.248953,1.826898,-2.075851,-0.049680,-0.012989,-0.036690,0.214156,-2.351662,2.565818,-0.378290,-0.012025,-0.366265,0.070857,0.264593,0.036562,0.067376,0.028390,-0.088823,0.232411,-3.642652,10.597367,-3.452494,11.061437,-0.528482,1.337560,-1.162052
2.995378,-0.105963,-0.006800,-0.099163,-0.211641,-0.620073,0.408433,-0.094334,-0.004217,-0.090118,-1.330254,-2.121965,0.791711,-0.033818,-0.006524,-0.027294,1.110471,1.196444,-0.085972,0.521022,0.743433,-0.222411,-0.170476,-0.031604,-0.138872,-0.043324,1.284635,-1.327960,-0.198923,-0.009204,-0.189719,-0.248953,1.826898,-2.075851,-0.049680,-0.012989,-0.036690,0.214156,-2.351662,2.565818,-0.378290,-0.012025,-0.366265,0.070857,0.264593,0.036562,0.067376,0.028390,-0.088823,0.232411,-3.675428,10.687187,-3.483791,11.160691,-0.533245,1.349379,-1.172318
2.999929,-0.107675,-0.006800,-0.100875,-0.212064,-0.620073,0.408009,-0.096334,-0.004217,-0.092117,-1.332757,-2.121965,0.789208,-0.034316,-0.006524,-0.027793,1.112623,1.196444,-0.083820,0.517226,0.743433,-0.226207,-0.169823,-0.031604,-0.138219,-0.041029,1.284635,-1.325664,-0.198473,-0.009204,-0.189269,-0.248770,1.826898,-2.075668,-0.049400,-0.012989,-0.036411,0.213794,-2.351662,2.565456,-0.376041,-0.012025,-0.364016,0.058935,0.191647,0.052853,-0.030937,0.027197,0.016878,0.214533,-3.758223,10.708974,-3.567652,11.234270,-0.546754,1.381537,-1.198314
3.005011,-0.107675,-0.006800,-0.100875,-0.212064,-0.620073,0.408009,-0.096334,-0.004217,-0.092117,-1.332757,-2.121965,0.789208,-0.034316,-0.006524,-0.027793,1.112623,1.196444,-0.083820,0.517226,0.743433,-0.226207,-0.169823,-0.031604,-0.138219,-0.041029,1.284635,-1.325664,-0.198473,-0.009204,-0.189269,-0.248770,1.826898,-2.075668,-0.049400,-0.012989,-0.036411,0.213794,-2.351662,2.565456,-0.376041,-0.012025,-0.364016,0.058935,0.191647,0.052853,-0.030937,0.027197,0.016878,0.214533,-3.792312,10.800936,-3.600318,11.335975,-0.551712,1.393863,-1.208978
3.010311,-0.109349,-0.006800,-0.102549,-0.212461,-0.620073,0.407612,-0.098290,-0.004217,-0.094074,-1.335216,-2.121965,0.786749,-0.034803,-0.006524,-0.028279,1.114736,1.196444,-0.081707,0.513524,0.743433,-0.229908,-0.169299,-0.031604,-0.137695,-0.039490,1.284635,-1.324125,-0.197873,-0.009204,-0.188669,-0.249551,1.826898,-2.076449,-0.049137,-0.012989,-0.036148,0.214472,-2.351662,2.566134,-0.374010,-0.012025,-0.361985,0.047240,0.120089,0.068834,-0.127378,0.026027,0.120567,0.196995,-3.879506,10.832574,-3.687898,11.418548,-0.565794,1.428599,-1.236254
3.015428,-0.109349,-0.006800,-0.102549,-0.212461,-0.620073,0.407612,-0.098290,-0.004217,-0.094074,-1.335216,-2.121965,0.786749,-0.034803,-0.006524,-0.028279,1.114736,1.196444,-0.081707,0.513524,0.743433,-0.229908,-0.169299,-0.031604,-0.137695,-0.039490,1.284635,-1.324125,-0.197873,-0.009204,-0.188669,-0.249551,1.826898,-2.076449,-0.049137,-0.012989,-0.036148,0.214472,-2.351662,2.566134,-0.374010,-0.012025,-0.361985,0.047240,0.120089,0.068834,-0.127378,0.026027,0.120567,0.196995,-3.914577,10.925739,-3.721611,11.521658,-0.570898,1.441320,-1.247211
3.020012,-0.111048,-0.006800,-0.104248,-0.212853,-0.620073,0.407220,-0.100276,-0.004217,-0.096059,-1.337733,-2.121965,0.784232,-0.035295,-0.006524,-0.028772,1.116900,1.196444,-0.079543,0.509774,0.743433,-0.233658,-0.168884,-0.031604,-0.137280,-0.038649,1.284635,-1.323284,-0.197099,-0.009204,-0.187895,-0.251325,1.826898,-2.078223,-0.048882,-0.012989,-0.035892,0.216215,-2.351662,2.567877,-0.372119,-0.012025,-0.360094,0.035330,0.047218,0.085108,-0.225589,0.024835,0.226159,0.179135,-3.999684,10.941849,-3.806701,11.587174,-0.584656,1.476551,-1.273734
3.025849,-0.111048,-0.006800,-0.104248,-0.212853,-0.620073,0.407220,-0.100276,-0.004217,-0.096059,-1.337733,-2.121965,0.784232,-0.035295,-0.006524,-0.028772,1.116900,1.196444,-0.079543,0.509774,0.743433,-0.233658,-0.168884,-0.031604,-0.137280,-0.038649,1.284635,-1.323284,-0.197099,-0.009204,-0.187895,-0.251325,1.826898,-2.078223,-0.048882,-0.012989,-0.035892,0.216215,-2.351662,2.567877,-0.372119,-0.012025,-0.360094,0.035330,0.047218,0.085108,-0.225589,0.024835,0.226159,0.179135,-4.040029,11.047360,-3.845596,11.704024,-0.590531,1.491243,-1.286323
3.030588,-0.112729,-0.006800,-0.105929,-0.213237,-0.620073,0.406836,-0.102235,-0.004217,-0.098018,-1.340249,-2.121965,0.781716,-0.035781,-0.006524,-0.029257,1.119067,1.196444,-0.077377,0.506076,0.743433,-0.237357,-0.168591,-0.031604,-0.136987,-0.038538,1.284635,-1.323174,-0.196171,-0.009204,-0.186967,-0.254057,1.826898,-2.080955,-0.048640,-0.012989,-0.035651,0.218989,-2.351662,2.570651,-0.370423,-0.012025,-0.358398,0.023529,-0.024989,0.101234,-0.322905,0.023654,0.330789,0.161438,-4.127202,11.064059,-3.931959,11.769264,-0.604524,1.528531,-1.313383
3.035420,-0.112729,-0.006800,-0.105929,-0.213237,-0.620073,0.406836,-0.102235,-0.004217,-0.098018,-1.340249,-2.121965,0.781716,-0.035781,-0.006524,-0.029257,1.119067,1.196444,-0.077377,0.506076,0.743433,-0.237357,-0.168591,-0.031604,-0.136987,-0.038538,1.284635,-1.323174,-0.196171,-0.009204,-0.186967,-0.254057,1.826898,-2.080955,-0.048640,-0.012989,-0.035651,0.218989,-2.351662,2.570651,-0.370423,-0.012025,-0.358398,0.023529,-0.024989,0.101234,-0.322905,0.023654,0.330789,0.161438,-4.161156,11.151491,-3.964777,11.866150,-0.609471,1.540952,-1.323965
3.040046,-0.114451,-0.006800,-0.107650,-0.213633,-0.620073,0.406440,-0.104233,-0.004217,-0.100017,-1.342863,-2.121965,0.779102,-0.036277,-0.006524,-0.029753,1.121323,1.196444,-0.075120,0.502300,0.743433,-0.241133,-0.168413,-0.031604,-0.136808,-0.039172,1.284635,-1.323807,-0.195052,-0.009204,-0.185848,-0.257866,1.826898,-2.084764,-0.048405,-0.012989,-0.035415,0.222917,-2.351662,2.574579,-0.368866,-0.012025,-0.356841,0.011424,-0.099054,0.117775,-0.422725,0.022443,0.438111,0.143286,-4.249427,11.158690,-4.051367,11.921820,-0.623595,1.580320,-1.351249
3.045207,-0.114451,-0.006800,-0.107650,-0.213633,-0.620073,0.406440,-0.104233,-0.004217,-0.100017,-1.342863,-2.121965,0.779102,-0.036277,-0.006524,-0.029753,1.121323,1.196444,-0.075120,0.502300,0.743433,-0.241133,-0.168413,-0.031604,-0.136808,-0.039172,1.284635,-1.323807,-0.195052,-0.009204,-0.185848,-0.257866,1.826898,-2.084764,-0.048405,-0.012989,-0.035415,0.222917,-2.351662,2.574579,-0.368866,-0.012025,-0.356841,0.011424,-0.099054,0.117775,-0.422725,0.022443,0.438111,0.143286,-4.285971,11.251298,-4.086768,12.024498,-0.628921,1.593760,-1.362622
3.050196,-0.116096,-0.006800,-0.109296,-0.214022,-0.620073,0.406051,-0.106134,-0.004217,-0.101917,-1.345406,-2.121965,0.776559,-0.036749,-0.006524,-0.030225,1.123525,1.196444,-0.072919,0.498701,0.743433,-0.244732,-0.168358,-0.031604,-0.136753,-0.040486,1.284635,-1.325122,-0.193824,-0.009204,-0.184620,-0.262465,1.826898,-2.089363,-0.048191,-0.012989,-0.035202,0.227701,-2.351662,2.579363,-0.367550,-0.012025,-0.355526,-0.000156,-0.169907,0.133599,-0.518217,0.021284,0.540779,0.125921,-4.377366,11.268585,-4.175361,12.089336,-0.643380,1.635605,-1.390769
3.055295,-0.116096,-0.006800,-0.109296,-0.214022,-0.620073,0.406051,-0.106134,-0.004217,-0.101917,-1.345406,-2.121965,0.776559,-0.036749,-0.006524,-0.030225,1.123525,1.196444,-0.072919,0.498701,0.743433,-0.244732,-0.168358,-0.031604,-0.136753,-0.040486,1.284635,-1.325122,-0.193824,-0.009204,-0.184620,-0.262465,1.826898,-2.089363,-0.048191,-0.012989,-0.035202,0.227701,-2.351662,2.579363,-0.367550,-0.012025,-0.355526,-0.000156,-0.169907,0.133599,-0.518217,0.021284,0.540779,0.125921,-4.414193,11.360482,-4.211100,12.191282,-0.648749,1.649227,-1.402215
3.060421,-0.117777,-0.006800,-0.110977,-0.214436,-0.620073,0.405638,-0.108061,-0.004217,-0.103845,-1.348052,-2.121965,0.773913,-0.037229,-0.006524,-0.030705,1.125826,1.196444,-0.070618,0.495039,0.743433,-0.248394,-0.168393,-0.031604,-0.136789,-0.042470,1.284635,-1.327105,-0.192435,-0.009204,-0.183231,-0.268021,1.826898,-2.094919,-0.047986,-0.012989,-0.034996,0.233515,-2.351662,2.585178,-0.366361,-0.012025,-0.354336,0.001322,-0.202787,0.136084,-0.560611,0.019377,0.588850,0.119450,-4.512717,11.406686,-4.311945,12.271403,-0.663686,1.696807,-1.431824
3.065377,-0.117777,-0.006800,-0.110977,-0.214436,-0.620073,0.405638,-0.108061,-0.004217,-0.103845,-1.348052,-2.121965,0.773913,-0.037229,-0.006524,-0.030705,1.125826,1.196444,-0.070618,0.495039,0.743433,-0.248394,-0.168393,-0.031604,-0.136789,-0.042470,1.284635,-1.327105,-0.192435,-0.009204,-0.183231,-0.268021,1.826898,-2.094919,-0.047986,-0.012989,-0.034996,0.233515,-2.351662,2.585178,-0.366361,-0.012025,-0.354336,0.001322,-0.202787,0.136084,-0.560611,0.019377,0.588850,0.119450,-4.549602,11.497285,-4.347796,12.371968,-0.669064,1.710542,-1.443273
3.069813,-0.119466,-0.006800,-0.112666,-0.214872,-0.620073,0.405202,-0.109986,-0.004217,-0.105770,-1.350770,-2.121965,0.771195,-0.037710,-0.006524,-0.031186,1.128199,1.196444,-0.068245,0.491368,0.743433,-0.252065,-0.168259,-0.031604,-0.136655,-0.044335,1.284635,-1.328970,-0.191173,-0.009204,-0.181969,-0.273392,1.826898,-2.100290,-0.047807,-0.012989,-0.034818,0.239185,-2.351662,2.590847,-0.365099,-0.012025,-0.353074,0.025394,-0.168854,0.115371,-0.509691,0.016228,0.540836,0.132057,-4.647192,11.576259,-4.459047,12.458986,-0.683056,1.760863,-1.471542
3.074831,-0.119466,-0.006800,-0.112666,-0.214872,-0.620073,0.405202,-0.109986,-0.004217,-0.105770,-1.350770,-2.121965,0.771195,-0.037710,-0.006524,-0.031186,1.128199,1.196444,-0.068245,0.491368,0.743433,-0.252065,-0.168259,-0.031604,-0.136655,-0.044335,1.284635,-1.328970,-0.191173,-0.009204,-0.181969,-0.273392,1.826898,-2.100290,-0.047807,-0.012989,-0.034818,0.239185,-2.351662,2.590847,-0.365099,-0.012025,-0.353074,0.025394,-0.168854,0.115371,-0.509691,0.016228,0.540836,0.132057,-4.684420,11.666284,-4.495290,12.558978,-0.688485,1.774821,-1.483083
3.079790,-0.121139,-0.006800,-0.114339,-0.215321,-0.620073,0.404753,-0.111883,-0.004217,-0.107667,-1.353515,-2.121965,0.768450,-0.038185,-0.006524,-0.031661,1.130605,1.196444,-0.065839,0.487741,0.743433,-0.255692,-0.167888,-0.031604,-0.136283,-0.045848,1.284635,-1.330483,-0.190127,-0.009204,-0.180923,-0.278213,1.826898,-2.105111,-0.047661,-0.012989,-0.034672,0.244330,-2.351662,2.595992,-0.363723,-0.012025,-0.351698,0.049258,-0.135213,0.094837,-0.459209,0.013106,0.493236,0.144556,-4.785630,11.753818,-4.611101,12.656837,-0.703149,1.827169,-1.512578
3.085090,-0.121139,-0.006800,-0.114339,-0.215321,-0.620073,0.404753,-0.111883,-0.004217,-0.107667,-1.353515,-2.121965,0.768450,-0.038185,-0.006524,-0.031661,1.130605,1.196444,-0.065839,0.487741,0.743433,-0.255692,-0.167888,-0.031604,-0.136283,-0.045848,1.284635,-1.330483,-0.190127,-0.009204,-0.180923,-0.278213,1.826898,-2.105111,-0.047661,-0.012989,-0.034672,0.244330,-2.351662,2.595992,-0.363723,-0.012025,-0.351698,0.049258,-0.135213,0.094837,-0.459209,0.013106,0.493236,0.144556,-4.825705,11.849273,-4.650183,12.762939,-0.708996,1.842297,-1.524987
3.090115,-0.122829,-0.006800,-0.116029,-0.215789,-0.620073,0.404284,-0.113796,-0.004217,-0.109580,-1.356343,-2.121965,0.765622,-0.038665,-0.006524,-0.032141,1.133093,1.196444,-0.063351,0.484081,0.743433,-0.259351,-0.167269,-0.031604,-0.135665,-0.047039,1.284635,-1.331675,-0.189276,-0.009204,-0.180072,-0.282585,1.826898,-2.109484,-0.047545,-0.012989,-0.034556,0.249060,-2.351662,2.600722,-0.362201,-0.012025,-0.350176,0.073440,-0.101126,0.074030,-0.408056,0.009943,0.445003,0.157221,-4.929208,11.938900,-4.769876,12.864383,-0.724164,1.896507,-1.555282
3.094940,-0.122829,-0.006800,-0.116029,-0.215789,-0.620073,0.404284,-0.113796,-0.004217,-0.109580,-1.356343,-2.121965,0.765622,-0.038665,-0.006524,-0.032141,1.133093,1.196444,-0.063351,0.484081,0.743433,-0.259351,-0.167269,-0.031604,-0.135665,-0.047039,1.284635,-1.331675,-0.189276,-0.009204,-0.180072,-0.282585,1.826898,-2.109484,-0.047545,-0.012989,-0.034556,0.249060,-2.351662,2.600722,-0.362201,-0.012025,-0.350176,0.073440,-0.101126,0.074030,-0.408056,0.009943,0.445003,0.157221,-4.965734,12.024616,-4.805569,12.959740,-0.729497,1.910393,-1.566581
3.100092,-0.124489,-0.006800,-0.117688,-0.216262,-0.620073,0.403812,-0.115675,-0.004217,-0.111459,-1.359172,-2.121965,0.762793,-0.039137,-0.006524,-0.032613,1.135591,1.196444,-0.060853,0.480487,0.743433,-0.262946,-0.166420,-0.031604,-0.134816,-0.047878,1.284635,-1.332513,-0.188642,-0.009204,-0.179438,-0.286393,1.826898,-2.113291,-0.047462,-0.012989,-0.034472,0.253249,-2.351662,2.604912,-0.360576,-0.012025,-0.348551,0.097291,-0.067504,0.053508,-0.357602,0.006823,0.397429,0.169713,-5.069722,12.116726,-4.927098,13.065041,-0.744929,1.965366,-1.597192
3.105006,-0.124489,-0.006800,-0.117688,-0.216262,-0.620073,0.403812,-0.115675,-0.004217,-0.111459,-1.359172,-2.121965,0.762793,-0.039137,-0.006524,-0.032613,1.135591,1.196444,-0.060853,0.480487,0.743433,-0.262946,-0.166420,-0.031604,-0.134816,-0.047878,1.284635,-1.332513,-0.188642,-0.009204,-0.179438,-0.286393,1.826898,-2.113291,-0.047462,-0.012989,-0.034472,0.253249,-2.351662,2.604912,-0.360576,-0.012025,-0.348551,0.097291,-0.067504,0.053508,-0.357602,0.006823,0.397429,0.169713,-5.107619,12.204397,-4.964210,13.162660,-0.750466,1.979873,-1.608904
3.109872,-0.126155,-0.006800,-0.119355,-0.216746,-0.620073,0.403328,-0.117568,-0.004217,-0.113352,-1.362067,-2.121965,0.759898,-0.039614,-0.006524,-0.033090,1.138155,1.196444,-0.058289,0.476873,0.743433,-0.266560,-0.165322,-0.031604,-0.133717,-0.048386,1.284635,-1.333021,-0.188208,-0.009204,-0.179004,-0.289730,1.826898,-2.116628,-0.047409,-0.012989,-0.034420,0.257001,-2.351662,2.608663,-0.358807,-0.012025,-0.346782,0.121387,-0.033536,0.032774,-0.306629,0.003671,0.349365,0.182334,-5.210153,12.291364,-5.086381,13.263267,-0.765913,2.035222,-1.639223
3.114878,-0.126155,-0.006800,-0.119355,-0.216746,-0.620073,0.403328,-0.117568,-0.004217,-0.113352,-1.362067,-2.121965,0.759898,-0.039614,-0.006524,-0.033090,1.138155,1.196444,-0.058289,0.476873,0.743433,-0.266560,-0.165322,-0.031604,-0.133717,-0.048386,1.284635,-1.333021,-0.188208,-0.009204,-0.179004,-0.289730,1.826898,-2.116628,-0.047409,-0.012989,-0.034420,0.257001,-2.351662,2.608663,-0.358807,-0.012025,-0.346782,0.121387,-0.033536,0.032774,-0.306629,0.003671,0.349365,0.182334,-5.249224,12.380495,-5.124737,13.362607,-0.771628,2.050284,-1.651290
3.119986,-0.127811,-0.006800,-0.121011,-0.217233,-0.620073,0.402840,-0.119459,-0.004217,-0.115242,-1.364995,-2.121965,0.756970,-0.040090,-0.006524,-0.033566,1.140755,1.196444,-0.055688,0.473275,0.743433,-0.270158,-0.163980,-0.031604,-0.132376,-0.048552,1.284635,-1.333187,-0.187983,-0.009204,-0.178779,-0.292556,1.826898,-2.119454,-0.047388,-0.012989,-0.034399,0.260272,-2.351662,2.611934,-0.356911,-0.012025,-0.344886,0.145496,0.000450,0.012029,-0.255629,0.000517,0.301277,0.194961,-5.353784,12.472280,-5.251025,13.469464,-0.787626,2.107192,-1.682441
3.125030,-0.127811,-0.006800,-0.121011,-0.217233,-0.620073,0.402840,-0.119459,-0.004217,-0.115242,-1.364995,-2.121965,0.756970,-0.040090,-0.006524,-0.033566,1.140755,1.196444,-0.055688,0.473275,0.743433,-0.270158,-0.163980,-0.031604,-0.132376,-0.048552,1.284635,-1.333187,-0.187983,-0.009204,-0.178779,-0.292556,1.826898,-2.119454,-0.047388,-0.012989,-0.034399,0.260272,-2.351662,2.611934,-0.356911,-0.012025,-0.344886,0.145496,0.000450,0.012029,-0.255629,0.000517,0.301277,0.194961,-5.393607,12.561909,-5.290227,13.569460,-0.793460,2.122652,-1.694733
3.130189,-0.129432,-0.006800,-0.122632,-0.217715,-0.620073,0.402358,-0.121326,-0.004217,-0.117110,-1.367913,-2.121965,0.754052,-0.040561,-0.006524,-0.034037,1.143355,1.196444,-0.053088,0.469739,0.743433,-0.273694,-0.162434,-0.031604,-0.130829,-0.048396,1.284635,-1.333031,-0.187951,-0.009204,-0.178747,-0.294869,1.826898,-2.121767,-0.047395,-0.012989,-0.034405,0.263050,-2.351662,2.614712,-0.354920,-0.012025,-0.342895,0.159982,0.025736,-0.000949,-0.217713,-0.000646,0.265001,0.202955,-5.497881,12.649641,-5.414994,13.674622,-0.809728,2.179430,-1.725975
3.135801,-0.129432,-0.006800,-0.122632,-0.217715,-0.620073,0.402358,-0.121326,-0.004217,-0.117110,-1.367913,-2.121965,0.754052,-0.040561,-0.006524,-0.034037,1.143355,1.196444,-0.053088,0.469739,0.743433,-0.273694,-0.162434,-0.031604,-0.130829,-0.048396,1.284635,-1.333031,-0.187951,-0.009204,-0.178747,-0.294869,1.826898,-2.121767,-0.047395,-0.012989,-0.034405,0.263050,-2.351662,2.614712,-0.354920,-0.012025,-0.342895,0.159982,0.025736,-0.000949,-0.217713,-0.000646,0.265001,0.202955,-5.542867,12.749591,-5.459410,13.786247,-0.816329,2.197015,-1.739855
3.139961,-0.131038,-0.006800,-0.124238,-0.218194,-0.620073,0.401879,-0.123194,-0.004217,-0.118977,-1.370853,-2.121965,0.751112,-0.041032,-0.006524,-0.034508,1.145981,1.196444,-0.050462,0.466223,0.743433,-0.277210,-0.160850,-0.031604,-0.129245,-0.048083,1.284635,-1.332719,-0.187963,-0.009204,-0.178759,-0.296946,1.826898,-2.123844,-0.047391,-0.012989,-0.034401,0.265595,-2.351662,2.617257,-0.352901,-0.012025,-0.340876,0.158928,0.037212,-0.001412,-0.200571,0.001443,0.247443,0.203487,-5.640120,12.811448,-5.573207,13.866510,-0.831784,2.250817,-1.768942
3.145180,-0.131038,-0.006800,-0.124238,-0.218194,-0.620073,0.401879,-0.123194,-0.004217,-0.118977,-1.370853,-2.121965,0.751112,-0.041032,-0.006524,-0.034508,1.145981,1.196444,-0.050462,0.466223,0.743433,-0.277210,-0.160850,-0.031604,-0.129245,-0.048083,1.284635,-1.332719,-0.187963,-0.009204,-0.178759,-0.296946,1.826898,-2.123844,-0.047391,-0.012989,-0.034401,0.265595,-2.351662,2.617257,-0.352901,-0.012025,-0.340876,0.158928,0.037212,-0.001412,-0.200571,0.001443,0.247443,0.203487,-5.682331,12.904059,-5.615011,13.970046,-0.837988,2.267432,-1.781961
3.150186,-0.132639,-0.006800,-0.125839,-0.218673,-0.620073,0.401400,-0.125073,-0.004217,-0.120857,-1.373832,-2.121965,0.748133,-0.041505,-0.006524,-0.034982,1.148649,1.196444,-0.047795,0.462705,0.743433,-0.280728,-0.159266,-0.031604,-0.127661,-0.047654,1.284635,-1.332289,-0.187979,-0.009204,-0.178775,-0.298866,1.826898,-2.125764,-0.047366,-0.012989,-0.034376,0.267981,-2.351662,2.619643,-0.350864,-0.012025,-0.338839,0.157866,0.048762,-0.001877,-0.183316,0.003546,0.229769,0.204021,-5.787443,12.980931,-5.737720,14.067435,-0.854690,2.325151,-1.813533
3.155315,-0.132639,-0.006800,-0.125839,-0.218673,-0.620073,0.401400,-0.125073,-0.004217,-0.120857,-1.373832,-2.121965,0.748133,-0.041505,-0.006524,-0.034982,1.148649,1.196444,-0.047795,0.462705,0.743433,-0.280728,-0.159266,-0.031604,-0.127661,-0.047654,1.284635,-1.332289,-0.187979,-0.009204,-0.178775,-0.298866,1.826898,-2.125764,-0.047366,-0.012989,-0.034376,0.267981,-2.351662,2.619643,-0.350864,-0.012025,-0.338839,0.157866,0.048762,-0.001877,-0.183316,0.003546,0.229769,0.204021,-5.829212,13.071443,-5.779216,14.168730,-0.860840,2.341706,-1.826412
3.159845,-0.134224,-0.006800,-0.127424,-0.219147,-0.620073,0.400926,-0.126953,-0.004217,-0.122737,-1.376829,-2.121965,0.745136,-0.041979,-0.006524,-0.035455,1.151340,1.196444,-0.045103,0.459206,0.743433,-0.284227,-0.157692,-0.031604,-0.126088,-0.047108,1.284635,-1.331744,-0.188000,-0.009204,-0.178797,-0.300613,1.826898,-2.127511,-0.047320,-0.012989,-0.034330,0.270190,-2.351662,2.621853,-0.348821,-0.012025,-0.336796,0.156805,0.060314,-0.002343,-0.166060,0.005648,0.212094,0.204556,-5.931420,13.140838,-5.900084,14.257969,-0.877197,2.398988,-1.857158
3.165322,-0.134224,-0.006800,-0.127424,-0.219147,-0.620073,0.400926,-0.126953,-0.004217,-0.122737,-1.376829,-2.121965,0.745136,-0.041979,-0.006524,-0.035455,1.151340,1.196444,-0.045103,0.459206,0.743433,-0.284227,-0.157692,-0.031604,-0.126088,-0.047108,1.284635,-1.331744,-0.188000,-0.009204,-0.178797,-0.300613,1.826898,-2.127511,-0.047320,-0.012989,-0.034330,0.270190,-2.351662,2.621853,-0.348821,-0.012025,-0.336796,0.156805,0.060314,-0.002343,-0.166060,0.005648,0.212094,0.204556,-5.976303,13.236925,-5.944813,14.365615,-0.883817,2.416902,-1.870993
3.170122,-0.135796,-0.006800,-0.128996,-0.219616,-0.620073,0.400457,-0.128838,-0.004217,-0.124621,-1.379851,-2.121965,0.742114,-0.042453,-0.006524,-0.035929,1.154059,1.196444,-0.042385,0.455720,0.743433,-0.287713,-0.156126,-0.031604,-0.124522,-0.046446,1.284635,-1.331081,-0.188026,-0.009204,-0.178822,-0.302190,1.826898,-2.129089,-0.047253,-0.012989,-0.034263,0.272228,-2.351662,2.623890,-0.346768,-0.012025,-0.334743,0.155741,0.071893,-0.002809,-0.148764,0.007756,0.194377,0.205093,-6.081277,13.310826,-6.069550,14.460086,-0.900663,2.476028,-1.902659
3.175089,-0.135796,-0.006800,-0.128996,-0.219616,-0.620073,0.400457,-0.128838,-0.004217,-0.124621,-1.379851,-2.121965,0.742114,-0.042453,-0.006524,-0.035929,1.154059,1.196444,-0.042385,0.455720,0.743433,-0.287713,-0.156126,-0.031604,-0.124522,-0.046446,1.284635,-1.331081,-0.188026,-0.009204,-0.178822,-0.302190,1.826898,-2.129089,-0.047253,-0.012989,-0.034263,0.272228,-2.351662,2.623890,-0.346768,-0.012025,-0.334743,0.155741,0.071893,-0.002809,-0.148764,0.007756,0.194377,0.205093,-6.122779,13.398625,-6.111042,14.558548,-0.906795,2.492706,-1.915450
3.179909,-0.137346,-0.006800,-0.130546,-0.220075,-0.620073,0.399998,-0.130714,-0.004217,-0.126497,-1.382873,-2.121965,0.739092,-0.042924,-0.006524,-0.036400,1.156784,1.196444,-0.039659,0.452270,0.743433,-0.291163,-0.154577,-0.031604,-0.122973,-0.045671,1.284635,-1.330306,-0.188057,-0.009204,-0.178853,-0.303589,1.826898,-2.130487,-0.047165,-0.012989,-0.034175,0.274079,-2.351662,2.625741,-0.344719,-0.012025,-0.332694,0.154682,0.083418,-0.003274,-0.131548,0.009854,0.176743,0.205626,-6.228035,13.472913,-6.237042,14.653488,-0.923749,2.552542,-1.947277
3.184883,-0.137346,-0.006800,-0.130546,-0.220075,-0.620073,0.399998,-0.130714,-0.004217,-0.126497,-1.382873,-2.121965,0.739092,-0.042924,-0.006524,-0.036400,1.156784,1.196444,-0.039659,0.452270,0.743433,-0.291163,-0.154577,-0.031604,-0.122973,-0.045671,1.284635,-1.330306,-0.188057,-0.009204,-0.178853,-0.303589,1.826898,-2.130487,-0.047165,-0.012989,-0.034175,0.274079,-2.351662,2.625741,-0.344719,-0.012025,-0.332694,0.154682,0.083418,-0.003274,-0.131548,0.009854,0.176743,0.205626,-6.270082,13.560842,-6.279215,14.752196,-0.929973,2.569554,-1.960233
3.189976,-0.138899,-0.006800,-0.132099,-0.220532,-0.620073,0.399541,-0.132613,-0.004217,-0.128396,-1.385944,-2.121965,0.736021,-0.043400,-0.006524,-0.036876,1.159560,1.196444,-0.036884,0.448801,0.743433,-0.294632,-0.153021,-0.031604,-0.121417,-0.044770,1.284635,-1.329405,-0.188092,-0.009204,-0.178888,-0.304829,1.826898,-2.131727,-0.047055,-0.012989,-0.034065,0.275773,-2.351662,2.627435,-0.342640,-0.012025,-0.330615,0.153610,0.095079,-0.003744,-0.114127,0.011977,0.158899,0.206167,-6.379130,13.640498,-6.410376,14.853327,-0.947575,2.631801,-1.993293
3.195136,-0.138899,-0.006800,-0.132099,-0.220532,-0.620073,0.399541,-0.132613,-0.004217,-0.128396,-1.385944,-2.121965,0.736021,-0.043400,-0.006524,-0.036876,1.159560,1.196444,-0.036884,0.448801,0.743433,-0.294632,-0.153021,-0.031604,-0.121417,-0.044770,1.284635,-1.329405,-0.188092,-0.009204,-0.178888,-0.304829,1.826898,-2.131727,-0.047055,-0.012989,-0.034065,0.275773,-2.351662,2.627435,-0.342640,-0.012025,-0.330615,0.153610,0.095079,-0.003744,-0.114127,0.011977,0.158899,0.206167,-6.422738,13.730655,-6.454259,14.954639,-0.954042,2.649566,-2.006728
3.200266,-0.140410,-0.006800,-0.133610,-0.220972,-0.620073,0.399102,-0.134479,-0.004217,-0.130263,-1.388975,-2.121965,0.732990,-0.043866,-0.006524,-0.037342,1.162304,1.196444,-0.034139,0.445410,0.743433,-0.298022,-0.151502,-0.031604,-0.119898,-0.043769,1.284635,-1.328405,-0.188132,-0.009204,-0.178928,-0.305877,1.826898,-2.132775,-0.046925,-0.012989,-0.033936,0.277263,-2.351662,2.628925,-0.340591,-0.012025,-0.328566,0.152557,0.106543,-0.004206,-0.097003,0.014063,0.141359,0.206697,-6.531703,13.811837,-6.586097,15.057255,-0.971672,2.712126,-2.039843
3.205344,-0.140410,-0.006800,-0.133610,-0.220972,-0.620073,0.399102,-0.134479,-0.004217,-0.130263,-1.388975,-2.121965,0.732990,-0.043866,-0.006524,-0.037342,1.162304,1.196444,-0.034139,0.445410,0.743433,-0.298022,-0.151502,-0.031604,-0.119898,-0.043769,1.284635,-1.328405,-0.188132,-0.009204,-0.178928,-0.305877,1.826898,-2.132775,-0.046925,-0.012989,-0.033936,0.277263,-2.351662,2.628925,-0.340591,-0.012025,-0.328566,0.152557,0.106543,-0.004206,-0.097003,0.014063,0.141359,0.206697,-6.575463,13.901321,-6.630277,15.157908,-0.978172,2.730071,-2.053325
3.209876,-0.141937,-0.006800,-0.135137,-0.221409,-0.620073,0.398664,-0.136385,-0.004217,-0.132169,-1.392078,-2.121965,0.729887,-0.044340,-0.006524,-0.037817,1.165120,1.196444,-0.031324,0.441971,0.743433,-0.301462,-0.149963,-0.031604,-0.118358,-0.042632,1.284635,-1.327268,-0.188176,-0.009204,-0.178972,-0.306772,1.826898,-2.133671,-0.046772,-0.012989,-0.033783,0.278606,-2.351662,2.630268,-0.338495,-0.012025,-0.326470,0.150798,0.115965,-0.003838,-0.082659,0.016042,0.126751,0.206977,-6.680992,13.970683,-6.759857,15.248508,-0.995421,2.792191,-2.085500
3.214894,-0.141937,-0.006800,-0.135137,-0.221409,-0.620073,0.398664,-0.136385,-0.004217,-0.132169,-1.392078,-2.121965,0.729887,-0.044340,-0.006524,-0.037817,1.165120,1.196444,-0.031324,0.441971,0.743433,-0.301462,-0.149963,-0.031604,-0.118358,-0.042632,1.284635,-1.327268,-0.188176,-0.009204,-0.178972,-0.306772,1.826898,-2.133671,-0.046772,-0.012989,-0.033783,0.278606,-2.351662,2.630268,-0.338495,-0.012025,-0.326470,0.150798,0.115965,-0.003838,-0.082659,0.016042,0.126751,0.206977,-6.724555,14.058793,-6.803986,15.347712,-1.001904,2.810175,-2.098920
3.219781,-0.143425,-0.006800,-0.136625,-0.221829,-0.620073,0.398245,-0.138262,-0.004217,-0.134045,-1.395141,-2.121965,0.726824,-0.044806,-0.006524,-0.038282,1.167904,1.196444,-0.028539,0.438606,0.743433,-0.304827,-0.148493,-0.031604,-0.116889,-0.041515,1.284635,-1.326150,-0.188181,-0.009204,-0.178977,-0.307644,1.826898,-2.134542,-0.046608,-0.012989,-0.033619,0.279922,-2.351662,2.631584,-0.336440,-0.012025,-0.324415,0.143927,0.108118,0.002836,-0.092094,0.016850,0.137140,0.205279,-6.831197,14.121749,-6.932247,15.439378,-1.019637,2.872984,-2.131897
3.224914,-0.143425,-0.006800,-0.136625,-0.221829,-0.620073,0.398245,-0.138262,-0.004217,-0.134045,-1.395141,-2.121965,0.726824,-0.044806,-0.006524,-0.038282,1.167904,1.196444,-0.028539,0.438606,0.743433,-0.304827,-0.148493,-0.031604,-0.116889,-0.041515,1.284635,-1.326150,-0.188181,-0.009204,-0.178977,-0.307644,1.826898,-2.134542,-0.046608,-0.012989,-0.033619,0.279922,-2.351662,2.631584,-0.336440,-0.012025,-0.324415,0.143927,0.108118,0.002836,-0.092094,0.016850,0.137140,0.205279,-6.874877,14.209169,-6.976641,15.537895,-1.026149,2.891135,-2.145353
3.229989,-0.144944,-0.006800,-0.138144,-0.222250,-0.620073,0.397823,-0.140197,-0.004217,-0.135980,-1.398309,-2.121965,0.723656,-0.045284,-0.006524,-0.038761,1.170790,1.196444,-0.025653,0.435157,0.743433,-0.308276,-0.147050,-0.031604,-0.115445,-0.040445,1.284635,-1.325080,-0.188116,-0.009204,-0.178912,-0.308641,1.826898,-2.135539,-0.046431,-0.012989,-0.033441,0.281387,-2.351662,2.633049,-0.334338,-0.012025,-0.322313,0.136840,0.100024,0.009719,-0.101825,0.017684,0.147854,0.203528,-6.987031,14.276694,-7.111745,15.635009,-1.044801,2.957732,-2.180042
3.235035,-0.144944,-0.006800,-0.138144,-0.222250,-0.620073,0.397823,-0.140197,-0.004217,-0.135980,-1.398309,-2.121965,0.723656,-0.045284,-0.006524,-0.038761,1.170790,1.196444,-0.025653,0.435157,0.743433,-0.308276,-0.147050,-0.031604,-0.115445,-0.040445,1.284635,-1.325080,-0.188116,-0.009204,-0.178912,-0.308641,1.826898,-2.135539,-0.046431,-0.012989,-0.033441,0.281387,-2.351662,2.633049,-0.334338,-0.012025,-0.322313,0.136840,0.100024,0.009719,-0.101825,0.017684,0.147854,0.203528,-7.031991,14.365717,-7.157594,15.735423,-1.051516,2.976543,-2.193892
3.240305,-0.146348,-0.006800,-0.139548,-0.222633,-0.620073,0.397440,-0.141999,-0.004217,-0.137783,-1.401273,-2.121965,0.720692,-0.045729,-0.006524,-0.039205,1.173495,1.196444,-0.022949,0.431961,0.743433,-0.311471,-0.145769,-0.031604,-0.114165,-0.039522,1.284635,-1.324157,-0.187993,-0.009204,-0.178789,-0.309660,1.826898,-2.136559,-0.046257,-0.012989,-0.033268,0.282852,-2.351662,2.634515,-0.332395,-0.012025,-0.320370,0.130234,0.092480,0.016135,-0.110895,0.018461,0.157842,0.201896,-7.141243,14.436192,-7.288860,15.834159,-1.069637,3.041466,-2.227679
3.245216,-0.146348,-0.006800,-0.139548,-0.222633,-0.620073,0.397440,-0.141999,-0.004217,-0.137783,-1.401273,-2.121965,0.720692,-0.045729,-0.006524,-0.039205,1.173495,1.196444,-0.022949,0.431961,0.743433,-0.311471,-0.145769,-0.031604,-0.114165,-0.039522,1.284635,-1.324157,-0.187993,-0.009204,-0.178789,-0.309660,1.826898,-2.136559,-0.046257,-0.012989,-0.033268,0.282852,-2.351662,2.634515,-0.332395,-0.012025,-0.320370,0.130234,0.092480,0.016135,-0.110895,0.018461,0.157842,0.201896,-7.185240,14.522454,-7.333865,15.931538,-1.076218,3.059991,-2.241232
3.250079,-0.147813,-0.006800,-0.141013,-0.223028,-0.620073,0.397046,-0.143897,-0.004217,-0.139680,-1.404406,-2.121965,0.717559,-0.046195,-0.006524,-0.039671,1.176359,1.196444,-0.020085,0.428615,0.743433,-0.314818,-0.144489,-0.031604,-0.112885,-0.038628,1.284635,-1.323264,-0.187796,-0.009204,-0.178592,-0.310828,1.826898,-2.137727,-0.046067,-0.012989,-0.033077,0.284499,-2.351662,2.636162,-0.330365,-0.012025,-0.318340,0.123276,0.084532,0.022894,-0.120450,0.019280,0.168363,0.200176,-7.295030,14.584454,-7.467196,16.021452,-1.094539,3.127072,-2.275183
3.255332,-0.147813,-0.006800,-0.141013,-0.223028,-0.620073,0.397046,-0.143897,-0.004217,-0.139680,-1.404406,-2.121965,0.717559,-0.046195,-0.006524,-0.039671,1.176359,1.196444,-0.020085,0.428615,0.743433,-0.314818,-0.144489,-0.031604,-0.112885,-0.038628,1.284635,-1.323264,-0.187796,-0.009204,-0.178592,-0.310828,1.826898,-2.137727,-0.046067,-0.012989,-0.033077,0.284499,-2.351662,2.636162,-0.330365,-0.012025,-0.318340,0.123276,0.084532,0.022894,-0.120450,0.019280,0.168363,0.200176,-7.341762,14.675144,-7.515150,16.123915,-1.101541,3.146881,-2.289579
3.260070,-0.149260,-0.006800,-0.142460,-0.223412,-0.620073,0.396661,-0.145784,-0.004217,-0.141567,-1.407537,-2.121965,0.714428,-0.046657,-0.006524,-0.040133,1.179228,1.196444,-0.017215,0.425304,0.743433,-0.318129,-0.143285,-0.031604,-0.111680,-0.037818,1.284635,-1.322454,-0.187532,-0.009204,-0.178328,-0.312087,1.826898,-2.138985,-0.045869,-0.012989,-0.032879,0.286245,-2.351662,2.637907,-0.328361,-0.012025,-0.316336,0.116348,0.076619,0.029623,-0.129964,0.020096,0.178838,0.198464,-7.451587,14.736010,-7.648823,16.212198,-1.119875,3.214830,-2.323523
3.265448,-0.149260,-0.006800,-0.142460,-0.223412,-0.620073,0.396661,-0.145784,-0.004217,-0.141567,-1.407537,-2.121965,0.714428,-0.046657,-0.006524,-0.040133,1.179228,1.196444,-0.017215,0.425304,0.743433,-0.318129,-0.143285,-0.031604,-0.111680,-0.037818,1.284635,-1.322454,-0.187532,-0.009204,-0.178328,-0.312087,1.826898,-2.138985,-0.045869,-0.012989,-0.032879,0.286245,-2.351662,2.637907,-0.328361,-0.012025,-0.316336,0.116348,0.076619,0.029623,-0.129964,0.020096,0.178838,0.198464,-7.500288,14.829577,-7.698953,16.317994,-1.127184,3.235613,-2.338524
3.270142,-0.150690,-0.006800,-0.143890,-0.223787,-0.620073,0.396286,-0.147661,-0.004217,-0.143445,-1.410671,-2.121965,0.711294,-0.047116,-0.006524,-0.040592,1.182106,1.196444,-0.014338,0.422023,0.743433,-0.321410,-0.142153,-0.031604,-0.110549,-0.037090,1.284635,-1.321725,-0.187201,-0.009204,-0.177997,-0.313437,1.826898,-2.140335,-0.045663,-0.012989,-0.032674,0.288089,-2.351662,2.639752,-0.326380,-0.012025,-0.314355,0.109441,0.068732,0.036331,-0.139447,0.020908,0.189280,0.196758,-7.609957,14.888700,-7.832720,16.404013,-1.145496,3.304383,-2.372391
3.275203,-0.150690,-0.006800,-0.143890,-0.223787,-0.620073,0.396286,-0.147661,-0.004217,-0.143445,-1.410671,-2.121965,0.711294,-0.047116,-0.006524,-0.040592,1.182106,1.196444,-0.014338,0.422023,0.743433,-0.321410,-0.142153,-0.031604,-0.110549,-0.037090,1.284635,-1.321725,-0.187201,-0.009204,-0.177997,-0.313437,1.826898,-2.140335,-0.045663,-0.012989,-0.032674,0.288089,-2.351662,2.639752,-0.326380,-0.012025,-0.314355,0.109441,0.068732,0.036331,-0.139447,0.020908,0.189280,0.196758,-7.656376,14.977003,-7.880643,16.503934,-1.152473,3.324324,-2.386690
3.280019,-0.152083,-0.006800,-0.145283,-0.224149,-0.620073,0.395924,-0.149501,-0.004217,-0.145285,-1.413762,-2.121965,0.708203,-0.047564,-0.006524,-0.041040,1.184949,1.196444,-0.011494,0.418822,0.743433,-0.324611,-0.141110,-0.031604,-0.109506,-0.036452,1.284635,-1.321087,-0.186811,-0.009204,-0.177607,-0.314855,1.826898,-2.141753,-0.045454,-0.012989,-0.032464,0.290002,-2.351662,2.641664,-0.324453,-0.012025,-0.312428,0.102663,0.060990,0.042915,-0.148756,0.021706,0.199529,0.195083,-7.766707,15.038223,-8.014949,16.591778,-1.170850,3.393920,-2.420721
3.285216,-0.152083,-0.006800,-0.145283,-0.224149,-0.620073,0.395924,-0.149501,-0.004217,-0.145285,-1.413762,-2.121965,0.708203,-0.047564,-0.006524,-0.041040,1.184949,1.196444,-0.011494,0.418822,0.743433,-0.324611,-0.141110,-0.031604,-0.109506,-0.036452,1.284635,-1.321087,-0.186811,-0.009204,-0.177607,-0.314855,1.826898,-2.141753,-0.045454,-0.012989,-0.032464,0.290002,-2.351662,2.641664,-0.324453,-0.012025,-0.312428,0.102663,0.060990,0.042915,-0.148756,0.021706,0.199529,0.195083,-7.814812,15.128859,-8.064756,16.694413,-1.178091,3.414722,-2.435538
3.289954,-0.153490,-0.006800,-0.146689,-0.224511,-0.620073,0.395563,-0.151367,-0.004217,-0.147151,-1.416918,-2.121965,0.705047,-0.048017,-0.006524,-0.041494,1.187860,1.196444,-0.008584,0.415587,0.743433,-0.327846,-0.140118,-0.031604,-0.108513,-0.035881,1.284635,-1.320517,-0.186349,-0.009204,-0.177145,-0.316390,1.826898,-2.143288,-0.045233,-0.012989,-0.032243,0.292049,-2.351662,2.643712,-0.322510,-0.012025,-0.310485,0.095771,0.053119,0.049609,-0.158219,0.022517,0.209949,0.193380,-7.926510,15.188161,-8.200977,16.780233,-1.196695,3.486251,-2.469944
3.294952,-0.153490,-0.006800,-0.146689,-0.224511,-0.620073,0.395563,-0.151367,-0.004217,-0.147151,-1.416918,-2.121965,0.705047,-0.048017,-0.006524,-0.041494,1.187860,1.196444,-0.008584,0.415587,0.743433,-0.327846,-0.140118,-0.031604,-0.108513,-0.035881,1.284635,-1.320517,-0.186349,-0.009204,-0.177145,-0.316390,1.826898,-2.143288,-0.045233,-0.012989,-0.032243,0.292049,-2.351662,2.643712,-0.322510,-0.012025,-0.310485,0.095771,0.053119,0.049609,-0.158219,0.022517,0.209949,0.193380,-7.972893,15.274713,-8.249137,16.878313,-1.203686,3.506443,-2.484229
3.299946,-0.154890,-0.006800,-0.148089,-0.224868,-0.620073,0.395206,-0.153233,-0.004217,-0.149016,-1.420098,-2.121965,0.701867,-0.048470,-0.006524,-0.041946,1.190798,1.196444,-0.005645,0.412363,0.743433,-0.331070,-0.139192,-0.031604,-0.107588,-0.035388,1.284635,-1.320024,-0.185818,-0.009204,-0.176614,-0.318024,1.826898,-2.144922,-0.045003,-0.012989,-0.032013,0.294207,-2.351662,2.645869,-0.320580,-0.012025,-0.308555,0.088862,0.045229,0.056319,-0.167705,0.023330,0.220394,0.191673,-8.088246,15.338343,-8.389283,16.968953,-1.222826,3.580620,-2.519700
3.304964,-0.154890,-0.006800,-0.148089,-0.224868,-0.620073,0.395206,-0.153233,-0.004217,-0.149016,-1.420098,-2.121965,0.701867,-0.048470,-0.006524,-0.041946,1.190798,1.196444,-0.005645,0.412363,0.743433,-0.331070,-0.139192,-0.031604,-0.107588,-0.035388,1.284635,-1.320024,-0.185818,-0.009204,-0.176614,-0.318024,1.826898,-2.144922,-0.045003,-0.012989,-0.032013,0.294207,-2.351662,2.645869,-0.320580,-0.012025,-0.308555,0.088862,0.045229,0.056319,-0.167705,0.023330,0.220394,0.191673,-8.134982,15.424718,-8.437942,17.066902,-1.229881,3.601103,-2.534093
3.309758,-0.156273,-0.006800,-0.149473,-0.225219,-0.620073,0.394855,-0.155083,-0.004217,-0.150866,-1.423278,-2.121965,0.698687,-0.048917,-0.006524,-0.042394,1.193743,1.196444,-0.002700,0.409176,0.743433,-0.334257,-0.138340,-0.031604,-0.106736,-0.034976,1.284635,-1.319612,-0.185223,-0.009204,-0.176019,-0.319743,1.826898,-2.146641,-0.044766,-0.012989,-0.031777,0.296456,-2.351662,2.648119,-0.318677,-0.012025,-0.306652,0.081990,0.037380,0.062994,-0.177142,0.024139,0.230784,0.189975,-8.249260,15.484933,-8.576861,17.153483,-1.248822,3.675698,-2.569161
3.315394,-0.156273,-0.006800,-0.149473,-0.225219,-0.620073,0.394855,-0.155083,-0.004217,-0.150866,-1.423278,-2.121965,0.698687,-0.048917,-0.006524,-0.042394,1.193743,1.196444,-0.002700,0.409176,0.743433,-0.334257,-0.138340,-0.031604,-0.106736,-0.034976,1.284635,-1.319612,-0.185223,-0.009204,-0.176019,-0.319743,1.826898,-2.146641,-0.044766,-0.012989,-0.031777,0.296456,-2.351662,2.648119,-0.318677,-0.012025,-0.306652,0.081990,0.037380,0.062994,-0.177142,0.024139,0.230784,0.189975,-8.302745,15.582852,-8.632694,17.264597,-1.256905,3.699296,-2.585630
3.320024,-0.157659,-0.006800,-0.150859,-0.225568,-0.620073,0.394505,-0.156941,-0.004217,-0.152724,-1.426500,-2.121965,0.695465,-0.049366,-0.006524,-0.042842,1.196734,1.196444,0.000290,0.405983,0.743433,-0.337449,-0.137551,-0.031604,-0.105947,-0.034640,1.284635,-1.319276,-0.184556,-0.009204,-0.175352,-0.321570,1.826898,-2.148468,-0.044520,-0.012989,-0.031530,0.298827,-2.351662,2.650489,-0.316777,-0.012025,-0.304752,0.075485,0.030150,0.069302,-0.185718,0.024934,0.240279,0.188389,-8.416678,15.639385,-8.771500,17.346736,-1.275761,3.774979,-2.620494
3.325768,-0.157659,-0.006800,-0.150859,-0.225568,-0.620073,0.394505,-0.156941,-0.004217,-0.152724,-1.426500,-2.121965,0.695465,-0.049366,-0.006524,-0.042842,1.196734,1.196444,0.000290,0.405983,0.743433,-0.337449,-0.137551,-0.031604,-0.105947,-0.034640,1.284635,-1.319276,-0.184556,-0.009204,-0.175352,-0.321570,1.826898,-2.148468,-0.044520,-0.012989,-0.031530,0.298827,-2.351662,2.650489,-0.316777,-0.012025,-0.304752,0.075485,0.030150,0.069302,-0.185718,0.024934,0.240279,0.188389,-8.471376,15.738583,-8.828744,17.459376,-1.284037,3.799276,-2.637334
3.330567,-0.159031,-0.006800,-0.152231,-0.225913,-0.620073,0.394160,-0.158783,-0.004217,-0.154566,-1.429725,-2.121965,0.692240,-0.049810,-0.006524,-0.043286,1.199735,1.196444,0.003291,0.402824,0.743433,-0.340608,-0.136799,-0.031604,-0.105195,-0.034327,1.284635,-1.318962,-0.183861,-0.009204,-0.174657,-0.323404,1.826898,-2.150303,-0.044268,-0.012989,-0.031278,0.301209,-2.351662,2.652871,-0.314892,-0.012025,-0.302867,0.074940,0.032562,0.069661,-0.181050,0.025457,0.235925,0.188580,-8.587999,15.804724,-8.973037,17.547372,-1.303140,3.877220,-2.672783
3.334899,-0.159031,-0.006800,-0.152231,-0.225913,-0.620073,0.394160,-0.158783,-0.004217,-0.154566,-1.429725,-2.121965,0.692240,-0.049810,-0.006524,-0.043286,1.199735,1.196444,0.003291,0.402824,0.743433,-0.340608,-0.136799,-0.031604,-0.105195,-0.034327,1.284635,-1.318962,-0.183861,-0.009204,-0.174657,-0.323404,1.826898,-2.150303,-0.044268,-0.012989,-0.031278,0.301209,-2.351662,2.652871,-0.314892,-0.012025,-0.302867,0.074940,0.032562,0.069661,-0.181050,0.025457,0.235925,0.188580,-8.630232,15.880607,-9.017345,17.633595,-1.309538,3.896107,-2.685784
3.340081,-0.160398,-0.006800,-0.153598,-0.226255,-0.620073,0.393818,-0.160621,-0.004217,-0.156405,-1.432974,-2.121965,0.688991,-0.050252,-0.006524,-0.043728,1.202764,1.196444,0.006320,0.399679,0.743433,-0.343754,-0.136051,-0.031604,-0.104447,-0.033988,1.284635,-1.318624,-0.183161,-0.009204,-0.173957,-0.325195,1.826898,-2.152093,-0.044010,-0.012989,-0.031020,0.303551,-2.351662,2.655213,-0.313002,-0.012025,-0.300977,0.074393,0.034978,0.070021,-0.176374,0.025981,0.231565,0.188771,-8.751611,15.953728,-9.167026,17.729612,-1.329361,3.977171,-2.722670
3.345224,-0.160398,-0.006800,-0.153598,-0.226255,-0.620073,0.393818,-0.160621,-0.004217,-0.156405,-1.432974,-2.121965,0.688991,-0.050252,-0.006524,-0.043728,1.202764,1.196444,0.006320,0.399679,0.743433,-0.343754,-0.136051,-0.031604,-0.104447,-0.033988,1.284635,-1.318624,-0.183161,-0.009204,-0.173957,-0.325195,1.826898,-2.152093,-0.044010,-0.012989,-0.031020,0.303551,-2.351662,2.655213,-0.313002,-0.012025,-0.300977,0.074393,0.034978,0.070021,-0.176374,0.025981,0.231565,0.188771,-8.801667,16.042843,-9.219668,17.830937,-1.336953,3.999707,-2.738076
3.350062,-0.161747,-0.006800,-0.154947,-0.226592,-0.620073,0.393482,-0.162439,-0.004217,-0.158223,-1.436216,-2.121965,0.685749,-0.050688,-0.006524,-0.044165,1.205793,1.196444,0.009350,0.396576,0.743433,-0.346856,-0.135314,-0.031604,-0.103710,-0.033629,1.284635,-1.318264,-0.182463,-0.009204,-0.173259,-0.326925,1.826898,-2.153824,-0.043749,-0.012989,-0.030760,0.305831,-2.351662,2.657494,-0.311124,-0.012025,-0.299099,0.073851,0.037375,0.070379,-0.171733,0.026501,0.227237,0.188961,-8.919984,16.110190,-9.366334,17.920351,-1.356296,4.080162,-2.773995
3.354964,-0.161747,-0.006800,-0.154947,-0.226592,-0.620073,0.393482,-0.162439,-0.004217,-0.158223,-1.436216,-2.121965,0.685749,-0.050688,-0.006524,-0.044165,1.205793,1.196444,0.009350,0.396576,0.743433,-0.346856,-0.135314,-0.031604,-0.103710,-0.033629,1.284635,-1.318264,-0.182463,-0.009204,-0.173259,-0.326925,1.826898,-2.153824,-0.043749,-0.012989,-0.030760,0.305831,-2.351662,2.657494,-0.311124,-0.012025,-0.299099,0.073851,0.037375,0.070379,-0.171733,0.026501,0.227237,0.188961,-8.968014,16.194933,-9.416965,18.016767,-1.363588,4.101930,-2.788775
3.360107,-0.163102,-0.006800,-0.156302,-0.226927,-0.620073,0.393146,-0.164267,-0.004217,-0.160051,-1.439506,-2.121965,0.682459,-0.051126,-0.006524,-0.044602,1.208875,1.196444,0.012431,0.393463,0.743433,-0.349970,-0.134576,-0.031604,-0.102971,-0.033241,1.284635,-1.317877,-0.181755,-0.009204,-0.172551,-0.328626,1.826898,-2.155524,-0.043480,-0.012989,-0.030491,0.308090,-2.351662,2.659753,-0.309226,-0.012025,-0.297201,0.073304,0.039796,0.070739,-0.167048,0.027026,0.222867,0.189152,-9.090700,16.267305,-9.568809,18.112060,-1.383599,4.185596,-2.826003
3.365225,-0.163102,-0.006800,-0.156302,-0.226927,-0.620073,0.393146,-0.164267,-0.004217,-0.160051,-1.439506,-2.121965,0.682459,-0.051126,-0.006524,-0.044602,1.208875,1.196444,0.012431,0.393463,0.743433,-0.349970,-0.134576,-0.031604,-0.102971,-0.033241,1.284635,-1.317877,-0.181755,-0.009204,-0.172551,-0.328626,1.826898,-2.155524,-0.043480,-0.012989,-0.030491,0.308090,-2.351662,2.659753,-0.309226,-0.012025,-0.297201,0.073304,0.039796,0.070739,-0.167048,0.027026,0.222867,0.189152,-9.141301,16.355787,-9.622275,18.212794,-1.391290,4.208682,-2.841572
3.370041,-0.164459,-0.006800,-0.157659,-0.227261,-0.620073,0.392812,-0.166102,-0.004217,-0.161886,-1.442839,-2.121965,0.679126,-0.051565,-0.006524,-0.045041,1.212003,1.196444,0.015559,0.390344,0.743433,-0.353088,-0.133837,-0.031604,-0.102232,-0.032826,1.284635,-1.317462,-0.181038,-0.009204,-0.171834,-0.330292,1.826898,-2.157190,-0.043204,-0.012989,-0.030215,0.310323,-2.351662,2.661985,-0.307312,-0.012025,-0.295287,0.072752,0.042235,0.071103,-0.162327,0.027554,0.218464,0.189345,-9.262258,16.422720,-9.772828,18.302016,-1.411038,4.292769,-2.878231
3.375285,-0.164459,-0.006800,-0.157659,-0.227261,-0.620073,0.392812,-0.166102,-0.004217,-0.161886,-1.442839,-2.121965,0.679126,-0.051565,-0.006524,-0.045041,1.212003,1.196444,0.015559,0.390344,0.743433,-0.353088,-0.133837,-0.031604,-0.102232,-0.032826,1.284635,-1.317462,-0.181038,-0.009204,-0.171834,-0.330292,1.826898,-2.157190,-0.043204,-0.012989,-0.030215,0.310323,-2.351662,2.661985,-0.307312,-0.012025,-0.295287,0.072752,0.042235,0.071103,-0.162327,0.027554,0.218464,0.189345,-9.314094,16.512558,-9.827725,18.404359,-1.418924,4.316578,-2.894177
3.380232,-0.165772,-0.006800,-0.158972,-0.227582,-0.620073,0.392491,-0.167879,-0.004217,-0.163663,-1.446095,-2.121965,0.675870,-0.051988,-0.006524,-0.045464,1.215065,1.196444,0.018622,0.387331,0.743433,-0.356102,-0.133124,-0.031604,-0.101519,-0.032399,1.284635,-1.317035,-0.180337,-0.009204,-0.171133,-0.331866,1.826898,-2.158764,-0.042931,-0.012989,-0.029941,0.312450,-2.351662,2.664112,-0.305448,-0.012025,-0.293424,0.072216,0.044606,0.071456,-0.157737,0.028069,0.214183,0.189533,-9.434520,16.581331,-9.977432,18.495315,-1.438541,4.400585,-2.930656
3.385581,-0.165772,-0.006800,-0.158972,-0.227582,-0.620073,0.392491,-0.167879,-0.004217,-0.163663,-1.446095,-2.121965,0.675870,-0.051988,-0.006524,-0.045464,1.215065,1.196444,0.018622,0.387331,0.743433,-0.356102,-0.133124,-0.031604,-0.101519,-0.032399,1.284635,-1.317035,-0.180337,-0.009204,-0.171133,-0.331866,1.826898,-2.158764,-0.042931,-0.012989,-0.029941,0.312450,-2.351662,2.664112,-0.305448,-0.012025,-0.293424,0.072216,0.044606,0.071456,-0.157737,0.028069,0.214183,0.189533,-9.488061,16.673334,-10.034261,18.600190,-1.446694,4.425337,-2.947123
3.390150,-0.167106,-0.006800,-0.160306,-0.227905,-0.620073,0.392168,-0.169687,-0.004217,-0.165471,-1.449438,-2.121965,0.672527,-0.052418,-0.006524,-0.045894,1.218215,1.196444,0.021772,0.384272,0.743433,-0.359161,-0.132401,-0.031604,-0.100797,-0.031939,1.284635,-1.316574,-0.179617,-0.009204,-0.170413,-0.333427,1.826898,-2.160325,-0.042646,-0.012989,-0.029657,0.314580,-2.351662,2.666242,-0.303543,-0.012025,-0.291518,0.071668,0.047029,0.071817,-0.153047,0.028594,0.209810,0.189725,-9.608285,16.737580,-10.184568,18.686236,-1.466290,4.510842,-2.983492
3.395180,-0.167106,-0.006800,-0.160306,-0.227905,-0.620073,0.392168,-0.169687,-0.004217,-0.165471,-1.449438,-2.121965,0.672527,-0.052418,-0.006524,-0.045894,1.218215,1.196444,0.021772,0.384272,0.743433,-0.359161,-0.132401,-0.031604,-0.100797,-0.031939,1.284635,-1.316574,-0.179617,-0.009204,-0.170413,-0.333427,1.826898,-2.160325,-0.042646,-0.012989,-0.029657,0.314580,-2.351662,2.666242,-0.303543,-0.012025,-0.291518,0.071668,0.047029,0.071817,-0.153047,0.028594,0.209810,0.189725,-9.658976,16.823939,-10.238491,18.784737,-1.474017,4.534433,-2.999080
3.399910,-0.168425,-0.006800,-0.161625,-0.228222,-0.620073,0.391851,-0.171478,-0.004217,-0.167261,-1.452775,-2.121965,0.669190,-0.052843,-0.006524,-0.046319,1.221367,1.196444,0.024924,0.381250,0.743433,-0.362183,-0.131688,-0.031604,-0.100084,-0.031457,1.284635,-1.316093,-0.178898,-0.009204,-0.169694,-0.334932,1.826898,-2.161830,-0.042358,-0.012989,-0.029368,0.316654,-2.351662,2.668316,-0.301647,-0.012025,-0.289622,0.071124,0.049438,0.072176,-0.148386,0.029116,0.205463,0.189916,-9.780682,16.890480,-10.390562,18.873276,-1.493810,4.621415,-3.035871
3.405067,-0.168425,-0.006800,-0.161625,-0.228222,-0.620073,0.391851,-0.171478,-0.004217,-0.167261,-1.452775,-2.121965,0.669190,-0.052843,-0.006524,-0.046319,1.221367,1.196444,0.024924,0.381250,0.743433,-0.362183,-0.131688,-0.031604,-0.100084,-0.031457,1.284635,-1.316093,-0.178898,-0.009204,-0.169694,-0.334932,1.826898,-2.161830,-0.042358,-0.012989,-0.029368,0.316654,-2.351662,2.668316,-0.301647,-0.012025,-0.289622,0.071124,0.049438,0.072176,-0.148386,0.029116,0.205463,0.189916,-9.833031,16.978914,-10.446369,18.974205,-1.501796,4.645937,-3.051966
3.410175,-0.169734,-0.006800,-0.162934,-0.228533,-0.620073,0.391540,-0.173258,-0.004217,-0.169042,-1.456122,-2.121965,0.665843,-0.053263,-0.006524,-0.046740,1.224535,1.196444,0.028092,0.378251,0.743433,-0.365181,-0.130982,-0.031604,-0.099377,-0.030952,1.284635,-1.315588,-0.178176,-0.009204,-0.168972,-0.336389,1.826898,-2.163287,-0.042065,-0.012989,-0.029076,0.318681,-2.351662,2.670343,-0.299753,-0.012025,-0.287728,0.070580,0.051842,0.072535,-0.143732,0.029637,0.201122,0.190106,-9.958671,17.051223,-10.602923,19.069242,-1.522164,4.735692,-3.089929
3.415135,-0.169734,-0.006800,-0.162934,-0.228533,-0.620073,0.391540,-0.173258,-0.004217,-0.169042,-1.456122,-2.121965,0.665843,-0.053263,-0.006524,-0.046740,1.224535,1.196444,0.028092,0.378251,0.743433,-0.365181,-0.130982,-0.031604,-0.099377,-0.030952,1.284635,-1.315588,-0.178176,-0.009204,-0.168972,-0.336389,1.826898,-2.163287,-0.042065,-0.012989,-0.029076,0.318681,-2.351662,2.670343,-0.299753,-0.012025,-0.287728,0.070580,0.051842,0.072535,-0.143732,0.029637,0.201122,0.190106,-10.009529,17.136428,-10.657255,19.166543,-1.529929,4.759672,-3.105562
3.419942,-0.171047,-0.006800,-0.164247,-0.228841,-0.620073,0.391232,-0.175044,-0.004217,-0.170828,-1.459509,-2.121965,0.662456,-0.053685,-0.006524,-0.047161,1.227747,1.196444,0.031303,0.375249,0.743433,-0.368183,-0.130275,-0.031604,-0.098671,-0.030419,1.284635,-1.315055,-0.177446,-0.009204,-0.168242,-0.337809,1.826898,-2.164707,-0.041765,-0.012989,-0.028775,0.320680,-2.351662,2.672342,-0.297842,-0.012025,-0.285817,0.070032,0.054265,0.072896,-0.139043,0.030162,0.196749,0.190298,-10.133619,17.204056,-10.812639,19.256240,-1.550043,4.849910,-3.143003
3.425207,-0.171047,-0.006800,-0.164247,-0.228841,-0.620073,0.391232,-0.175044,-0.004217,-0.170828,-1.459509,-2.121965,0.662456,-0.053685,-0.006524,-0.047161,1.227747,1.196444,0.031303,0.375249,0.743433,-0.368183,-0.130275,-0.031604,-0.098671,-0.030419,1.284635,-1.315055,-0.177446,-0.009204,-0.168242,-0.337809,1.826898,-2.164707,-0.041765,-0.012989,-0.028775,0.320680,-2.351662,2.672342,-0.297842,-0.012025,-0.285817,0.070032,0.054265,0.072896,-0.139043,0.030162,0.196749,0.190298,-10.187953,17.294338,-10.870808,19.359399,-1.558345,4.875697,-3.159701
3.430710,-0.172355,-0.006800,-0.165555,-0.229145,-0.620073,0.390928,-0.176827,-0.004217,-0.172611,-1.462917,-2.121965,0.659048,-0.054104,-0.006524,-0.047580,1.230985,1.196444,0.034542,0.372261,0.743433,-0.371172,-0.129573,-0.031604,-0.097968,-0.029861,1.284635,-1.314496,-0.176710,-0.009204,-0.167506,-0.339185,1.826898,-2.166083,-0.041458,-0.012989,-0.028469,0.322638,-2.351662,2.674301,-0.295925,-0.012025,-0.283900,0.069483,0.056692,0.073258,-0.134344,0.030689,0.192367,0.190490,-10.318378,17.371131,-11.033343,19.459486,-1.579398,4.970015,-3.199044
3.435394,-0.172355,-0.006800,-0.165555,-0.229145,-0.620073,0.390928,-0.176827,-0.004217,-0.172611,-1.462917,-2.121965,0.659048,-0.054104,-0.006524,-0.047580,1.230985,1.196444,0.034542,0.372261,0.743433,-0.371172,-0.129573,-0.031604,-0.097968,-0.029861,1.284635,-1.314496,-0.176710,-0.009204,-0.167506,-0.339185,1.826898,-2.166083,-0.041458,-0.012989,-0.028469,0.322638,-2.351662,2.674301,-0.295925,-0.012025,-0.283900,0.069483,0.056692,0.073258,-0.134344,0.030689,0.192367,0.190490,-10.367664,17.452359,-11.086216,19.552353,-1.586935,4.993558,-3.214187
3.440022,-0.173631,-0.006800,-0.166831,-0.229437,-0.620073,0.390636,-0.178569,-0.004217,-0.174352,-1.466273,-2.121965,0.655692,-0.054511,-0.006524,-0.047988,1.234181,1.196444,0.037737,0.369347,0.743433,-0.374086,-0.128889,-0.031604,-0.097285,-0.029289,1.284635,-1.313925,-0.175985,-0.009204,-0.166781,-0.340489,1.826898,-2.167387,-0.041153,-0.012989,-0.028163,0.324517,-2.351662,2.676179,-0.294043,-0.012025,-0.282018,0.068945,0.059074,0.073613,-0.129734,0.031205,0.188068,0.190679,-10.490409,17.518200,-11.240376,19.639551,-1.606759,5.084561,-3.251140
3.445651,-0.173631,-0.006800,-0.166831,-0.229437,-0.620073,0.390636,-0.178569,-0.004217,-0.174352,-1.466273,-2.121965,0.655692,-0.054511,-0.006524,-0.047988,1.234181,1.196444,0.037737,0.369347,0.743433,-0.374086,-0.128889,-0.031604,-0.097285,-0.029289,1.284635,-1.313925,-0.175985,-0.009204,-0.166781,-0.340489,1.826898,-2.167387,-0.041153,-0.012989,-0.028163,0.324517,-2.351662,2.676179,-0.294043,-0.012025,-0.282018,0.068945,0.059074,0.073613,-0.129734,0.031205,0.188068,0.190679,-10.549956,17.615568,-11.304383,19.750930,-1.615871,5.113187,-3.269431
3.450061,-0.174943,-0.006800,-0.168143,-0.229733,-0.620073,0.390340,-0.180362,-0.004217,-0.176145,-1.469757,-2.121965,0.652208,-0.054930,-0.006524,-0.048406,1.237504,1.196444,0.041061,0.366355,0.743433,-0.377078,-0.128188,-0.031604,-0.096584,-0.028673,1.284635,-1.313309,-0.175231,-0.009204,-0.166027,-0.341790,1.826898,-2.168688,-0.040831,-0.012989,-0.027842,0.326415,-2.351662,2.678077,-0.292095,-0.012025,-0.280070,0.068388,0.061536,0.073980,-0.124968,0.031739,0.183624,0.190874,-10.673286,17.676890,-11.460220,19.833195,-1.635781,5.206555,-3.306491
3.455108,-0.174943,-0.006800,-0.168143,-0.229733,-0.620073,0.390340,-0.180362,-0.004217,-0.176145,-1.469757,-2.121965,0.652208,-0.054930,-0.006524,-0.048406,1.237504,1.196444,0.041061,0.366355,0.743433,-0.377078,-0.128188,-0.031604,-0.096584,-0.028673,1.284635,-1.313309,-0.175231,-0.009204,-0.166027,-0.341790,1.826898,-2.168688,-0.040831,-0.012989,-0.027842,0.326415,-2.351662,2.678077,-0.292095,-0.012025,-0.280070,0.068388,0.061536,0.073980,-0.124968,0.031739,0.183624,0.190874,-10.726588,17.763351,-11.517632,19.932152,-1.643943,5.232348,-3.322861
3.459901,-0.176269,-0.006800,-0.169469,-0.230027,-0.620073,0.390046,-0.182175,-0.004217,-0.177958,-1.473307,-2.121965,0.648658,-0.055352,-0.006524,-0.048828,1.240898,1.196444,0.044454,0.363337,0.743433,-0.380096,-0.127482,-0.031604,-0.095878,-0.028030,1.284635,-1.312665,-0.174462,-0.009204,-0.165258,-0.343071,1.826898,-2.169969,-0.040500,-0.012989,-0.027511,0.328306,-2.351662,2.679968,-0.290117,-0.012025,-0.278092,0.067816,0.062207,0.074519,-0.122799,0.032046,0.181766,0.190698,-10.855496,17.829785,-11.680013,20.020905,-1.664718,5.329916,-3.361609
3.465378,-0.176269,-0.006800,-0.169469,-0.230027,-0.620073,0.390046,-0.182175,-0.004217,-0.177958,-1.473307,-2.121965,0.648658,-0.055352,-0.006524,-0.048828,1.240898,1.196444,0.044454,0.363337,0.743433,-0.380096,-0.127482,-0.031604,-0.095878,-0.028030,1.284635,-1.312665,-0.174462,-0.009204,-0.165258,-0.343071,1.826898,-2.169969,-0.040500,-0.012989,-0.027511,0.328306,-2.351662,2.679968,-0.290117,-0.012025,-0.278092,0.067816,0.062207,0.074519,-0.122799,0.032046,0.181766,0.190698,-10.913710,17.923458,-11.742842,20.128174,-1.673638,5.358272,-3.379483
3.469875,-0.177476,-0.006800,-0.170676,-0.230290,-0.620073,0.389783,-0.183827,-0.004217,-0.179611,-1.476569,-2.121965,0.645396,-0.055735,-0.006524,-0.049211,1.244023,1.196444,0.047579,0.360592,0.743433,-0.382841,-0.126841,-0.031604,-0.095236,-0.027439,1.284635,-1.312074,-0.173752,-0.009204,-0.164548,-0.344230,1.826898,-2.171129,-0.040195,-0.012989,-0.027206,0.330026,-2.351662,2.681688,-0.288308,-0.012025,-0.276283,0.067291,0.062330,0.075058,-0.121528,0.032265,0.180777,0.190437,-11.033710,17.986291,-11.893874,20.211696,-1.692937,5.449537,-3.415533
3.475298,-0.177476,-0.006800,-0.170676,-0.230290,-0.620073,0.389783,-0.183827,-0.004217,-0.179611,-1.476569,-2.121965,0.645396,-0.055735,-0.006524,-0.049211,1.244023,1.196444,0.047579,0.360592,0.743433,-0.382841,-0.126841,-0.031604,-0.095236,-0.027439,1.284635,-1.312074,-0.173752,-0.009204,-0.164548,-0.344230,1.826898,-2.171129,-0.040195,-0.012989,-0.027206,0.330026,-2.351662,2.681688,-0.288308,-0.012025,-0.276283,0.067291,0.062330,0.075058,-0.121528,0.032265,0.180777,0.190437,-11.091499,18.078606,-11.956356,20.317459,-1.701796,5.477856,-3.433272
