time,q1_des,q1,q1_err,q2_des,q2,q2_err,q3_des,q3,q3_err,q4_des,q4,q4_err,q5_des,q5,q5_err,q6_des,q6,q6_err,q7_des,q7,q7_err,dq1_des,dq1,dq1_err,dq2_des,dq2,dq2_err,dq3_des,dq3,dq3_err,dq4_des,dq4,dq4_err,dq5_des,dq5,dq5_err,dq6_des,dq6,dq6_err,dq7_des,dq7,dq7_err,qddsafe1,qddsafe2,qddsafe3,qddsafe4,qddsafe5,qddsafe6,qddsafe7,tau1,tau2,tau3,tau4,tau5,tau6,tau7
0.000000,-0.002833,-0.000393,-0.002440,-0.166338,-0.700135,0.533797,0.001448,0.000086,0.001362,-1.235166,-2.350684,1.115518,0.000672,0.000515,0.000157,0.989364,1.570924,-0.581560,0.699454,0.700164,-0.000710,-0.787636,-0.000483,-0.787153,0.185577,0.000459,0.185118,0.456322,-0.000118,0.456440,0.354596,0.002466,0.352130,0.039329,-0.000906,0.040235,-0.177277,0.000707,-0.177983,-0.317427,-0.002710,-0.314717,0.000000,0.000000,0.000000,-0.000000,0.000000,0.000000,-0.000000,0.000000,0.000000,0.000000,-0.000000,0.000000,0.000000,0.000000
0.003256,-0.002833,-0.000393,-0.002440,-0.166338,-0.700135,0.533797,0.001448,0.000086,0.001362,-1.235166,-2.350684,1.115518,0.000672,0.000515,0.000157,0.989364,1.570924,-0.581560,0.699454,0.700164,-0.000710,-0.787636,-0.000483,-0.787153,0.185577,0.000459,0.185118,0.456322,-0.000118,0.456440,0.354596,0.002466,0.352130,0.039329,-0.000906,0.040235,-0.177277,0.000707,-0.177983,-0.317427,-0.002710,-0.314717,6.000000,2.585000,-3.500000,4.000000,-5.475532,-5.500000,17.000000,1.122326,1.511780,-0.405839,1.426584,-0.023745,0.056844,0.021319
0.008967,-0.005260,-0.000398,-0.004862,-0.163170,-0.700138,0.536968,0.002976,0.000088,0.002888,-1.229041,-2.350692,1.121650,0.000825,0.000515,0.000310,0.986366,1.570923,-0.584557,0.698614,0.700164,-0.001550,-0.063648,-0.001234,-0.062415,0.781636,-0.000233,0.781870,0.072089,0.001850,0.070239,1.514742,-0.000359,1.515101,0.012308,-0.001103,0.013411,-0.738270,0.000197,-0.738467,0.014258,-0.001280,0.015538,6.000000,2.585000,-3.500000,4.000000,-3.251600,-5.500000,17.000000,1.257837,1.707964,-0.297387,1.677938,0.070152,-0.005290,0.021916
0.014598,-0.003453,-0.000398,-0.003055,-0.153374,-0.700138,0.546764,0.002354,0.000088,0.002266,-1.210042,-2.350692,1.140649,0.000845,0.000515,0.000330,0.977129,1.570923,-0.593793,0.699826,0.700164,-0.000338,0.250059,-0.001234,0.251293,1.035523,-0.000233,1.035756,-0.105829,0.001850,-0.107679,2.008465,-0.000359,2.008824,-0.002256,-0.001103,-0.001153,-0.974804,0.000197,-0.975001,0.145596,-0.001280,0.146876,6.000000,2.585000,-3.500000,4.000000,-3.251600,-5.500000,17.000000,1.278153,1.920753,-0.307543,1.927971,0.069891,-0.075411,0.023603
0.018949,-0.003453,-0.000398,-0.003055,-0.153374,-0.700138,0.546764,0.002354,0.000088,0.002266,-1.210042,-2.350692,1.140649,0.000845,0.000515,0.000330,0.977129,1.570923,-0.593793,0.699826,0.700164,-0.000338,0.250059,-0.001234,0.251293,1.035523,-0.000233,1.035756,-0.105829,0.001850,-0.107679,2.008465,-0.000359,2.008824,-0.002256,-0.001103,-0.001153,-0.974804,0.000197,-0.975001,0.145596,-0.001280,0.146876,-6.000000,-2.585000,3.500000,-4.000000,0.333642,5.500000,-11.781747,-1.419772,-0.761026,0.143042,-0.621602,-0.193443,-0.322975,-0.009081
0.023588,-0.003453,-0.000398,-0.003055,-0.153374,-0.700138,0.546764,0.002354,0.000088,0.002266,-1.210042,-2.350692,1.140649,0.000845,0.000515,0.000330,0.977129,1.570923,-0.593793,0.699826,0.700164,-0.000338,0.250059,-0.001234,0.251293,1.035523,-0.000233,1.035756,-0.105829,0.001850,-0.107679,2.008465,-0.000359,2.008824,-0.002256,-0.001103,-0.001153,-0.974804,0.000197,-0.975001,0.145596,-0.001280,0.146876,-6.000000,-2.585000,3.500000,-4.000000,0.333642,5.500000,-11.781747,-1.415027,-0.598821,0.141276,-0.437734,-0.193407,-0.376592,-0.008548
0.028989,-0.003100,-0.000398,-0.002702,-0.144715,-0.700138,0.555423,0.002389,0.000088,0.002301,-1.193264,-2.350692,1.157427,0.000891,0.000515,0.000376,0.969000,1.570923,-0.601923,0.700248,0.700164,0.000084,-0.178391,-0.001234,-0.177157,0.722911,-0.000233,0.723144,0.127787,0.001850,0.125937,1.398536,-0.000359,1.398896,0.015343,-0.001103,0.016447,-0.676130,0.000197,-0.676327,-0.043495,-0.001280,-0.042214,-6.000000,-2.585000,3.500000,-4.000000,2.786876,5.500000,-6.986981,-1.336513,-0.473287,0.290353,-0.277721,-0.089149,-0.426235,-0.003102
0.033508,-0.003100,-0.000398,-0.002702,-0.144715,-0.700138,0.555423,0.002389,0.000088,0.002301,-1.193264,-2.350692,1.157427,0.000891,0.000515,0.000376,0.969000,1.570923,-0.601923,0.700248,0.700164,0.000084,-0.178391,-0.001234,-0.177157,0.722911,-0.000233,0.723144,0.127787,0.001850,0.125937,1.398536,-0.000359,1.398896,0.015343,-0.001103,0.016447,-0.676130,0.000197,-0.676327,-0.043495,-0.001280,-0.042214,-6.000000,-2.585000,3.500000,-4.000000,2.786876,5.500000,-6.986981,-1.341088,-0.322039,0.293709,-0.111816,-0.088917,-0.476312,-0.003252
0.038787,-0.005749,-0.000398,-0.005351,-0.137104,-0.700138,0.563034,0.004667,0.000088,0.004579,-1.178554,-2.350692,1.172137,0.001213,0.000515,0.000699,0.961897,1.570923,-0.609026,0.700014,0.700164,-0.000151,-0.291261,-0.001234,-0.290027,0.857607,-0.000233,0.857840,0.301024,0.001850,0.299173,1.656597,-0.000359,1.656956,0.048141,-0.001103,0.049244,-0.799787,0.000197,-0.799984,0.029858,-0.001280,0.031139,-2.637712,2.585005,0.245912,4.000007,-0.176801,-3.964413,-2.287243,-1.588405,2.791539,-1.353909,3.076804,-0.097569,-0.244116,-0.005601
0.043468,-0.005749,-0.000467,-0.005282,-0.137104,-0.700070,0.562966,0.004667,0.000128,0.004539,-1.178554,-2.350480,1.171926,0.001213,0.000517,0.000696,0.961897,1.570927,-0.609031,0.700014,0.700164,-0.000150,-0.291261,-0.011846,-0.279414,0.857607,-0.003493,0.861100,0.301024,0.004356,0.296668,1.656597,0.006823,1.649774,0.048141,-0.000194,0.048335,-0.799787,0.000296,-0.800083,0.029858,-0.001950,0.031808,-2.637712,2.585000,0.245912,4.000000,-0.176801,-3.964413,-2.287243,-1.594103,2.952508,-1.346828,3.252826,-0.097034,-0.297042,-0.005468
0.048333,-0.009273,-0.000467,-0.008806,-0.130825,-0.700070,0.569245,0.006418,0.000128,0.006290,-1.166472,-2.350480,1.184008,0.001320,0.000517,0.000803,0.956059,1.570927,-0.614868,0.698312,0.700164,-0.001851,-0.419449,-0.011846,-0.407603,0.262140,-0.003493,0.265633,-0.015811,0.004356,-0.020167,0.496183,0.006823,0.489360,-0.043636,-0.000194,-0.043442,-0.240441,0.000296,-0.240736,-0.447429,-0.001950,-0.445479,-5.763108,-2.585000,-3.500000,-4.000000,-8.373743,5.500000,-17.000000,-6.094773,0.199680,-7.375934,0.192042,-0.902154,-0.599454,-0.031926
0.053444,-0.009273,-0.000467,-0.008806,-0.130825,-0.700070,0.569245,0.006418,0.000128,0.006290,-1.166472,-2.350480,1.184008,0.001320,0.000517,0.000803,0.956059,1.570927,-0.614868,0.698312,0.700164,-0.001851,-0.419449,-0.011846,-0.407603,0.262140,-0.003493,0.265633,-0.015811,0.004356,-0.020167,0.496183,0.006823,0.489360,-0.043636,-0.000194,-0.043442,-0.240441,0.000296,-0.240736,-0.447429,-0.001950,-0.445479,-5.763108,-2.585000,-3.500000,-4.000000,-8.373743,5.500000,-17.000000,-6.107377,0.358314,-7.374511,0.356123,-0.902553,-0.652130,-0.033808
0.058868,-0.013159,-0.000467,-0.012692,-0.129868,-0.700070,0.570202,0.005432,0.000128,0.005304,-1.164738,-2.350480,1.185742,0.000705,0.000517,0.000187,0.955215,1.570927,-0.615712,0.693242,0.700164,-0.006922,-0.328725,-0.011846,-0.316879,0.020528,-0.003493,0.024020,-0.134885,0.004356,-0.139240,0.028316,0.006823,0.021494,-0.065106,-0.000194,-0.064912,-0.013802,0.000296,-0.014097,-0.486631,-0.001950,-0.484681,6.000000,-2.585000,-3.500000,-4.000000,0.213966,5.500000,8.659336,1.466159,0.229997,0.034901,0.380850,0.126121,-0.713950,-0.010881
0.063483,-0.013159,-0.000467,-0.012692,-0.129868,-0.700070,0.570202,0.005432,0.000128,0.005304,-1.164738,-2.350480,1.185742,0.000705,0.000517,0.000187,0.955215,1.570927,-0.615712,0.693242,0.700164,-0.006922,-0.328725,-0.011846,-0.316879,0.020528,-0.003493,0.024020,-0.134885,0.004356,-0.139240,0.028316,0.006823,0.021494,-0.065106,-0.000194,-0.064912,-0.013802,0.000296,-0.014097,-0.486631,-0.001950,-0.484681,6.000000,-2.585000,-3.500000,-4.000000,0.213966,5.500000,8.659336,1.455463,0.371113,0.033260,0.521908,0.125419,-0.760914,-0.012957
0.068428,-0.015950,-0.000467,-0.015483,-0.130005,-0.700070,0.570065,0.003888,0.000128,0.003760,-1.165118,-2.350480,1.185362,0.000051,0.000517,-0.000467,0.955405,1.570927,-0.615522,0.688656,0.700164,-0.011507,-0.233410,-0.011846,-0.221564,-0.038500,-0.003493,-0.035007,-0.166930,0.004356,-0.171286,-0.086107,0.006823,-0.092930,-0.064309,-0.000194,-0.064115,0.043076,0.000296,0.042781,-0.426724,-0.001950,-0.424774,5.877069,-2.585000,-2.367281,-4.000000,-0.056852,3.186995,3.151248,2.064605,0.604979,1.110189,0.327791,0.159690,-0.915933,-0.024208
0.074316,-0.015950,-0.001914,-0.014036,-0.130005,-0.699836,0.569831,0.003888,-0.000621,0.004509,-1.165118,-2.349908,1.184789,0.000051,0.000713,-0.000662,0.955405,1.570795,-0.615390,0.688656,0.700171,-0.011515,-0.233410,-0.074475,-0.158936,-0.038500,-0.001872,-0.036628,-0.166930,-0.062501,-0.104429,-0.086107,0.023977,-0.110084,-0.064309,0.024673,-0.088982,0.043076,-0.007768,0.050844,-0.426724,-0.000920,-0.425804,5.877069,-2.585000,-2.367281,-4.000000,-0.056852,3.186995,3.151248,2.081039,0.781987,1.134011,0.494034,0.153902,-0.973359,-0.026818
0.078650,-0.018096,-0.001914,-0.016182,-0.130457,-0.699836,0.569379,0.002135,-0.000621,0.002756,-1.166119,-2.349908,1.183789,-0.000597,0.000713,-0.001310,0.955914,1.570795,-0.614882,0.684476,0.700171,-0.015695,-0.209262,-0.074475,-0.134787,-0.043479,-0.001872,-0.041607,-0.182764,-0.062501,-0.120263,-0.098458,0.023977,-0.122435,-0.066197,0.024673,-0.090869,0.051178,-0.007768,0.058946,-0.422241,-0.000920,-0.421321,-0.893640,2.027940,-0.840008,3.530627,-0.316301,-1.464227,-2.142382,-1.243583,3.139793,-1.531429,4.165898,-0.086743,-0.497957,-0.044462
0.083825,-0.018096,-0.001914,-0.016182,-0.130457,-0.699836,0.569379,0.002135,-0.000621,0.002756,-1.166119,-2.349908,1.183789,-0.000597,0.000713,-0.001310,0.955914,1.570795,-0.614882,0.684476,0.700171,-0.015695,-0.209262,-0.074475,-0.134787,-0.043479,-0.001872,-0.041607,-0.182764,-0.062501,-0.120263,-0.098458,0.023977,-0.122435,-0.066197,0.024673,-0.090869,0.051178,-0.007768,0.058946,-0.422241,-0.000920,-0.421321,-0.893640,2.027937,-0.840008,3.530616,-0.316301,-1.464227,-2.142382,-1.251884,3.292698,-1.533542,4.316801,-0.088078,-0.548783,-0.046835
0.088938,-0.020230,-0.001914,-0.018317,-0.130800,-0.699836,0.569036,0.000265,-0.000621,0.000887,-1.166945,-2.349908,1.182962,-0.001274,0.000713,-0.001987,0.956361,1.570795,-0.614434,0.680151,0.700171,-0.020020,-0.216523,-0.074475,-0.142048,-0.025975,-0.001872,-0.024103,-0.190433,-0.062501,-0.127933,-0.068451,0.023977,-0.092428,-0.068993,0.024673,-0.093665,0.039049,-0.007768,0.046817,-0.440739,-0.000920,-0.439819,-0.556768,1.468559,-0.692071,2.463412,-0.242184,-0.958522,-1.552519,-0.962098,3.300489,-1.167522,3.890720,-0.074240,-0.685830,-0.051591
0.093649,-0.020230,-0.001914,-0.018317,-0.130800,-0.699836,0.569036,0.000265,-0.000621,0.000887,-1.166945,-2.349908,1.182962,-0.001274,0.000713,-0.001987,0.956361,1.570795,-0.614434,0.680151,0.700171,-0.020020,-0.216523,-0.074475,-0.142048,-0.025975,-0.001872,-0.024103,-0.190433,-0.062501,-0.127933,-0.068451,0.023977,-0.092428,-0.068993,0.024673,-0.093665,0.039049,-0.007768,0.046817,-0.440739,-0.000920,-0.439819,-0.556768,1.468559,-0.692071,2.463412,-0.242184,-0.958522,-1.552519,-0.970503,3.441527,-1.170169,4.030210,-0.075601,-0.732671,-0.054007
0.098811,-0.022444,-0.001914,-0.020530,-0.130997,-0.699836,0.568839,-0.001695,-0.000621,-0.001073,-1.167530,-2.349908,1.182377,-0.001983,0.000713,-0.002696,0.956716,1.570795,-0.614080,0.675622,0.700171,-0.024549,-0.220434,-0.074475,-0.145960,-0.013974,-0.001872,-0.012102,-0.196681,-0.062501,-0.134180,-0.048980,0.023977,-0.072957,-0.071065,0.024673,-0.095737,0.031935,-0.007768,0.039703,-0.453433,-0.000920,-0.452513,-0.216280,0.903179,-0.542547,1.384755,-0.167271,-0.447390,-0.956325,-0.678753,3.447340,-0.802177,3.595960,-0.061940,-0.870458,-0.059204
0.103936,-0.022444,-0.001914,-0.020530,-0.130997,-0.699836,0.568839,-0.001695,-0.000621,-0.001073,-1.167530,-2.349908,1.182377,-0.001983,0.000713,-0.002696,0.956716,1.570795,-0.614080,0.675622,0.700171,-0.024549,-0.220434,-0.074475,-0.145960,-0.013974,-0.001872,-0.012102,-0.196681,-0.062501,-0.134180,-0.048980,0.023977,-0.072957,-0.071065,0.024673,-0.095737,0.031935,-0.007768,0.039703,-0.453433,-0.000920,-0.452513,-0.216280,0.903179,-0.542547,1.384755,-0.167271,-0.447390,-0.956325,-0.688461,3.597759,-0.805736,3.744911,-0.063528,-0.920376,-0.062009
0.108507,-0.024591,-0.003107,-0.021485,-0.131099,-0.698950,0.567851,-0.003629,-0.001411,-0.002219,-1.167957,-2.348511,1.180554,-0.002681,0.000864,-0.003545,0.957013,1.569416,-0.612403,0.671179,0.700171,-0.028992,-0.220947,-0.024120,-0.196827,-0.007835,0.061668,-0.069503,-0.201256,-0.044756,-0.156500,-0.040555,0.089847,-0.130402,-0.072341,-0.001641,-0.070700,0.029973,-0.083521,0.113494,-0.459945,-0.001078,-0.458868,0.110713,0.360205,-0.398949,0.348846,-0.095328,0.043485,-0.383759,-0.426901,3.557274,-0.458167,3.277935,-0.044311,-1.035102,-0.067021
0.114402,-0.024591,-0.003107,-0.021485,-0.131099,-0.698950,0.567851,-0.003629,-0.001411,-0.002219,-1.167957,-2.348511,1.180554,-0.002681,0.000864,-0.003545,0.957013,1.569416,-0.612403,0.671179,0.700171,-0.028992,-0.220947,-0.024120,-0.196827,-0.007835,0.061668,-0.069503,-0.201256,-0.044756,-0.156500,-0.040555,0.089847,-0.130402,-0.072341,-0.001641,-0.070700,0.029973,-0.083521,0.113494,-0.459945,-0.001078,-0.458868,0.110713,0.360205,-0.398949,0.348846,-0.095328,0.043485,-0.383759,-0.439558,3.725366,-0.463178,3.444370,-0.045915,-1.090734,-0.070415
0.118925,-0.026796,-0.003107,-0.023689,-0.131169,-0.698950,0.567781,-0.005665,-0.001411,-0.004254,-1.168364,-2.348511,1.180147,-0.003410,0.000864,-0.004274,0.957324,1.569416,-0.612092,0.666557,0.700171,-0.033614,-0.218145,-0.024120,-0.194025,-0.007032,0.061668,-0.068700,-0.204513,-0.044756,-0.159757,-0.042417,0.089847,-0.132263,-0.072924,-0.001641,-0.071284,0.032948,-0.083521,0.116469,-0.460832,-0.001078,-0.459754,0.448114,-0.200049,-0.250781,-0.720030,-0.021094,0.549982,0.207029,-0.151120,3.715867,-0.101453,2.994358,-0.032393,-1.221993,-0.075770
0.124046,-0.026796,-0.003107,-0.023689,-0.131169,-0.698950,0.567781,-0.005665,-0.001411,-0.004254,-1.168364,-2.348511,1.180147,-0.003410,0.000864,-0.004274,0.957324,1.569416,-0.612092,0.666557,0.700171,-0.033614,-0.218145,-0.024120,-0.194025,-0.007032,0.061668,-0.068700,-0.204513,-0.044756,-0.159757,-0.042417,0.089847,-0.132263,-0.072924,-0.001641,-0.071284,0.032948,-0.083521,0.116469,-0.460832,-0.001078,-0.459754,0.448114,-0.200049,-0.250781,-0.720030,-0.021094,0.549982,0.207029,-0.163115,3.867138,-0.106664,3.144074,-0.033962,-1.272027,-0.079016
0.129591,-0.028954,-0.003107,-0.025848,-0.131258,-0.698950,0.567692,-0.007725,-0.001411,-0.006314,-1.168842,-2.348511,1.179669,-0.004141,0.000864,-0.005005,0.957690,1.569416,-0.611727,0.661959,0.700171,-0.038212,-0.212331,-0.024120,-0.188211,-0.011293,0.061668,-0.072962,-0.206401,-0.044756,-0.161645,-0.053938,0.089847,-0.143784,-0.072833,-0.001641,-0.071193,0.040500,-0.083521,0.124021,-0.456381,-0.001078,-0.455303,0.609739,-0.496547,-0.158641,-1.285449,0.019848,0.818120,0.517635,-0.025412,3.947475,0.077013,2.987093,-0.029440,-1.369432,-0.085768
0.134092,-0.028954,-0.003107,-0.025848,-0.131258,-0.698950,0.567692,-0.007725,-0.001411,-0.006314,-1.168842,-2.348511,1.179669,-0.004141,0.000864,-0.005005,0.957690,1.569416,-0.611727,0.661959,0.700171,-0.038212,-0.212331,-0.024120,-0.188211,-0.011293,0.061668,-0.072962,-0.206401,-0.044756,-0.161645,-0.053938,0.089847,-0.143784,-0.072833,-0.001641,-0.071193,0.040500,-0.083521,0.124021,-0.456381,-0.001078,-0.455303,0.609739,-0.496547,-0.158641,-1.285449,0.019848,0.818120,0.517635,-0.036517,4.081634,0.071788,3.119714,-0.030938,-1.413782,-0.088799
0.138550,-0.031051,-0.003107,-0.027944,-0.131394,-0.698950,0.567555,-0.009799,-0.001411,-0.008388,-1.169444,-2.348511,1.179067,-0.004869,0.000864,-0.005733,0.958135,1.569416,-0.611281,0.657414,0.700171,-0.042757,-0.206655,-0.024120,-0.182535,-0.015892,0.061668,-0.077560,-0.207922,-0.044756,-0.163166,-0.066092,0.089847,-0.155939,-0.072664,-0.001641,-0.071023,0.048355,-0.083521,0.131876,-0.451617,-0.001078,-0.450539,0.524090,-0.422013,-0.145311,-1.142643,0.013961,0.750953,0.434104,-0.107511,4.231014,0.007506,3.321882,-0.038465,-1.444536,-0.096550
0.143564,-0.031051,-0.004253,-0.026798,-0.131394,-0.695937,0.564543,-0.009799,-0.003181,-0.006618,-1.169444,-2.343187,1.173743,-0.004869,0.000857,-0.005726,0.958135,1.563094,-0.604959,0.657414,0.700175,-0.042761,-0.206655,-0.035561,-0.171094,-0.015892,0.129777,-0.145669,-0.207922,-0.022422,-0.185500,-0.066092,0.219715,-0.285807,-0.072664,-0.001564,-0.071100,0.048355,-0.290112,0.338467,-0.451617,-0.001903,-0.449714,0.524090,-0.422013,-0.145311,-1.142643,0.013961,0.750953,0.434104,-0.102457,4.334687,0.001744,3.381077,-0.039983,-1.446020,-0.100028
0.148942,-0.033079,-0.004253,-0.028826,-0.131572,-0.695937,0.564365,-0.011872,-0.003181,-0.008691,-1.170155,-2.343187,1.173032,-0.005590,0.000857,-0.006448,0.958651,1.563094,-0.604443,0.652947,0.700175,-0.047228,-0.201870,-0.035561,-0.166309,-0.019717,0.129777,-0.149494,-0.209300,-0.022422,-0.186878,-0.076740,0.219715,-0.296455,-0.072554,-0.001564,-0.070991,0.055484,-0.290112,0.345596,-0.447716,-0.001903,-0.445813,0.439103,-0.348055,-0.132084,-1.000941,0.008119,0.684304,0.351218,-0.176070,4.507047,-0.065321,3.603695,-0.048163,-1.483282,-0.108848
0.153705,-0.033079,-0.004253,-0.028826,-0.131572,-0.695937,0.564365,-0.011872,-0.003181,-0.008691,-1.170155,-2.343187,1.173032,-0.005590,0.000857,-0.006448,0.958651,1.563094,-0.604443,0.652947,0.700175,-0.047228,-0.201870,-0.035561,-0.166309,-0.019717,0.129777,-0.149494,-0.209300,-0.022422,-0.186878,-0.076740,0.219715,-0.296455,-0.072554,-0.001564,-0.070991,0.055484,-0.290112,0.345596,-0.447716,-0.001903,-0.445813,0.439103,-0.348055,-0.132084,-1.000941,0.008119,0.684304,0.351218,-0.188201,4.647566,-0.072128,3.740829,-0.049970,-1.528616,-0.112373
0.158349,-0.035104,-0.004253,-0.030851,-0.131788,-0.695937,0.564149,-0.013999,-0.003181,-0.010818,-1.170981,-2.343187,1.172206,-0.006325,0.000857,-0.007182,0.959247,1.563094,-0.603847,0.648427,0.700175,-0.051748,-0.197860,-0.035561,-0.162299,-0.022861,0.129777,-0.152639,-0.210570,-0.022422,-0.188148,-0.086150,0.219715,-0.305865,-0.072502,-0.001564,-0.070939,0.062074,-0.290112,0.352186,-0.444585,-0.001903,-0.442682,0.352417,-0.272620,-0.118593,-0.856407,0.002161,0.616323,0.266675,-0.263033,4.800806,-0.141418,3.945917,-0.058381,-1.559248,-0.121348
0.163840,-0.035104,-0.004253,-0.030851,-0.131788,-0.695937,0.564149,-0.013999,-0.003181,-0.010818,-1.170981,-2.343187,1.172206,-0.006325,0.000857,-0.007182,0.959247,1.563094,-0.603847,0.648427,0.700175,-0.051748,-0.197860,-0.035561,-0.162299,-0.022861,0.129777,-0.152639,-0.210570,-0.022422,-0.188148,-0.086150,0.219715,-0.305865,-0.072502,-0.001564,-0.070939,0.062074,-0.290112,0.352186,-0.444585,-0.001903,-0.442682,0.352417,-0.272620,-0.118593,-0.856407,0.002161,0.616323,0.266675,-0.277539,4.962224,-0.149979,4.103279,-0.060588,-1.611293,-0.125585
0.168578,-0.037048,-0.004253,-0.032795,-0.132027,-0.695937,0.563910,-0.016090,-0.003181,-0.012909,-1.171874,-2.343187,1.171313,-0.007043,0.000857,-0.007900,0.959891,1.563094,-0.603203,0.644036,0.700175,-0.056139,-0.194789,-0.035561,-0.159228,-0.025196,0.129777,-0.154974,-0.211680,-0.022422,-0.189257,-0.093933,0.219715,-0.313648,-0.072510,-0.001564,-0.070946,0.067849,-0.290112,0.357961,-0.442353,-0.001903,-0.440450,0.267691,-0.198889,-0.105407,-0.715141,-0.003663,0.549880,0.184044,-0.352708,5.114850,-0.219774,4.306633,-0.069202,-1.642056,-0.134984
0.174449,-0.038989,-0.005160,-0.033829,-0.132288,-0.689418,0.557129,-0.018218,-0.003728,-0.014490,-1.172850,-2.333159,1.160309,-0.007770,0.000858,-0.008628,0.960598,1.546597,-0.585999,0.639608,0.700173,-0.060565,-0.192535,-0.014442,-0.178093,-0.026816,0.240968,-0.267785,-0.212670,-0.032692,-0.179978,-0.100387,0.356621,-0.457008,-0.072576,-0.000151,-0.072425,0.073025,-0.649274,0.722300,-0.440927,-0.000015,-0.440912,0.267691,-0.198889,-0.105407,-0.715141,-0.003663,0.549880,0.184044,-0.396013,5.197189,-0.237783,4.359076,-0.076210,-1.596121,-0.146079
0.178463,-0.038989,-0.005160,-0.033829,-0.132288,-0.689418,0.557129,-0.018218,-0.003728,-0.014490,-1.172850,-2.333159,1.160309,-0.007770,0.000858,-0.008628,0.960598,1.546597,-0.585999,0.639608,0.700173,-0.060565,-0.192535,-0.014442,-0.178093,-0.026816,0.240968,-0.267785,-0.212670,-0.032692,-0.179978,-0.100387,0.356621,-0.457008,-0.072576,-0.000151,-0.072425,0.073025,-0.649274,0.722300,-0.440927,-0.000015,-0.440912,0.181909,-0.124239,-0.092057,-0.572112,-0.009560,0.482607,0.100382,-0.454045,5.332328,-0.286262,4.549167,-0.081058,-1.620355,-0.149669
0.183969,-0.038989,-0.005160,-0.033829,-0.132288,-0.689418,0.557129,-0.018218,-0.003728,-0.014490,-1.172850,-2.333159,1.160309,-0.007770,0.000858,-0.008628,0.960598,1.546597,-0.585999,0.639608,0.700173,-0.060565,-0.192535,-0.014442,-0.178093,-0.026816,0.240968,-0.267785,-0.212670,-0.032692,-0.179978,-0.100387,0.356621,-0.457008,-0.072576,-0.000151,-0.072425,0.073025,-0.649274,0.722300,-0.440927,-0.000015,-0.440912,0.181909,-0.124239,-0.092057,-0.572112,-0.009560,0.482607,0.100382,-0.469955,5.490706,-0.295822,4.702535,-0.083540,-1.669137,-0.154287
0.188687,-0.040898,-0.005160,-0.035738,-0.132560,-0.689418,0.556857,-0.020339,-0.003728,-0.016612,-1.173875,-2.333159,1.159284,-0.008493,0.000858,-0.009351,0.961348,1.546597,-0.585249,0.635222,0.700173,-0.064951,-0.191148,-0.014442,-0.176706,-0.027684,0.240968,-0.268653,-0.213520,-0.032692,-0.180828,-0.105375,0.356621,-0.461996,-0.072700,-0.000151,-0.072549,0.077497,-0.649274,0.726771,-0.440341,-0.000015,-0.440326,0.096748,-0.050130,-0.078803,-0.430121,-0.015414,0.415822,0.017327,-0.550078,5.645384,-0.370043,4.907358,-0.093112,-1.698407,-0.165010
0.193761,-0.040898,-0.005160,-0.035738,-0.132560,-0.689418,0.556857,-0.020339,-0.003728,-0.016612,-1.173875,-2.333159,1.159284,-0.008493,0.000858,-0.009351,0.961348,1.546597,-0.585249,0.635222,0.700173,-0.064951,-0.191148,-0.014442,-0.176706,-0.027684,0.240968,-0.268653,-0.213520,-0.032692,-0.180828,-0.105375,0.356621,-0.461996,-0.072700,-0.000151,-0.072549,0.077497,-0.649274,0.726771,-0.440341,-0.000015,-0.440326,0.096748,-0.050130,-0.078803,-0.430121,-0.015414,0.415822,0.017327,-0.565223,5.790688,-0.379480,5.047965,-0.095508,-1.743132,-0.169423
0.198673,-0.042815,-0.005160,-0.037655,-0.132840,-0.689418,0.556578,-0.022488,-0.003728,-0.018761,-1.174953,-2.333159,1.158205,-0.009225,0.000858,-0.010082,0.962147,1.546597,-0.584450,0.630798,0.700173,-0.069375,-0.190485,-0.014442,-0.176043,-0.027935,0.240968,-0.268903,-0.214243,-0.032692,-0.181551,-0.109214,0.356621,-0.465835,-0.072870,-0.000151,-0.072719,0.081443,-0.649274,0.730717,-0.440440,-0.000015,-0.440424,0.056382,-0.020871,-0.064689,-0.374691,-0.015893,0.387795,-0.011379,-0.618957,5.939883,-0.425939,5.210823,-0.103621,-1.781083,-0.180842
0.203927,-0.042815,-0.005160,-0.037655,-0.132840,-0.689418,0.556578,-0.022488,-0.003728,-0.018761,-1.174953,-2.333159,1.158205,-0.009225,0.000858,-0.010082,0.962147,1.546597,-0.584450,0.630798,0.700173,-0.069375,-0.190485,-0.014442,-0.176043,-0.027935,0.240968,-0.268903,-0.214243,-0.032692,-0.181551,-0.109214,0.356621,-0.465835,-0.072870,-0.000151,-0.072719,0.081443,-0.649274,0.730717,-0.440440,-0.000015,-0.440424,0.056382,-0.020871,-0.064689,-0.374691,-0.015893,0.387795,-0.011379,-0.634928,6.087588,-0.436214,5.353665,-0.106179,-1.826516,-0.185510
0.209078,-0.044704,-0.005564,-0.039140,-0.133118,-0.678750,0.545631,-0.024619,-0.004580,-0.020039,-1.176057,-2.317107,1.141050,-0.009949,0.000861,-0.010811,0.962975,1.516831,-0.553856,0.626423,0.700170,-0.073747,-0.189930,-0.013949,-0.175981,-0.028192,0.379860,-0.408051,-0.214813,-0.008485,-0.206328,-0.113036,0.585764,-0.698799,-0.073007,0.002089,-0.075096,0.085324,-1.059498,1.144822,-0.440460,-0.001913,-0.438547,0.055399,-0.030827,-0.050109,-0.394927,-0.011731,0.393708,0.007304,-0.661013,6.097131,-0.472154,5.252190,-0.114184,-1.734466,-0.197198
0.213651,-0.044704,-0.005564,-0.039140,-0.133118,-0.678750,0.545631,-0.024619,-0.004580,-0.020039,-1.176057,-2.317107,1.141050,-0.009949,0.000861,-0.010811,0.962975,1.516831,-0.553856,0.626423,0.700170,-0.073747,-0.189930,-0.013949,-0.175981,-0.028192,0.379860,-0.408051,-0.214813,-0.008485,-0.206328,-0.113036,0.585764,-0.698799,-0.073007,0.002089,-0.075096,0.085324,-1.059498,1.144822,-0.440460,-0.001913,-0.438547,0.055399,-0.030827,-0.050109,-0.394927,-0.011731,0.393708,0.007304,-0.675951,6.228316,-0.482412,5.376847,-0.116645,-1.772680,-0.201599
0.218864,-0.046601,-0.005564,-0.041037,-0.133402,-0.678750,0.545348,-0.026770,-0.004580,-0.022190,-1.177208,-2.317107,1.139900,-0.010680,0.000861,-0.011541,0.963848,1.516831,-0.552983,0.622018,0.700170,-0.078152,-0.189381,-0.013949,-0.175432,-0.028550,0.379860,-0.408410,-0.215241,-0.008485,-0.206755,-0.117088,0.585764,-0.702852,-0.073104,0.002089,-0.075192,0.089292,-1.059498,1.148790,-0.440293,-0.001913,-0.438380,0.054410,-0.040855,-0.035425,-0.415307,-0.007539,0.399664,0.026121,-0.707905,6.372149,-0.506968,5.499389,-0.123833,-1.815635,-0.214137
0.224103,-0.046601,-0.005564,-0.041037,-0.133402,-0.678750,0.545348,-0.026770,-0.004580,-0.022190,-1.177208,-2.317107,1.139900,-0.010680,0.000861,-0.011541,0.963848,1.516831,-0.552983,0.622018,0.700170,-0.078152,-0.189381,-0.013949,-0.175432,-0.028550,0.379860,-0.408410,-0.215241,-0.008485,-0.206755,-0.117088,0.585764,-0.702852,-0.073104,0.002089,-0.075192,0.089292,-1.059498,1.148790,-0.440293,-0.001913,-0.438380,0.054410,-0.040855,-0.035425,-0.415307,-0.007539,0.399664,0.026121,-0.725111,6.518153,-0.519068,5.638034,-0.126695,-1.858134,-0.219219
0.228919,-0.048509,-0.005564,-0.042944,-0.133692,-0.678750,0.545058,-0.028943,-0.004580,-0.024363,-1.178410,-2.317107,1.138697,-0.011418,0.000861,-0.012279,0.964769,1.516831,-0.552062,0.617578,0.700170,-0.082592,-0.188837,-0.013949,-0.174888,-0.029013,0.379860,-0.408873,-0.215523,-0.008485,-0.207038,-0.121381,0.585764,-0.707145,-0.073158,0.002089,-0.075247,0.093353,-1.059498,1.152852,-0.439934,-0.001913,-0.438021,0.053413,-0.050967,-0.020617,-0.435860,-0.003312,0.405670,0.045097,-0.757587,6.651240,-0.544754,5.749858,-0.134057,-1.897890,-0.231952
0.233695,-0.048509,-0.005564,-0.042944,-0.133692,-0.678750,0.545058,-0.028943,-0.004580,-0.024363,-1.178410,-2.317107,1.138697,-0.011418,0.000861,-0.012279,0.964769,1.516831,-0.552062,0.617578,0.700170,-0.082592,-0.188837,-0.013949,-0.174888,-0.029013,0.379860,-0.408873,-0.215523,-0.008485,-0.207038,-0.121381,0.585764,-0.707145,-0.073158,0.002089,-0.075247,0.093353,-1.059498,1.152852,-0.439934,-0.001913,-0.438021,0.053413,-0.050967,-0.020617,-0.435860,-0.003312,0.405670,0.045097,-0.773979,6.785767,-0.556537,5.877516,-0.136809,-1.937021,-0.236804
0.238429,-0.050384,-0.005564,-0.044820,-0.133984,-0.678750,0.544766,-0.031087,-0.004580,-0.026507,-1.179639,-2.317107,1.137468,-0.012145,0.000861,-0.013007,0.965718,1.516831,-0.551113,0.613205,0.700170,-0.086965,-0.188311,-0.013949,-0.174362,-0.029570,0.379860,-0.409430,-0.215656,-0.008485,-0.207170,-0.125817,0.585764,-0.711580,-0.073171,0.002089,-0.075259,0.097418,-1.059498,1.156916,-0.439392,-0.001913,-0.437479,0.052429,-0.060938,-0.006017,-0.456125,0.000856,0.411592,0.063807,-0.807462,6.916368,-0.583550,5.986797,-0.144373,-1.975968,-0.249796
0.243444,-0.050384,-0.005903,-0.044482,-0.133984,-0.662925,0.528942,-0.031087,-0.004916,-0.026171,-1.179639,-2.293898,1.114258,-0.012145,0.000857,-0.013002,0.965718,1.473161,-0.507443,0.613205,0.700179,-0.086974,-0.188311,-0.009493,-0.178818,-0.029570,0.543890,-0.573459,-0.215656,-0.018076,-0.197580,-0.125817,0.829649,-0.955466,-0.073171,0.000573,-0.073743,0.097418,-1.536514,1.633931,-0.439392,0.001389,-0.440781,0.052429,-0.060938,-0.006017,-0.456125,0.000856,0.411592,0.063807,-0.825186,6.867845,-0.579667,5.836127,-0.146239,-1.829153,-0.255746
0.249975,-0.052287,-0.005903,-0.046385,-0.134286,-0.662925,0.528639,-0.033270,-0.004916,-0.028353,-1.180936,-2.293898,1.112961,-0.012886,0.000857,-0.013743,0.966725,1.473161,-0.506436,0.608762,0.700179,-0.091417,-0.187785,-0.009493,-0.178292,-0.030238,0.543890,-0.574128,-0.215641,-0.018076,-0.197566,-0.130537,0.829649,-0.960186,-0.073141,0.000573,-0.073713,0.101613,-1.536514,1.638127,-0.438650,0.001389,-0.440039,0.051428,-0.071083,0.008839,-0.476744,0.005096,0.417618,0.082845,-0.866497,7.040825,-0.612660,5.982425,-0.155155,-1.876889,-0.271196
0.253917,-0.052287,-0.005903,-0.046385,-0.134286,-0.662925,0.528639,-0.033270,-0.004916,-0.028353,-1.180936,-2.293898,1.112961,-0.012886,0.000857,-0.013743,0.966725,1.473161,-0.506436,0.608762,0.700179,-0.091417,-0.187785,-0.009493,-0.178292,-0.030238,0.543890,-0.574128,-0.215641,-0.018076,-0.197566,-0.130537,0.829649,-0.960186,-0.073141,0.000573,-0.073713,0.101613,-1.536514,1.638127,-0.438650,0.001389,-0.440039,0.051428,-0.071083,0.008839,-0.476744,0.005096,0.417618,0.082845,-0.881184,7.150784,-0.623354,6.084905,-0.157644,-1.906671,-0.275569
0.259267,-0.054143,-0.005903,-0.048241,-0.134589,-0.662925,0.528336,-0.035403,-0.004916,-0.030487,-1.182252,-2.293898,1.111646,-0.013609,0.000857,-0.014466,0.967751,1.473161,-0.505410,0.604425,0.700179,-0.095754,-0.187281,-0.009493,-0.177788,-0.030990,0.543890,-0.574880,-0.215482,-0.018076,-0.197406,-0.135355,0.829649,-0.965005,-0.073070,0.000573,-0.073642,0.105776,-1.536514,1.642289,-0.437738,0.001389,-0.439127,0.050450,-0.081004,0.023368,-0.496909,0.009244,0.423511,0.101463,-0.919652,7.292891,-0.654834,6.202318,-0.166090,-1.945945,-0.290093
0.264020,-0.054143,-0.005903,-0.048241,-0.134589,-0.662925,0.528336,-0.035403,-0.004916,-0.030487,-1.182252,-2.293898,1.111646,-0.013609,0.000857,-0.014466,0.967751,1.473161,-0.505410,0.604425,0.700179,-0.095754,-0.187281,-0.009493,-0.177788,-0.030990,0.543890,-0.574880,-0.215482,-0.018076,-0.197406,-0.135355,0.829649,-0.965005,-0.073070,0.000573,-0.073642,0.105776,-1.536514,1.642289,-0.437738,0.001389,-0.439127,0.050450,-0.081004,0.023368,-0.496909,0.009244,0.423511,0.101463,-0.937591,7.423277,-0.668125,6.323741,-0.169152,-1.981232,-0.295442
0.268871,-0.056017,-0.005903,-0.050115,-0.134904,-0.662925,0.528021,-0.037561,-0.004916,-0.032645,-1.183634,-2.293898,1.110264,-0.014341,0.000857,-0.015198,0.968832,1.473161,-0.504329,0.600044,0.700179,-0.100135,-0.186780,-0.009493,-0.177287,-0.031853,0.543890,-0.575742,-0.215174,-0.018076,-0.197098,-0.140437,0.829649,-0.970086,-0.072956,0.000573,-0.073528,0.110049,-1.536514,1.646563,-0.436627,0.001389,-0.438016,0.049459,-0.091049,0.038078,-0.517326,0.013443,0.429477,0.120313,-0.976131,7.552506,-0.700223,6.428534,-0.177677,-2.016954,-0.310007
0.274247,-0.056017,-0.006407,-0.049610,-0.134904,-0.639652,0.504748,-0.037561,-0.005163,-0.032398,-1.183634,-2.259733,1.076099,-0.014341,0.000860,-0.015201,0.968832,1.409907,-0.441075,0.600044,0.700168,-0.100124,-0.186780,-0.014264,-0.172516,-0.031853,0.757013,-0.788866,-0.215174,0.000874,-0.216049,-0.140437,1.123852,-1.264289,-0.072956,0.001621,-0.074577,0.110049,-2.046101,2.156150,-0.436627,-0.004204,-0.432423,0.049459,-0.091049,0.038078,-0.517326,0.013443,0.429477,0.120313,-0.981233,7.423422,-0.734959,6.181453,-0.181365,-1.507109,-0.315074
0.278712,-0.057867,-0.006407,-0.051460,-0.135224,-0.639652,0.504428,-0.039692,-0.005163,-0.034529,-1.185052,-2.259733,1.074681,-0.015064,0.000860,-0.015924,0.969945,1.409907,-0.439963,0.595721,0.700168,-0.104447,-0.186295,-0.014264,-0.172030,-0.032804,0.757013,-0.789818,-0.214724,0.000874,-0.215599,-0.145666,1.123852,-1.269518,-0.072802,0.001621,-0.074423,0.114337,-2.046101,2.160438,-0.435342,-0.004204,-0.431138,0.048478,-0.100989,0.052633,-0.537526,0.017597,0.435380,0.138965,-1.019126,7.537758,-0.767457,6.270422,-0.189787,-1.524788,-0.329530
0.283702,-0.057867,-0.006407,-0.051460,-0.135224,-0.639652,0.504428,-0.039692,-0.005163,-0.034529,-1.185052,-2.259733,1.074681,-0.015064,0.000860,-0.015924,0.969945,1.409907,-0.439963,0.595721,0.700168,-0.104447,-0.186295,-0.014264,-0.172030,-0.032804,0.757013,-0.789818,-0.214724,0.000874,-0.215599,-0.145666,1.123852,-1.269518,-0.072802,0.001621,-0.074423,0.114337,-2.046101,2.160438,-0.435342,-0.004204,-0.431138,0.048478,-0.100989,0.052633,-0.537526,0.017597,0.435380,0.138965,-1.038642,7.668468,-0.782950,6.389649,-0.193220,-1.551433,-0.335418
0.289032,-0.059731,-0.006407,-0.053324,-0.135558,-0.639652,0.504094,-0.041841,-0.005163,-0.036678,-1.186539,-2.259733,1.073194,-0.015792,0.000860,-0.016652,0.971112,1.409907,-0.438795,0.591366,0.700168,-0.108802,-0.185819,-0.014264,-0.171554,-0.033867,0.757013,-0.790881,-0.214125,0.000874,-0.214999,-0.151151,1.123852,-1.275003,-0.072607,0.001621,-0.074227,0.118734,-2.046101,2.164835,-0.433864,-0.004204,-0.429660,0.044298,-0.111276,0.066398,-0.555316,0.020439,0.444323,0.151576,-1.084321,7.802252,-0.823100,6.501068,-0.202895,-1.572394,-0.351403
0.296229,-0.061591,-0.006407,-0.055184,-0.135903,-0.639652,0.503749,-0.043983,-0.005163,-0.038820,-1.188081,-2.259733,1.071652,-0.016519,0.000860,-0.017379,0.972325,1.409907,-0.437583,0.587027,0.700168,-0.113141,-0.185435,-0.014264,-0.171171,-0.035037,0.757013,-0.792050,-0.213402,0.000874,-0.214277,-0.156771,1.123852,-1.280623,-0.072404,0.001621,-0.074025,0.123267,-2.046101,2.169368,-0.432359,-0.004204,-0.428155,0.044298,-0.111276,0.066398,-0.555316,0.020439,0.444323,0.151576,-1.145703,7.988563,-0.883346,6.664378,-0.214741,-1.601167,-0.370044
0.298993,-0.061591,-0.006407,-0.055184,-0.135903,-0.639652,0.503749,-0.043983,-0.005163,-0.038820,-1.188081,-2.259733,1.071652,-0.016519,0.000860,-0.017379,0.972325,1.409907,-0.437583,0.587027,0.700168,-0.113141,-0.185435,-0.014264,-0.171171,-0.035037,0.757013,-0.792050,-0.213402,0.000874,-0.214277,-0.156771,1.123852,-1.280623,-0.072404,0.001621,-0.074025,0.123267,-2.046101,2.169368,-0.432359,-0.004204,-0.428155,0.032184,-0.122163,0.077813,-0.566566,0.019902,0.460668,0.148668,-1.157064,8.050971,-0.887902,6.730117,-0.216977,-1.616029,-0.373488
0.303396,-0.061591,-0.006407,-0.055184,-0.135903,-0.639652,0.503749,-0.043983,-0.005163,-0.038820,-1.188081,-2.259733,1.071652,-0.016519,0.000860,-0.017379,0.972325,1.409907,-0.437583,0.587027,0.700168,-0.113141,-0.185435,-0.014264,-0.171171,-0.035037,0.757013,-0.792050,-0.213402,0.000874,-0.214277,-0.156771,1.123852,-1.280623,-0.072404,0.001621,-0.074025,0.123267,-2.046101,2.169368,-0.432359,-0.004204,-0.428155,0.032184,-0.122163,0.077813,-0.566566,0.019902,0.460668,0.148668,-1.175232,8.166145,-0.902664,6.834980,-0.220203,-1.639244,-0.378973
0.308473,-0.063453,-0.006877,-0.056576,-0.136262,-0.610846,0.474584,-0.046124,-0.005385,-0.040739,-1.189686,-2.217846,1.028160,-0.017245,0.000862,-0.018107,0.973587,1.334389,-0.360802,0.582689,0.700179,-0.117489,-0.185173,-0.015187,-0.169986,-0.036319,0.972524,-1.008843,-0.212563,-0.009573,-0.202990,-0.162522,1.397965,-1.560487,-0.072207,0.001621,-0.073828,0.127980,-2.475812,2.603791,-0.430880,0.001697,-0.432577,0.020032,-0.133083,0.089264,-0.577851,0.019363,0.477063,0.145750,-1.217775,7.503288,-0.931291,6.547716,-0.230222,-0.974863,-0.397293
0.313763,-0.063453,-0.006877,-0.056576,-0.136262,-0.610846,0.474584,-0.046124,-0.005385,-0.040739,-1.189686,-2.217846,1.028160,-0.017245,0.000862,-0.018107,0.973587,1.334389,-0.360802,0.582689,0.700179,-0.117489,-0.185173,-0.015187,-0.169986,-0.036319,0.972524,-1.008843,-0.212563,-0.009573,-0.202990,-0.162522,1.397965,-1.560487,-0.072207,0.001621,-0.073828,0.127980,-2.475812,2.603791,-0.430880,0.001697,-0.432577,0.020032,-0.133083,0.089264,-0.577851,0.019363,0.477063,0.145750,-1.240025,7.628176,-0.949358,6.666670,-0.234221,-0.990981,-0.404088
0.319121,-0.065293,-0.006877,-0.058416,-0.136630,-0.610846,0.474216,-0.048232,-0.005385,-0.042847,-1.191330,-2.217846,1.026516,-0.017962,0.000862,-0.018824,0.974883,1.334389,-0.359506,0.578413,0.700179,-0.121766,-0.185034,-0.015187,-0.169846,-0.037696,0.972524,-1.010220,-0.211619,-0.009573,-0.202046,-0.168322,1.397965,-1.566287,-0.072017,0.001621,-0.073638,0.132803,-2.475812,2.608615,-0.429445,0.001697,-0.431142,0.008013,-0.143885,0.100590,-0.589014,0.018830,0.493280,0.142864,-1.297165,7.734464,-1.001832,6.777372,-0.245597,-0.996674,-0.421474
0.323673,-0.065293,-0.006877,-0.058416,-0.136630,-0.610846,0.474216,-0.048232,-0.005385,-0.042847,-1.191330,-2.217846,1.026516,-0.017962,0.000862,-0.018824,0.974883,1.334389,-0.359506,0.578413,0.700179,-0.121766,-0.185034,-0.015187,-0.169846,-0.037696,0.972524,-1.010220,-0.211619,-0.009573,-0.202046,-0.168322,1.397965,-1.566287,-0.072017,0.001621,-0.073638,0.132803,-2.475812,2.608615,-0.429445,0.001697,-0.431142,0.008013,-0.143885,0.100590,-0.589014,0.018830,0.493280,0.142864,-1.316902,7.842298,-1.018008,6.880079,-0.249156,-1.010454,-0.427500
0.329078,-0.067142,-0.006877,-0.060265,-0.137014,-0.610846,0.473832,-0.050341,-0.005385,-0.044957,-1.193042,-2.217846,1.024804,-0.018681,0.000862,-0.019543,0.976235,1.334389,-0.358154,0.574129,0.700179,-0.126050,-0.185014,-0.015187,-0.169827,-0.039188,0.972524,-1.011712,-0.210557,-0.009573,-0.200984,-0.174264,1.397965,-1.572229,-0.071832,0.001621,-0.073453,0.137813,-2.475812,2.613625,-0.428032,0.001697,-0.429729,-0.004069,-0.154743,0.111974,-0.600234,0.018294,0.509581,0.139963,-1.376370,7.949166,-1.072392,6.991629,-0.260952,-1.015367,-0.445507
0.333930,-0.067142,-0.006877,-0.060265,-0.137014,-0.610846,0.473832,-0.050341,-0.005385,-0.044957,-1.193042,-2.217846,1.024804,-0.018681,0.000862,-0.019543,0.976235,1.334389,-0.358154,0.574129,0.700179,-0.126050,-0.185014,-0.015187,-0.169827,-0.039188,0.972524,-1.011712,-0.210557,-0.009573,-0.200984,-0.174264,1.397965,-1.572229,-0.071832,0.001621,-0.073453,0.137813,-2.475812,2.613625,-0.428032,0.001697,-0.429729,-0.004069,-0.154743,0.111974,-0.600234,0.018294,0.509581,0.139963,-1.397507,8.061620,-1.089861,7.098739,-0.264777,-1.029589,-0.451957
0.338621,-0.068995,-0.006877,-0.062118,-0.137414,-0.610846,0.473432,-0.052444,-0.005385,-0.047060,-1.194817,-2.217846,1.023029,-0.019399,0.000862,-0.020261,0.977641,1.334389,-0.356748,0.569849,0.700179,-0.130330,-0.185115,-0.015187,-0.169928,-0.040792,0.972524,-1.013316,-0.209378,-0.009573,-0.199806,-0.180331,1.397965,-1.578296,-0.071651,0.001621,-0.073272,0.142999,-2.475812,2.618811,-0.426645,0.001697,-0.428342,-0.016178,-0.165625,0.123385,-0.611480,0.017757,0.525919,0.137055,-1.456131,8.152655,-1.143424,7.195520,-0.276407,-1.031641,-0.469603
0.343637,-0.068995,-0.006964,-0.062032,-0.137414,-0.604732,0.467318,-0.052444,-0.005443,-0.047001,-1.194817,-2.208939,1.014122,-0.019399,0.000840,-0.020239,0.977641,1.318893,-0.341252,0.569849,0.700174,-0.130325,-0.185115,-0.020750,-0.164365,-0.040792,1.002217,-1.043009,-0.209378,-0.004270,-0.205109,-0.180331,1.499367,-1.679698,-0.071651,-0.001844,-0.069808,0.142999,-2.557550,2.700549,-0.426645,-0.000578,-0.426067,-0.016178,-0.165625,0.123385,-0.611480,0.017757,0.525919,0.137055,-1.467404,8.097244,-1.169540,7.142588,-0.277241,-0.894327,-0.475973
0.348443,-0.070847,-0.006964,-0.063884,-0.137830,-0.604732,0.466901,-0.054532,-0.005443,-0.049089,-1.196651,-2.208939,1.012288,-0.020115,0.000840,-0.020955,0.979098,1.318893,-0.339795,0.565589,0.700174,-0.134585,-0.185338,-0.020750,-0.164588,-0.042503,1.002217,-1.044719,-0.208088,-0.004270,-0.203818,-0.186503,1.499367,-1.685870,-0.071476,-0.001844,-0.069633,0.148340,-2.557550,2.705890,-0.425289,-0.000578,-0.424711,-0.028270,-0.176491,0.134778,-0.622709,0.017221,0.542233,0.134152,-1.527245,8.182885,-1.224138,7.234617,-0.289053,-0.893095,-0.493925
0.353490,-0.070847,-0.006964,-0.063884,-0.137830,-0.604732,0.466901,-0.054532,-0.005443,-0.049089,-1.196651,-2.208939,1.012288,-0.020115,0.000840,-0.020955,0.979098,1.318893,-0.339795,0.565589,0.700174,-0.134585,-0.185338,-0.020750,-0.164588,-0.042503,1.002217,-1.044719,-0.208088,-0.004270,-0.203818,-0.186503,1.499367,-1.685870,-0.071476,-0.001844,-0.069633,0.148340,-2.557550,2.705890,-0.425289,-0.000578,-0.424711,-0.028270,-0.176491,0.134778,-0.622709,0.017221,0.542233,0.134152,-1.551175,8.301936,-1.244448,7.348017,-0.293389,-0.905862,-0.501257
0.358840,-0.072718,-0.006964,-0.065754,-0.138268,-0.604732,0.466464,-0.056623,-0.005443,-0.051180,-1.198563,-2.208939,1.010376,-0.020835,0.000840,-0.021675,0.980621,1.318893,-0.338272,0.561308,0.700174,-0.138866,-0.185684,-0.020750,-0.164934,-0.044337,1.002217,-1.046554,-0.206671,-0.004270,-0.202401,-0.192838,1.499367,-1.692205,-0.071306,-0.001844,-0.069462,0.153889,-2.557550,2.711440,-0.423951,-0.000578,-0.423373,-0.040460,-0.187446,0.146265,-0.634031,0.016681,0.558680,0.131225,-1.616153,8.400423,-1.303076,7.452749,-0.306107,-0.904974,-0.520644
0.363395,-0.072718,-0.006964,-0.065754,-0.138268,-0.604732,0.466464,-0.056623,-0.005443,-0.051180,-1.198563,-2.208939,1.010376,-0.020835,0.000840,-0.021675,0.980621,1.318893,-0.338272,0.561308,0.700174,-0.138866,-0.185684,-0.020750,-0.164934,-0.044337,1.002217,-1.046554,-0.206671,-0.004270,-0.202401,-0.192838,1.499367,-1.692205,-0.071306,-0.001844,-0.069462,0.153889,-2.557550,2.711440,-0.423951,-0.000578,-0.423373,-0.040460,-0.187446,0.146265,-0.634031,0.016681,0.558680,0.131225,-1.637831,8.505515,-1.321575,7.552868,-0.310044,-0.916081,-0.527278
0.368411,-0.074572,-0.006964,-0.067608,-0.138720,-0.604732,0.466012,-0.058677,-0.005443,-0.053233,-1.200519,-2.208939,1.008421,-0.021545,0.000840,-0.022385,0.982184,1.318893,-0.336709,0.557086,0.700174,-0.143088,-0.186148,-0.020750,-0.165398,-0.046261,1.002217,-1.048478,-0.205155,-0.004270,-0.200886,-0.199218,1.499367,-1.698585,-0.071142,-0.001844,-0.069298,0.159543,-2.557550,2.717093,-0.422657,-0.000578,-0.422079,-0.052519,-0.198284,0.157629,-0.645230,0.016146,0.574951,0.128330,-1.703071,8.596867,-1.379927,7.651109,-0.322759,-0.913590,-0.546603
0.374801,-0.076416,-0.006964,-0.069453,-0.139187,-0.604732,0.465544,-0.060699,-0.005443,-0.055255,-1.202521,-2.208939,1.006418,-0.022248,0.000840,-0.023088,0.983791,1.318893,-0.335102,0.552910,0.700174,-0.147264,-0.186717,-0.020750,-0.165967,-0.048259,1.002217,-1.050476,-0.203549,-0.004270,-0.199279,-0.205634,1.499367,-1.705001,-0.070983,-0.001844,-0.069140,0.165287,-2.557550,2.722838,-0.421397,-0.000578,-0.420819,-0.052519,-0.198284,0.157629,-0.645230,0.016146,0.574951,0.128330,-1.776613,8.729394,-1.449119,7.779289,-0.336698,-0.913359,-0.568231
0.378653,-0.076416,-0.006964,-0.069453,-0.139187,-0.604732,0.465544,-0.060699,-0.005443,-0.055255,-1.202521,-2.208939,1.006418,-0.022248,0.000840,-0.023088,0.983791,1.318893,-0.335102,0.552910,0.700174,-0.147264,-0.186717,-0.020750,-0.165967,-0.048259,1.002217,-1.050476,-0.203549,-0.004270,-0.199279,-0.205634,1.499367,-1.705001,-0.070983,-0.001844,-0.069140,0.165287,-2.557550,2.722838,-0.421397,-0.000578,-0.420819,-0.057780,-0.197811,0.162999,-0.640897,0.016470,0.575040,0.128112,-1.795369,8.814895,-1.463192,7.867018,-0.340102,-0.921955,-0.574054
0.383964,-0.076416,-0.006964,-0.069453,-0.139187,-0.604732,0.465544,-0.060699,-0.005443,-0.055255,-1.202521,-2.208939,1.006418,-0.022248,0.000840,-0.023088,0.983791,1.318893,-0.335102,0.552910,0.700174,-0.147264,-0.186717,-0.020750,-0.165967,-0.048259,1.002217,-1.050476,-0.203549,-0.004270,-0.199279,-0.205634,1.499367,-1.705001,-0.070983,-0.001844,-0.069140,0.165287,-2.557550,2.722838,-0.421397,-0.000578,-0.420819,-0.057780,-0.197811,0.162999,-0.640897,0.016470,0.575040,0.128112,-1.821245,8.934221,-1.485461,7.980744,-0.344818,-0.934182,-0.581950
0.388982,-0.078293,-0.006964,-0.071330,-0.139681,-0.604732,0.465050,-0.062734,-0.005443,-0.057290,-1.204617,-2.208939,1.004322,-0.022960,0.000840,-0.023800,0.985478,1.318893,-0.333415,0.548687,0.700174,-0.151487,-0.187244,-0.020750,-0.166494,-0.050109,1.002217,-1.052326,-0.201955,-0.004270,-0.197686,-0.211861,1.499367,-1.711228,-0.070806,-0.001844,-0.068963,0.170869,-2.557550,2.728419,-0.420081,-0.000578,-0.419503,-0.047254,-0.170772,0.154480,-0.599953,0.018819,0.537146,0.134175,-1.891220,9.052806,-1.554919,8.094637,-0.357516,-0.927750,-0.602490
0.394077,-0.078293,-0.006964,-0.071330,-0.139681,-0.604732,0.465050,-0.062734,-0.005443,-0.057290,-1.204617,-2.208939,1.004322,-0.022960,0.000840,-0.023800,0.985478,1.318893,-0.333415,0.548687,0.700174,-0.151487,-0.187244,-0.020750,-0.166494,-0.050109,1.002217,-1.052326,-0.201955,-0.004270,-0.197686,-0.211861,1.499367,-1.711228,-0.070806,-0.001844,-0.068963,0.170869,-2.557550,2.728419,-0.420081,-0.000578,-0.419503,-0.047254,-0.170772,0.154480,-0.599953,0.018819,0.537146,0.134175,-1.917077,9.169144,-1.577250,8.205549,-0.362236,-0.939473,-0.610368
0.398761,-0.080169,-0.006964,-0.073206,-0.140191,-0.604732,0.464541,-0.064747,-0.005443,-0.059304,-1.206766,-2.208939,1.002173,-0.023668,0.000840,-0.024507,0.987215,1.318893,-0.331678,0.544490,0.700174,-0.155684,-0.187664,-0.020750,-0.166914,-0.051683,1.002217,-1.053900,-0.200452,-0.004270,-0.196182,-0.217661,1.499367,-1.717028,-0.070606,-0.001844,-0.068763,0.176056,-2.557550,2.733606,-0.418708,-0.000578,-0.418130,-0.036759,-0.143810,0.145985,-0.559128,0.021161,0.499360,0.140219,-1.986347,9.277358,-1.646164,8.310335,-0.374795,-0.931273,-0.630624
0.404102,-0.080169,-0.006964,-0.073206,-0.140191,-0.604732,0.464541,-0.064747,-0.005443,-0.059304,-1.206766,-2.208939,1.002173,-0.023668,0.000840,-0.024507,0.987215,1.318893,-0.331678,0.544490,0.700174,-0.155684,-0.187664,-0.020750,-0.166914,-0.051683,1.002217,-1.053900,-0.200452,-0.004270,-0.196182,-0.217661,1.499367,-1.717028,-0.070606,-0.001844,-0.068763,0.176056,-2.557550,2.733606,-0.418708,-0.000578,-0.418130,-0.036759,-0.143810,0.145985,-0.559128,0.021161,0.499360,0.140219,-2.013655,9.397315,-1.669825,8.424743,-0.379786,-0.943155,-0.638932
0.409035,-0.082046,-0.006964,-0.075083,-0.140714,-0.604732,0.464018,-0.066743,-0.005443,-0.061300,-1.208969,-2.208939,0.999970,-0.024372,0.000840,-0.025212,0.988998,1.318893,-0.329895,0.540313,0.700174,-0.159861,-0.187979,-0.020750,-0.167229,-0.052986,1.002217,-1.055202,-0.199036,-0.004270,-0.194766,-0.223044,1.499367,-1.722411,-0.070383,-0.001844,-0.068539,0.180857,-2.557550,2.738407,-0.417277,-0.000578,-0.416699,-0.026279,-0.116889,0.137504,-0.518365,0.023499,0.461633,0.146255,-2.086098,9.512362,-1.741597,8.536803,-0.392913,-0.934896,-0.660089
0.413500,-0.082046,-0.006964,-0.075083,-0.140714,-0.604732,0.464018,-0.066743,-0.005443,-0.061300,-1.208969,-2.208939,0.999970,-0.024372,0.000840,-0.025212,0.988998,1.318893,-0.329895,0.540313,0.700174,-0.159861,-0.187979,-0.020750,-0.167229,-0.052986,1.002217,-1.055202,-0.199036,-0.004270,-0.194766,-0.223044,1.499367,-1.722411,-0.070383,-0.001844,-0.068539,0.180857,-2.557550,2.738407,-0.417277,-0.000578,-0.416699,-0.026279,-0.116889,0.137504,-0.518365,0.023499,0.461633,0.146255,-2.109686,9.613581,-1.762097,8.633384,-0.397230,-0.944746,-0.667254
0.418881,-0.083932,-0.006964,-0.076968,-0.141251,-0.604732,0.463481,-0.068732,-0.005443,-0.063289,-1.211230,-2.208939,0.997709,-0.025076,0.000840,-0.025916,0.990834,1.318893,-0.328059,0.536137,0.700174,-0.164037,-0.188190,-0.020750,-0.167440,-0.054022,1.002217,-1.056239,-0.197700,-0.004270,-0.193430,-0.228036,1.499367,-1.727403,-0.070136,-0.001844,-0.068292,0.185296,-2.557550,2.742846,-0.415780,-0.000578,-0.415202,-0.015765,-0.089878,0.128994,-0.477465,0.025846,0.423778,0.152311,-2.185899,9.737172,-1.837331,8.754341,-0.411035,-0.936503,-0.689492
0.423880,-0.083932,-0.006964,-0.076968,-0.141251,-0.604732,0.463481,-0.068732,-0.005443,-0.063289,-1.211230,-2.208939,0.997709,-0.025076,0.000840,-0.025916,0.990834,1.318893,-0.328059,0.536137,0.700174,-0.164037,-0.188190,-0.020750,-0.167440,-0.054022,1.002217,-1.056239,-0.197700,-0.004270,-0.193430,-0.228036,1.499367,-1.727403,-0.070136,-0.001844,-0.068292,0.185296,-2.557550,2.742846,-0.415780,-0.000578,-0.415202,-0.015765,-0.089878,0.128994,-0.477465,0.025846,0.423778,0.152311,-2.213140,9.851418,-1.861075,8.863410,-0.416025,-0.947419,-0.697754
0.428501,-0.085816,-0.006964,-0.078852,-0.141795,-0.604732,0.462936,-0.070704,-0.005443,-0.065261,-1.213536,-2.208939,0.995403,-0.025777,0.000840,-0.026617,0.992709,1.318893,-0.326184,0.531984,0.700174,-0.168191,-0.188295,-0.020750,-0.167545,-0.054787,1.002217,-1.057003,-0.196451,-0.004270,-0.192181,-0.232610,1.499367,-1.731978,-0.069865,-0.001844,-0.068022,0.189348,-2.557550,2.746898,-0.414225,-0.000578,-0.413647,-0.005269,-0.062915,0.120499,-0.436639,0.028188,0.385992,0.158356,-2.286552,9.956933,-1.934048,8.967809,-0.429305,-0.936745,-0.719088
0.433812,-0.085816,-0.006964,-0.078852,-0.141795,-0.604732,0.462936,-0.070704,-0.005443,-0.065261,-1.213536,-2.208939,0.995403,-0.025777,0.000840,-0.026617,0.992709,1.318893,-0.326184,0.531984,0.700174,-0.168191,-0.188295,-0.020750,-0.167545,-0.054787,1.002217,-1.057003,-0.196451,-0.004270,-0.192181,-0.232610,1.499367,-1.731978,-0.069865,-0.001844,-0.068022,0.189348,-2.557550,2.746898,-0.414225,-0.000578,-0.413647,-0.005269,-0.062915,0.120499,-0.436639,0.028188,0.385992,0.158356,-2.316000,10.077711,-1.959787,9.083182,-0.434705,-0.948070,-0.728007
0.438975,-0.087706,-0.006964,-0.080743,-0.142348,-0.604732,0.462384,-0.072670,-0.005443,-0.067227,-1.215892,-2.208939,0.993047,-0.026477,0.000840,-0.027317,0.994628,1.318893,-0.324265,0.527834,0.700174,-0.172340,-0.188295,-0.020750,-0.167545,-0.055283,1.002217,-1.057499,-0.195284,-0.004270,-0.191015,-0.236788,1.499367,-1.736155,-0.069571,-0.001844,-0.067727,0.193032,-2.557550,2.750582,-0.412606,-0.000578,-0.412028,0.005257,-0.035873,0.111979,-0.395693,0.030537,0.348095,0.164419,-2.394007,10.195168,-2.037043,9.199672,-0.448815,-0.937730,-0.750679
0.443893,-0.087706,-0.006964,-0.080743,-0.142348,-0.604732,0.462384,-0.072670,-0.005443,-0.067227,-1.215892,-2.208939,0.993047,-0.026477,0.000840,-0.027317,0.994628,1.318893,-0.324265,0.527834,0.700174,-0.172340,-0.188295,-0.020750,-0.167545,-0.055283,1.002217,-1.057499,-0.195284,-0.004270,-0.191015,-0.236788,1.499367,-1.736155,-0.069571,-0.001844,-0.067727,0.193032,-2.557550,2.750582,-0.412606,-0.000578,-0.412028,0.005257,-0.035873,0.111979,-0.395693,0.030537,0.348095,0.164419,-2.421806,10.306718,-2.061406,9.306298,-0.453917,-0.947988,-0.759086
0.448999,-0.089575,-0.006964,-0.082612,-0.142898,-0.604732,0.461833,-0.074604,-0.005443,-0.069160,-1.218262,-2.208939,0.990677,-0.027166,0.000840,-0.028006,0.996562,1.318893,-0.322332,0.523745,0.700174,-0.176429,-0.188191,-0.020750,-0.167441,-0.055508,1.002217,-1.057725,-0.194215,-0.004270,-0.189945,-0.240518,1.499367,-1.739886,-0.069256,-0.001844,-0.067413,0.196305,-2.557550,2.753856,-0.410943,-0.000578,-0.410365,0.016888,-0.013137,0.102726,-0.360459,0.032123,0.316490,0.170181,-2.499844,10.418370,-2.139111,9.419480,-0.468118,-0.937107,-0.781797
0.454162,-0.089575,-0.006964,-0.082612,-0.142898,-0.604732,0.461833,-0.074604,-0.005443,-0.069160,-1.218262,-2.208939,0.990677,-0.027166,0.000840,-0.028006,0.996562,1.318893,-0.322332,0.523745,0.700174,-0.176429,-0.188191,-0.020750,-0.167441,-0.055508,1.002217,-1.057725,-0.194215,-0.004270,-0.189945,-0.240518,1.499367,-1.739886,-0.069256,-0.001844,-0.067413,0.196305,-2.557550,2.753856,-0.410943,-0.000578,-0.410365,0.016888,-0.013137,0.102726,-0.360459,0.032123,0.316490,0.170181,-2.530007,10.536883,-2.165614,9.532839,-0.473658,-0.947791,-0.790906
0.458842,-0.091466,-0.006964,-0.084502,-0.143457,-0.604732,0.461274,-0.076551,-0.005443,-0.071108,-1.220698,-2.208939,0.988241,-0.027861,0.000840,-0.028701,0.998551,1.318893,-0.320342,0.519623,0.700174,-0.180551,-0.187915,-0.020750,-0.167165,-0.055680,1.002217,-1.057896,-0.193261,-0.004270,-0.188991,-0.244167,1.499367,-1.743534,-0.068954,-0.001844,-0.067110,0.199553,-2.557550,2.757104,-0.409212,-0.000578,-0.408634,0.038026,-0.020948,0.087005,-0.365270,0.028061,0.329688,0.174205,-2.606163,10.616544,-2.244133,9.628774,-0.488299,-0.936401,-0.813523
0.463576,-0.091466,-0.006964,-0.084502,-0.143457,-0.604732,0.461274,-0.076551,-0.005443,-0.071108,-1.220698,-2.208939,0.988241,-0.027861,0.000840,-0.028701,0.998551,1.318893,-0.320342,0.519623,0.700174,-0.180551,-0.187915,-0.020750,-0.167165,-0.055680,1.002217,-1.057896,-0.193261,-0.004270,-0.188991,-0.244167,1.499367,-1.743534,-0.068954,-0.001844,-0.067110,0.199553,-2.557550,2.757104,-0.409212,-0.000578,-0.408634,0.038026,-0.020948,0.087005,-0.365270,0.028061,0.329688,0.174205,-2.633681,10.722441,-2.268377,9.730137,-0.493357,-0.945752,-0.821824
0.468569,-0.093351,-0.006964,-0.086388,-0.144018,-0.604732,0.460714,-0.078488,-0.005443,-0.073045,-1.223169,-2.208939,0.985770,-0.028552,0.000840,-0.029392,1.000573,1.318893,-0.318320,0.515521,0.700174,-0.184653,-0.187426,-0.020750,-0.166677,-0.055929,1.002217,-1.058146,-0.192466,-0.004270,-0.188196,-0.247860,1.499367,-1.747227,-0.068692,-0.001844,-0.066849,0.202931,-2.557550,2.760482,-0.407442,-0.000578,-0.406864,0.059147,-0.028753,0.071297,-0.370077,0.024003,0.342876,0.178225,-2.713125,10.810241,-2.350603,9.834183,-0.508726,-0.934100,-0.845496
0.474063,-0.093351,-0.006964,-0.086388,-0.144018,-0.604732,0.460714,-0.078488,-0.005443,-0.073045,-1.223169,-2.208939,0.985770,-0.028552,0.000840,-0.029392,1.000573,1.318893,-0.318320,0.515521,0.700174,-0.184653,-0.187426,-0.020750,-0.166677,-0.055929,1.002217,-1.058146,-0.192466,-0.004270,-0.188196,-0.247860,1.499367,-1.747227,-0.068692,-0.001844,-0.066849,0.202931,-2.557550,2.760482,-0.407442,-0.000578,-0.406864,0.059147,-0.028753,0.071297,-0.370077,0.024003,0.342876,0.178225,-2.745884,10.933779,-2.379544,9.952517,-0.514754,-0.944775,-0.855366
0.478462,-0.095197,-0.006964,-0.088234,-0.144571,-0.604732,0.460161,-0.080384,-0.005443,-0.074941,-1.225633,-2.208939,0.983306,-0.029229,0.000840,-0.030068,1.002592,1.318893,-0.316301,0.511510,0.700174,-0.188664,-0.186741,-0.020750,-0.165991,-0.056251,1.002217,-1.058467,-0.191839,-0.004270,-0.187569,-0.251534,1.499367,-1.750901,-0.068475,-0.001844,-0.066632,0.206378,-2.557550,2.763929,-0.405664,-0.000578,-0.405086,0.079891,-0.036418,0.055870,-0.374799,0.020017,0.355828,0.182174,-2.821045,11.004758,-2.458701,10.040462,-0.529465,-0.930989,-0.877835
0.483304,-0.095197,-0.006964,-0.088234,-0.144571,-0.604732,0.460161,-0.080384,-0.005443,-0.074941,-1.225633,-2.208939,0.983306,-0.029229,0.000840,-0.030068,1.002592,1.318893,-0.316301,0.511510,0.700174,-0.188664,-0.186741,-0.020750,-0.165991,-0.056251,1.002217,-1.058467,-0.191839,-0.004270,-0.187569,-0.251534,1.499367,-1.750901,-0.068475,-0.001844,-0.066632,0.206378,-2.557550,2.763929,-0.405664,-0.000578,-0.405086,0.079891,-0.036418,0.055870,-0.374799,0.020017,0.355828,0.182174,-2.850945,11.115354,-2.485194,10.146476,-0.534973,-0.940335,-0.886835
0.488375,-0.097090,-0.006964,-0.090126,-0.145144,-0.604732,0.459587,-0.082330,-0.005443,-0.076887,-1.228207,-2.208939,0.980732,-0.029923,0.000840,-0.030763,1.004707,1.318893,-0.314186,0.507399,0.700174,-0.192776,-0.185821,-0.020750,-0.165071,-0.056661,1.002217,-1.058877,-0.191352,-0.004270,-0.187082,-0.255366,1.499367,-1.754733,-0.068293,-0.001844,-0.066449,0.210060,-2.557550,2.767611,-0.403793,-0.000578,-0.403215,0.101249,-0.044311,0.039986,-0.379660,0.015913,0.369164,0.186240,-2.932567,11.200197,-2.571539,10.248698,-0.551073,-0.926071,-0.911355
0.493389,-0.097090,-0.006964,-0.090126,-0.145144,-0.604732,0.459587,-0.082330,-0.005443,-0.076887,-1.228207,-2.208939,0.980732,-0.029923,0.000840,-0.030763,1.004707,1.318893,-0.314186,0.507399,0.700174,-0.192776,-0.185821,-0.020750,-0.165071,-0.056661,1.002217,-1.058877,-0.191352,-0.004270,-0.187082,-0.255366,1.499367,-1.754733,-0.068293,-0.001844,-0.066449,0.210060,-2.557550,2.767611,-0.403793,-0.000578,-0.403215,0.101249,-0.044311,0.039986,-0.379660,0.015913,0.369164,0.186240,-2.964085,11.314543,-2.599556,10.358389,-0.556888,-0.935504,-0.920835
0.498657,-0.098922,-0.006964,-0.091958,-0.145707,-0.604732,0.459025,-0.084220,-0.005443,-0.078777,-1.230751,-2.208939,0.978189,-0.030598,0.000840,-0.031438,1.006802,1.318893,-0.312091,0.503416,0.700174,-0.196758,-0.184717,-0.020750,-0.163967,-0.057137,1.002217,-1.059354,-0.191033,-0.004270,-0.186763,-0.259143,1.499367,-1.758510,-0.068155,-0.001844,-0.066311,0.213774,-2.557550,2.771325,-0.401932,-0.000578,-0.401354,0.122037,-0.051993,0.024526,-0.384392,0.011918,0.382143,0.190197,-3.046778,11.405034,-2.687706,10.465909,-0.573351,-0.921156,-0.945806
0.503906,-0.098922,-0.006964,-0.091958,-0.145707,-0.604732,0.459025,-0.084220,-0.005443,-0.078777,-1.230751,-2.208939,0.978189,-0.030598,0.000840,-0.031438,1.006802,1.318893,-0.312091,0.503416,0.700174,-0.196758,-0.184717,-0.020750,-0.163967,-0.057137,1.002217,-1.059354,-0.191033,-0.004270,-0.186763,-0.259143,1.499367,-1.758510,-0.068155,-0.001844,-0.066311,0.213774,-2.557550,2.771325,-0.401932,-0.000578,-0.401354,0.122037,-0.051993,0.024526,-0.384392,0.011918,0.382143,0.190197,-3.079831,11.522767,-2.717186,10.578936,-0.579460,-0.930633,-0.955742
0.508638,-0.100764,-0.006964,-0.093800,-0.146282,-0.604732,0.458450,-0.086131,-0.005443,-0.080688,-1.233364,-2.208939,0.975575,-0.031279,0.000840,-0.032119,1.008961,1.318893,-0.309932,0.499402,0.700174,-0.200772,-0.183390,-0.020750,-0.162640,-0.057696,1.002217,-1.059913,-0.190866,-0.004270,-0.186596,-0.263015,1.499367,-1.762382,-0.068056,-0.001844,-0.066212,0.217665,-2.557550,2.775216,-0.400008,-0.000578,-0.399431,0.143082,-0.059770,0.008874,-0.389182,0.007874,0.395284,0.194204,-3.160096,11.598590,-2.804728,10.673099,-0.595712,-0.913679,-0.980140
0.513889,-0.100764,-0.006964,-0.093800,-0.146282,-0.604732,0.458450,-0.086131,-0.005443,-0.080688,-1.233364,-2.208939,0.975575,-0.031279,0.000840,-0.032119,1.008961,1.318893,-0.309932,0.499402,0.700174,-0.200772,-0.183390,-0.020750,-0.162640,-0.057696,1.002217,-1.059913,-0.190866,-0.004270,-0.186596,-0.263015,1.499367,-1.762382,-0.068056,-0.001844,-0.066212,0.217665,-2.557550,2.775216,-0.400008,-0.000578,-0.399431,0.143082,-0.059770,0.008874,-0.389182,0.007874,0.395284,0.194204,-3.194136,11.717670,-2.835200,10.787512,-0.602015,-0.923018,-0.990369
0.518840,-0.102585,-0.006964,-0.095622,-0.146860,-0.604732,0.457872,-0.088034,-0.005443,-0.082591,-1.236006,-2.208939,0.972933,-0.031958,0.000840,-0.032798,1.011151,1.318893,-0.307742,0.495423,0.700174,-0.204751,-0.181875,-0.020750,-0.161125,-0.058310,1.002217,-1.060527,-0.190844,-0.004270,-0.186575,-0.266894,1.499367,-1.766261,-0.067992,-0.001844,-0.066149,0.221641,-2.557550,2.779192,-0.398053,-0.000578,-0.397475,0.155851,-0.056975,-0.001181,-0.380756,0.006506,0.392521,0.197845,-3.278095,11.807988,-2.925744,10.890482,-0.618888,-0.905062,-1.015658
0.523264,-0.102585,-0.006964,-0.095622,-0.146860,-0.604732,0.457872,-0.088034,-0.005443,-0.082591,-1.236006,-2.208939,0.972933,-0.031958,0.000840,-0.032798,1.011151,1.318893,-0.307742,0.495423,0.700174,-0.204751,-0.181875,-0.020750,-0.161125,-0.058310,1.002217,-1.060527,-0.190844,-0.004270,-0.186575,-0.266894,1.499367,-1.766261,-0.067992,-0.001844,-0.066149,0.221641,-2.557550,2.779192,-0.398053,-0.000578,-0.397475,0.155851,-0.056975,-0.001181,-0.380756,0.006506,0.392521,0.197845,-3.306774,11.906579,-2.951517,10.985285,-0.624210,-0.912586,-1.024274
0.529813,-0.104398,-0.006964,-0.097434,-0.147446,-0.604732,0.457286,-0.089945,-0.005443,-0.084502,-1.238696,-2.208939,0.970243,-0.032638,0.000840,-0.033478,1.013389,1.318893,-0.305504,0.491449,0.700174,-0.208726,-0.180315,-0.020750,-0.159565,-0.058784,1.002217,-1.061000,-0.190863,-0.004270,-0.186593,-0.270559,1.499367,-1.769926,-0.067913,-0.001844,-0.066070,0.225432,-2.557550,2.782982,-0.396057,-0.000578,-0.395479,0.155789,-0.037607,-0.002576,-0.351562,0.009312,0.364841,0.200949,-3.402707,12.039639,-3.051168,11.121361,-0.642966,-0.895150,-1.052626
0.533830,-0.104398,-0.006964,-0.097434,-0.147446,-0.604732,0.457286,-0.089945,-0.005443,-0.084502,-1.238696,-2.208939,0.970243,-0.032638,0.000840,-0.033478,1.013389,1.318893,-0.305504,0.491449,0.700174,-0.208726,-0.180315,-0.020750,-0.159565,-0.058784,1.002217,-1.061000,-0.190863,-0.004270,-0.186593,-0.270559,1.499367,-1.769926,-0.067913,-0.001844,-0.066070,0.225432,-2.557550,2.782982,-0.396057,-0.000578,-0.395479,0.155789,-0.037607,-0.002576,-0.351562,0.009312,0.364841,0.200949,-3.430936,12.135033,-3.076638,11.213169,-0.648216,-0.902225,-1.061106
0.538606,-0.106201,-0.006964,-0.099238,-0.148038,-0.604732,0.456694,-0.091862,-0.005443,-0.086419,-1.241431,-2.208939,0.967508,-0.033320,0.000840,-0.034159,1.015671,1.318893,-0.303222,0.487481,0.700174,-0.212693,-0.178750,-0.020750,-0.158001,-0.059064,1.002217,-1.061281,-0.190896,-0.004270,-0.186626,-0.273943,1.499367,-1.773310,-0.067806,-0.001844,-0.065962,0.228957,-2.557550,2.786507,-0.394023,-0.000578,-0.393445,0.155727,-0.018174,-0.003975,-0.322270,0.012128,0.337066,0.204064,-3.518049,12.233875,-3.169235,11.317016,-0.665418,-0.881234,-1.086855
0.543597,-0.106201,-0.006964,-0.099238,-0.148038,-0.604732,0.456694,-0.091862,-0.005443,-0.086419,-1.241431,-2.208939,0.967508,-0.033320,0.000840,-0.034159,1.015671,1.318893,-0.303222,0.487481,0.700174,-0.212693,-0.178750,-0.020750,-0.158001,-0.059064,1.002217,-1.061281,-0.190896,-0.004270,-0.186626,-0.273943,1.499367,-1.773310,-0.067806,-0.001844,-0.065962,0.228957,-2.557550,2.786507,-0.394023,-0.000578,-0.393445,0.155727,-0.018174,-0.003975,-0.322270,0.012128,0.337066,0.204064,-3.551484,12.344988,-3.199524,11.424049,-0.671652,-0.889233,-1.096898
0.548967,-0.107972,-0.006964,-0.101009,-0.148626,-0.604732,0.456105,-0.093762,-0.005443,-0.088319,-1.244172,-2.208939,0.964767,-0.033994,0.000840,-0.034833,1.017966,1.318893,-0.300927,0.483570,0.700174,-0.216604,-0.177201,-0.020750,-0.156451,-0.059149,1.002217,-1.061366,-0.190942,-0.004270,-0.186673,-0.277005,1.499367,-1.776372,-0.067671,-0.001844,-0.065827,0.232174,-2.557550,2.789724,-0.391977,-0.000578,-0.391399,0.155666,0.001081,-0.005361,-0.293247,0.014917,0.309547,0.207150,-3.642871,12.456366,-3.296736,11.540515,-0.689720,-0.868516,-1.123982
0.553783,-0.107972,-0.006964,-0.101009,-0.148626,-0.604732,0.456105,-0.093762,-0.005443,-0.088319,-1.244172,-2.208939,0.964767,-0.033994,0.000840,-0.034833,1.017966,1.318893,-0.300927,0.483570,0.700174,-0.216604,-0.177201,-0.020750,-0.156451,-0.059149,1.002217,-1.061366,-0.190942,-0.004270,-0.186673,-0.277005,1.499367,-1.776372,-0.067671,-0.001844,-0.065827,0.232174,-2.557550,2.789724,-0.391977,-0.000578,-0.391399,0.155666,0.001081,-0.005361,-0.293247,0.014917,0.309547,0.207150,-3.675786,12.563989,-3.326673,11.644279,-0.695870,-0.876030,-1.133869
0.559552,-0.109745,-0.006964,-0.102781,-0.149220,-0.604732,0.455511,-0.095681,-0.005443,-0.090237,-1.246970,-2.208939,0.961969,-0.034673,0.000840,-0.035513,1.020314,1.318893,-0.298579,0.479642,0.700174,-0.220532,-0.175637,-0.020750,-0.154888,-0.059040,1.002217,-1.061257,-0.191003,-0.004270,-0.186734,-0.279804,1.499367,-1.779171,-0.067507,-0.001844,-0.065663,0.235144,-2.557550,2.792695,-0.389880,-0.000578,-0.389302,0.155604,0.020522,-0.006760,-0.263943,0.017734,0.281762,0.210266,-3.771164,12.683093,-3.428573,11.768878,-0.714771,-0.854663,-1.162198
0.563487,-0.109745,-0.006964,-0.102781,-0.149220,-0.604732,0.455511,-0.095681,-0.005443,-0.090237,-1.246970,-2.208939,0.961969,-0.034673,0.000840,-0.035513,1.020314,1.318893,-0.298579,0.479642,0.700174,-0.220532,-0.175637,-0.020750,-0.154888,-0.059040,1.002217,-1.061257,-0.191003,-0.004270,-0.186734,-0.279804,1.499367,-1.779171,-0.067507,-0.001844,-0.065663,0.235144,-2.557550,2.792695,-0.389880,-0.000578,-0.389302,0.155604,0.020522,-0.006760,-0.263943,0.017734,0.281762,0.210266,-3.798912,12.772384,-3.453913,11.855051,-0.719967,-0.860700,-1.170533
0.568354,-0.111493,-0.006964,-0.104529,-0.149809,-0.604732,0.454922,-0.097590,-0.005443,-0.092147,-1.249779,-2.208939,0.959160,-0.035347,0.000840,-0.036186,1.022678,1.318893,-0.296215,0.475756,0.700174,-0.224419,-0.174082,-0.020750,-0.153332,-0.058739,1.002217,-1.060955,-0.191078,-0.004270,-0.186808,-0.282297,1.499367,-1.781664,-0.067316,-0.001844,-0.065472,0.237823,-2.557550,2.795373,-0.387763,-0.000578,-0.387185,0.155542,0.039863,-0.008153,-0.234790,0.020536,0.254120,0.213366,-3.889122,12.873003,-3.551928,11.962276,-0.737965,-0.837409,-1.197361
0.573888,-0.111493,-0.006964,-0.104529,-0.149809,-0.604732,0.454922,-0.097590,-0.005443,-0.092147,-1.249779,-2.208939,0.959160,-0.035347,0.000840,-0.036186,1.022678,1.318893,-0.296215,0.475756,0.700174,-0.224419,-0.174082,-0.020750,-0.153332,-0.058739,1.002217,-1.060955,-0.191078,-0.004270,-0.186808,-0.282297,1.499367,-1.781664,-0.067316,-0.001844,-0.065472,0.237823,-2.557550,2.795373,-0.387763,-0.000578,-0.387185,0.155542,0.039863,-0.008153,-0.234790,0.020536,0.254120,0.213366,-3.926583,12.991692,-3.586276,12.076930,-0.744995,-0.845169,-1.208614
0.578400,-0.113212,-0.006964,-0.106248,-0.150389,-0.604732,0.454342,-0.099486,-0.005443,-0.094042,-1.252590,-2.208939,0.956349,-0.036013,0.000840,-0.036853,1.025048,1.318893,-0.293845,0.471920,0.700174,-0.228254,-0.172540,-0.020750,-0.151790,-0.058248,1.002217,-1.060465,-0.191166,-0.004270,-0.186896,-0.284482,1.499367,-1.783849,-0.067098,-0.001844,-0.065255,0.240207,-2.557550,2.797758,-0.385631,-0.000578,-0.385053,0.155481,0.059053,-0.009534,-0.205865,0.023317,0.226693,0.216441,-4.016146,13.088995,-3.684511,12.181337,-0.762929,-0.821084,-1.235301
0.583739,-0.113212,-0.006964,-0.106248,-0.150389,-0.604732,0.454342,-0.099486,-0.005443,-0.094042,-1.252590,-2.208939,0.956349,-0.036013,0.000840,-0.036853,1.025048,1.318893,-0.293845,0.471920,0.700174,-0.228254,-0.172540,-0.020750,-0.151790,-0.058248,1.002217,-1.060465,-0.191166,-0.004270,-0.186896,-0.284482,1.499367,-1.783849,-0.067098,-0.001844,-0.065255,0.240207,-2.557550,2.797758,-0.385631,-0.000578,-0.385053,0.155481,0.059053,-0.009534,-0.205865,0.023317,0.226693,0.216441,-4.054088,13.207414,-3.719441,12.295842,-0.770064,-0.828565,-1.246699
0.588933,-0.114938,-0.006964,-0.107975,-0.150972,-0.604732,0.453760,-0.101408,-0.005443,-0.095965,-1.255460,-2.208939,0.953479,-0.036687,0.000840,-0.037526,1.027474,1.318893,-0.291419,0.468054,0.700174,-0.232120,-0.170977,-0.020750,-0.150227,-0.057557,1.002217,-1.059773,-0.191268,-0.004270,-0.186999,-0.286405,1.499367,-1.785772,-0.066850,-0.001844,-0.065006,0.242347,-2.557550,2.799897,-0.383439,-0.000578,-0.382861,0.155418,0.078507,-0.010934,-0.176542,0.026135,0.198890,0.219559,-4.148899,13.315945,-3.823706,12.411664,-0.789063,-0.803959,-1.275011
0.594075,-0.114938,-0.006964,-0.107975,-0.150972,-0.604732,0.453760,-0.101408,-0.005443,-0.095965,-1.255460,-2.208939,0.953479,-0.036687,0.000840,-0.037526,1.027474,1.318893,-0.291419,0.468054,0.700174,-0.232120,-0.170977,-0.020750,-0.150227,-0.057557,1.002217,-1.059773,-0.191268,-0.004270,-0.186999,-0.286405,1.499367,-1.785772,-0.066850,-0.001844,-0.065006,0.242347,-2.557550,2.799897,-0.383439,-0.000578,-0.382861,0.155418,0.078507,-0.010934,-0.176542,0.026135,0.198890,0.219559,-4.185885,13.429678,-3.857897,12.521747,-0.796033,-0.810886,-1.286124
0.598623,-0.116645,-0.006964,-0.109681,-0.151545,-0.604732,0.453187,-0.103326,-0.005443,-0.097883,-1.258340,-2.208939,0.950599,-0.037355,0.000840,-0.038195,1.029914,1.318893,-0.288979,0.464221,0.700174,-0.235953,-0.169427,-0.020750,-0.148677,-0.056705,1.002217,-1.058922,-0.191375,-0.004270,-0.187105,-0.288075,1.499367,-1.787442,-0.066577,-0.001844,-0.064733,0.244248,-2.557550,2.801798,-0.381228,-0.000578,-0.380650,0.152230,0.084323,-0.008077,-0.166398,0.027682,0.189966,0.220514,-4.275650,13.514961,-3.956540,12.618849,-0.814496,-0.785508,-1.313297
0.603542,-0.116645,-0.006964,-0.109681,-0.151545,-0.604732,0.453187,-0.103326,-0.005443,-0.097883,-1.258340,-2.208939,0.950599,-0.037355,0.000840,-0.038195,1.029914,1.318893,-0.288979,0.464221,0.700174,-0.235953,-0.169427,-0.020750,-0.148677,-0.056705,1.002217,-1.058922,-0.191375,-0.004270,-0.187105,-0.288075,1.499367,-1.787442,-0.066577,-0.001844,-0.064733,0.244248,-2.557550,2.801798,-0.381228,-0.000578,-0.380650,0.152230,0.084323,-0.008077,-0.166398,0.027682,0.189966,0.220514,-4.311498,13.623610,-3.989816,12.724116,-0.821266,-0.791880,-1.324070
0.608437,-0.118324,-0.006964,-0.111361,-0.152105,-0.604732,0.452627,-0.105232,-0.005443,-0.099789,-1.261217,-2.208939,0.947723,-0.038017,0.000840,-0.038857,1.032355,1.318893,-0.286538,0.460436,0.700174,-0.239738,-0.167943,-0.020750,-0.147193,-0.055908,1.002217,-1.058124,-0.191419,-0.004270,-0.187149,-0.289781,1.499367,-1.789148,-0.066300,-0.001844,-0.064456,0.246193,-2.557550,2.803743,-0.379039,-0.000578,-0.378461,0.145797,0.075894,-0.000792,-0.176294,0.027897,0.200766,0.219210,-4.403046,13.706328,-4.088671,12.822312,-0.840487,-0.766958,-1.352140
0.613618,-0.118324,-0.006964,-0.111361,-0.152105,-0.604732,0.452627,-0.105232,-0.005443,-0.099789,-1.261217,-2.208939,0.947723,-0.038017,0.000840,-0.038857,1.032355,1.318893,-0.286538,0.460436,0.700174,-0.239738,-0.167943,-0.020750,-0.147193,-0.055908,1.002217,-1.058124,-0.191419,-0.004270,-0.187149,-0.289781,1.499367,-1.789148,-0.066300,-0.001844,-0.064456,0.246193,-2.557550,2.803743,-0.379039,-0.000578,-0.378461,0.145797,0.075894,-0.000792,-0.176294,0.027897,0.200766,0.219210,-4.441319,13.820701,-4.124341,12.933232,-0.847729,-0.773406,-1.363644
0.618969,-0.119997,-0.006964,-0.113033,-0.152661,-0.604732,0.452071,-0.107146,-0.005443,-0.101703,-1.264124,-2.208939,0.944815,-0.038679,0.000840,-0.039518,1.034828,1.318893,-0.284066,0.456656,0.700174,-0.243518,-0.166517,-0.020750,-0.145768,-0.055191,1.002217,-1.057408,-0.191390,-0.004270,-0.187120,-0.291593,1.499367,-1.790960,-0.066020,-0.001844,-0.064176,0.248255,-2.557550,2.805805,-0.376853,-0.000578,-0.376275,0.139334,0.067426,0.006526,-0.186236,0.028113,0.211615,0.217900,-4.537518,13.912721,-4.228126,13.040527,-0.867889,-0.747738,-1.393124
0.624047,-0.119997,-0.006964,-0.113033,-0.152661,-0.604732,0.452071,-0.107146,-0.005443,-0.101703,-1.264124,-2.208939,0.944815,-0.038679,0.000840,-0.039518,1.034828,1.318893,-0.284066,0.456656,0.700174,-0.243518,-0.166517,-0.020750,-0.145768,-0.055191,1.002217,-1.057408,-0.191390,-0.004270,-0.187120,-0.291593,1.499367,-1.790960,-0.066020,-0.001844,-0.064176,0.248255,-2.557550,2.805805,-0.376853,-0.000578,-0.376275,0.139334,0.067426,0.006526,-0.186236,0.028113,0.211615,0.217900,-4.575472,14.024572,-4.263638,13.149105,-0.875085,-0.753785,-1.404534
0.628665,-0.121796,-0.006964,-0.114833,-0.153256,-0.604732,0.451476,-0.109224,-0.005443,-0.103781,-1.267301,-2.208939,0.941638,-0.039394,0.000840,-0.040233,1.037536,1.318893,-0.281357,0.452578,0.700174,-0.247596,-0.165043,-0.020750,-0.144293,-0.054509,1.002217,-1.056726,-0.191276,-0.004270,-0.187007,-0.293674,1.499367,-1.793041,-0.065713,-0.001844,-0.063870,0.250616,-2.557550,2.808167,-0.374495,-0.000578,-0.373917,0.132317,0.058234,0.014471,-0.197028,0.028347,0.223393,0.216478,-4.672156,14.097747,-4.369571,13.239639,-0.895550,-0.723215,-1.434209
0.633680,-0.121796,-0.006964,-0.114833,-0.153256,-0.604732,0.451476,-0.109224,-0.005443,-0.103781,-1.267301,-2.208939,0.941638,-0.039394,0.000840,-0.040233,1.037536,1.318893,-0.281357,0.452578,0.700174,-0.247596,-0.165043,-0.020750,-0.144293,-0.054509,1.002217,-1.056726,-0.191276,-0.004270,-0.187007,-0.293674,1.499367,-1.793041,-0.065713,-0.001844,-0.063870,0.250616,-2.557550,2.808167,-0.374495,-0.000578,-0.373917,0.132317,0.058234,0.014471,-0.197028,0.028347,0.223393,0.216478,-4.710375,14.208716,-4.405480,13.347468,-0.902811,-0.728931,-1.445701
0.638771,-0.123309,-0.006964,-0.116346,-0.153755,-0.604732,0.450977,-0.110983,-0.005443,-0.105539,-1.270011,-2.208939,0.938928,-0.039997,0.000840,-0.040837,1.039851,1.318893,-0.279043,0.449142,0.700174,-0.251032,-0.163853,-0.020750,-0.143103,-0.054009,1.002217,-1.056226,-0.191112,-0.004270,-0.186842,-0.295528,1.499367,-1.794895,-0.065452,-0.001844,-0.063608,0.252717,-2.557550,2.810267,-0.372509,-0.000578,-0.371931,0.126373,0.050445,0.021202,-0.206172,0.028546,0.233371,0.215273,-4.802200,14.296226,-4.504920,13.448983,-0.922068,-0.703281,-1.473818
0.643322,-0.123309,-0.006964,-0.116346,-0.153755,-0.604732,0.450977,-0.110983,-0.005443,-0.105539,-1.270011,-2.208939,0.938928,-0.039997,0.000840,-0.040837,1.039851,1.318893,-0.279043,0.449142,0.700174,-0.251032,-0.163853,-0.020750,-0.143103,-0.054009,1.002217,-1.056226,-0.191112,-0.004270,-0.186842,-0.295528,1.499367,-1.794895,-0.065452,-0.001844,-0.063608,0.252717,-2.557550,2.810267,-0.372509,-0.000578,-0.371931,0.126373,0.050445,0.021202,-0.206172,0.028546,0.233371,0.215273,-4.837070,14.396226,-4.537797,13.546235,-0.928705,-0.708213,-1.484304
0.649339,-0.124940,-0.006964,-0.117976,-0.154292,-0.604732,0.450439,-0.112890,-0.005443,-0.107447,-1.272973,-2.208939,0.935966,-0.040649,0.000840,-0.041489,1.042387,1.318893,-0.276506,0.445432,0.700174,-0.254742,-0.162623,-0.020750,-0.141873,-0.053548,1.002217,-1.055764,-0.190864,-0.004270,-0.186594,-0.297637,1.499367,-1.797004,-0.065166,-0.001844,-0.063322,0.255102,-2.557550,2.812653,-0.370365,-0.000578,-0.369788,0.119917,0.041988,0.028511,-0.216101,0.028761,0.244207,0.213964,-4.940833,14.499019,-4.649975,13.664091,-0.950421,-0.679531,-1.516043
0.653804,-0.124940,-0.006964,-0.117976,-0.154292,-0.604732,0.450439,-0.112890,-0.005443,-0.107447,-1.272973,-2.208939,0.935966,-0.040649,0.000840,-0.041489,1.042387,1.318893,-0.276506,0.445432,0.700174,-0.254742,-0.162623,-0.020750,-0.141873,-0.053548,1.002217,-1.055764,-0.190864,-0.004270,-0.186594,-0.297637,1.499367,-1.797004,-0.065166,-0.001844,-0.063322,0.255102,-2.557550,2.812653,-0.370365,-0.000578,-0.369788,0.119917,0.041988,0.028511,-0.216101,0.028761,0.244207,0.213964,-4.976363,14.599564,-4.683595,13.761960,-0.957196,-0.684246,-1.526729
0.659277,-0.126560,-0.006964,-0.119596,-0.154826,-0.604732,0.449906,-0.114797,-0.005443,-0.109354,-1.275960,-2.208939,0.932979,-0.041300,0.000840,-0.042139,1.044950,1.318893,-0.273943,0.441739,0.700174,-0.258435,-0.161456,-0.020750,-0.140706,-0.053170,1.002217,-1.055387,-0.190542,-0.004270,-0.186272,-0.299848,1.499367,-1.799215,-0.064877,-0.001844,-0.063033,0.257598,-2.557550,2.815149,-0.368232,-0.000578,-0.367655,0.113455,0.033522,0.035828,-0.226041,0.028977,0.255054,0.212654,-5.077729,14.691415,-4.793850,13.869272,-0.978487,-0.653738,-1.557728
0.663555,-0.126560,-0.006964,-0.119596,-0.154826,-0.604732,0.449906,-0.114797,-0.005443,-0.109354,-1.275960,-2.208939,0.932979,-0.041300,0.000840,-0.042139,1.044950,1.318893,-0.273943,0.441739,0.700174,-0.258435,-0.161456,-0.020750,-0.140706,-0.053170,1.002217,-1.055387,-0.190542,-0.004270,-0.186272,-0.299848,1.499367,-1.799215,-0.064877,-0.001844,-0.063033,0.257598,-2.557550,2.815149,-0.368232,-0.000578,-0.367655,0.113455,0.033522,0.035828,-0.226041,0.028977,0.255054,0.212654,-5.111814,14.786615,-4.826217,13.962020,-0.984998,-0.657969,-1.567981
0.669088,-0.128174,-0.006964,-0.121210,-0.155357,-0.604732,0.449374,-0.116706,-0.005443,-0.111263,-1.278979,-2.208939,0.929960,-0.041949,0.000840,-0.042788,1.047546,1.318893,-0.271347,0.438057,0.700174,-0.262117,-0.160351,-0.020750,-0.139601,-0.052876,1.002217,-1.055093,-0.190146,-0.004270,-0.185876,-0.302165,1.499367,-1.801532,-0.064585,-0.001844,-0.062742,0.260211,-2.557550,2.817761,-0.366106,-0.000578,-0.365528,0.106974,0.025031,0.043167,-0.236010,0.029193,0.265933,0.211341,-5.215314,14.880033,-4.938793,14.071013,-1.006724,-0.626149,-1.599595
0.674214,-0.129754,-0.006964,-0.122791,-0.155879,-0.604732,0.448852,-0.118585,-0.005443,-0.113141,-1.281979,-2.208939,0.926960,-0.042586,0.000840,-0.043426,1.050133,1.318893,-0.268760,0.434446,0.700174,-0.265728,-0.159324,-0.020750,-0.138574,-0.052670,1.002217,-1.054887,-0.189683,-0.004270,-0.185414,-0.304548,1.499367,-1.803915,-0.064295,-0.001844,-0.062452,0.262894,-2.557550,2.820445,-0.364023,-0.000578,-0.363445,0.106974,0.025031,0.043167,-0.236010,0.029193,0.265933,0.211341,-5.316665,14.971826,-5.052088,14.172747,-1.027798,-0.593074,-1.630196
0.678732,-0.129754,-0.006964,-0.122791,-0.155879,-0.604732,0.448852,-0.118585,-0.005443,-0.113141,-1.281979,-2.208939,0.926960,-0.042586,0.000840,-0.043426,1.050133,1.318893,-0.268760,0.434446,0.700174,-0.265728,-0.159324,-0.020750,-0.138574,-0.052670,1.002217,-1.054887,-0.189683,-0.004270,-0.185414,-0.304548,1.499367,-1.803915,-0.064295,-0.001844,-0.062452,0.262894,-2.557550,2.820445,-0.364023,-0.000578,-0.363445,0.100583,0.016657,0.050404,-0.245842,0.029406,0.276662,0.210045,-5.351852,15.063396,-5.082838,14.267591,-1.034759,-0.597310,-1.641105
0.684040,-0.129754,-0.006964,-0.122791,-0.155879,-0.604732,0.448852,-0.118585,-0.005443,-0.113141,-1.281979,-2.208939,0.926960,-0.042586,0.000840,-0.043426,1.050133,1.318893,-0.268760,0.434446,0.700174,-0.265728,-0.159324,-0.020750,-0.138574,-0.052670,1.002217,-1.054887,-0.189683,-0.004270,-0.185414,-0.304548,1.499367,-1.803915,-0.064295,-0.001844,-0.062452,0.262894,-2.557550,2.820445,-0.364023,-0.000578,-0.363445,0.100583,0.016657,0.050404,-0.245842,0.029406,0.276662,0.210045,-5.394473,15.179426,-5.123580,14.380828,-1.042928,-0.601886,-1.653927
0.688919,-0.131368,-0.006964,-0.124404,-0.156414,-0.604732,0.448318,-0.120509,-0.005443,-0.115065,-1.285085,-2.208939,0.923854,-0.043238,0.000840,-0.044077,1.052818,1.318893,-0.266075,0.430759,0.700174,-0.269415,-0.158336,-0.020750,-0.137586,-0.052545,1.002217,-1.054761,-0.189134,-0.004270,-0.184864,-0.307096,1.499367,-1.806463,-0.063996,-0.001844,-0.062152,0.265760,-2.557550,2.823311,-0.361896,-0.000578,-0.361318,0.094019,0.008057,0.057837,-0.255938,0.029626,0.287680,0.208714,-5.495830,15.256675,-5.234599,14.474566,-1.064292,-0.566270,-1.684820
0.695301,-0.132954,-0.006964,-0.125990,-0.156941,-0.604732,0.447790,-0.122406,-0.005443,-0.116963,-1.288184,-2.208939,0.920755,-0.043879,0.000840,-0.044719,1.055503,1.318893,-0.263390,0.427134,0.700174,-0.273040,-0.157424,-0.020750,-0.136674,-0.052507,1.002217,-1.054723,-0.188516,-0.004270,-0.184246,-0.309718,1.499367,-1.809085,-0.063697,-0.001844,-0.061853,0.268705,-2.557550,2.826256,-0.359805,-0.000578,-0.359227,0.094019,0.008057,0.057837,-0.255938,0.029626,0.287680,0.208714,-5.610721,15.373866,-5.361326,14.601665,-1.088003,-0.530772,-1.719397
0.698870,-0.132954,-0.006964,-0.125990,-0.156941,-0.604732,0.447790,-0.122406,-0.005443,-0.116963,-1.288184,-2.208939,0.920755,-0.043879,0.000840,-0.044719,1.055503,1.318893,-0.263390,0.427134,0.700174,-0.273040,-0.157424,-0.020750,-0.136674,-0.052507,1.002217,-1.054723,-0.188516,-0.004270,-0.184246,-0.309718,1.499367,-1.809085,-0.063697,-0.001844,-0.061853,0.268705,-2.557550,2.826256,-0.359805,-0.000578,-0.359227,0.087526,-0.000450,0.065189,-0.265926,0.029842,0.298579,0.207398,-5.639090,15.444791,-5.385688,14.676580,-1.093678,-0.533793,-1.728260
0.703891,-0.132954,-0.006964,-0.125990,-0.156941,-0.604732,0.447790,-0.122406,-0.005443,-0.116963,-1.288184,-2.208939,0.920755,-0.043879,0.000840,-0.044719,1.055503,1.318893,-0.263390,0.427134,0.700174,-0.273040,-0.157424,-0.020750,-0.136674,-0.052507,1.002217,-1.054723,-0.188516,-0.004270,-0.184246,-0.309718,1.499367,-1.809085,-0.063697,-0.001844,-0.061853,0.268705,-2.557550,2.826256,-0.359805,-0.000578,-0.359227,0.087526,-0.000450,0.065189,-0.265926,0.029842,0.298579,0.207398,-5.680310,15.554194,-5.425336,14.783532,-1.101603,-0.537535,-1.740661
0.709086,-0.134505,-0.006964,-0.127542,-0.157460,-0.604732,0.447271,-0.124266,-0.005443,-0.118823,-1.291258,-2.208939,0.917681,-0.044507,0.000840,-0.045347,1.058173,1.318893,-0.260720,0.423588,0.700174,-0.276586,-0.156566,-0.020750,-0.135816,-0.052502,1.002217,-1.054718,-0.187865,-0.004270,-0.183595,-0.312324,1.499367,-1.811691,-0.063399,-0.001844,-0.061555,0.271640,-2.557550,2.829190,-0.357754,-0.000578,-0.357176,0.086592,0.002214,0.066059,-0.260153,0.030495,0.294090,0.207925,-5.786105,15.645587,-5.543031,14.888293,-1.123468,-0.499879,-1.772452
0.713786,-0.134505,-0.006964,-0.127542,-0.157460,-0.604732,0.447271,-0.124266,-0.005443,-0.118823,-1.291258,-2.208939,0.917681,-0.044507,0.000840,-0.045347,1.058173,1.318893,-0.260720,0.423588,0.700174,-0.276586,-0.156566,-0.020750,-0.135816,-0.052502,1.002217,-1.054718,-0.187865,-0.004270,-0.183595,-0.312324,1.499367,-1.811691,-0.063399,-0.001844,-0.061555,0.271640,-2.557550,2.829190,-0.357754,-0.000578,-0.357176,0.086592,0.002214,0.066059,-0.260153,0.030495,0.294090,0.207925,-5.825135,15.747921,-5.580680,14.988419,-1.130982,-0.503111,-1.784195
0.718937,-0.136065,-0.006964,-0.129101,-0.157984,-0.604732,0.446747,-0.126139,-0.005443,-0.120696,-1.294390,-2.208939,0.914549,-0.045139,0.000840,-0.045979,1.060901,1.318893,-0.257992,0.420025,0.700174,-0.280149,-0.155703,-0.020750,-0.134953,-0.052462,1.002217,-1.054678,-0.187203,-0.004270,-0.182933,-0.314886,1.499367,-1.814253,-0.063091,-0.001844,-0.061247,0.274548,-2.557550,2.832099,-0.355674,-0.000578,-0.355096,0.086101,0.005818,0.066412,-0.253030,0.031192,0.288295,0.208608,-5.932354,15.838508,-5.700516,15.092707,-1.153132,-0.463703,-1.816369
0.724226,-0.136065,-0.006964,-0.129101,-0.157984,-0.604732,0.446747,-0.126139,-0.005443,-0.120696,-1.294390,-2.208939,0.914549,-0.045139,0.000840,-0.045979,1.060901,1.318893,-0.257992,0.420025,0.700174,-0.280149,-0.155703,-0.020750,-0.134953,-0.052462,1.002217,-1.054678,-0.187203,-0.004270,-0.182933,-0.314886,1.499367,-1.814253,-0.063091,-0.001844,-0.061247,0.274548,-2.557550,2.832099,-0.355674,-0.000578,-0.355096,0.086101,0.005818,0.066412,-0.253030,0.031192,0.288295,0.208608,-5.976605,15.953130,-5.743322,15.204953,-1.161664,-0.467016,-1.829682
0.728469,-0.137614,-0.006964,-0.130650,-0.158507,-0.604732,0.446224,-0.128003,-0.005443,-0.122560,-1.297544,-2.208939,0.911395,-0.045767,0.000840,-0.046606,1.063654,1.318893,-0.255239,0.416487,0.700174,-0.283687,-0.154847,-0.020750,-0.134097,-0.052386,1.002217,-1.054602,-0.186539,-0.004270,-0.182269,-0.317375,1.499367,-1.816742,-0.062776,-0.001844,-0.060932,0.277395,-2.557550,2.834946,-0.353589,-0.000578,-0.353011,0.085609,0.009419,0.066765,-0.245914,0.031888,0.282507,0.209290,-6.077104,16.023750,-5.857016,15.290040,-1.182533,-0.425870,-1.859817
0.733705,-0.137614,-0.006964,-0.130650,-0.158507,-0.604732,0.446224,-0.128003,-0.005443,-0.122560,-1.297544,-2.208939,0.911395,-0.045767,0.000840,-0.046606,1.063654,1.318893,-0.255239,0.416487,0.700174,-0.283687,-0.154847,-0.020750,-0.134097,-0.052386,1.002217,-1.054602,-0.186539,-0.004270,-0.182269,-0.317375,1.499367,-1.816742,-0.062776,-0.001844,-0.060932,0.277395,-2.557550,2.834946,-0.353589,-0.000578,-0.353011,0.085609,0.009419,0.066765,-0.245914,0.031888,0.282507,0.209290,-6.121582,16.137590,-5.900160,15.401616,-1.191120,-0.428853,-1.873197
0.738733,-0.139157,-0.006964,-0.132193,-0.159030,-0.604732,0.445701,-0.129863,-0.005443,-0.124420,-1.300727,-2.208939,0.908212,-0.046392,0.000840,-0.047232,1.066439,1.318893,-0.252454,0.412965,0.700174,-0.287209,-0.153994,-0.020750,-0.133244,-0.052274,1.002217,-1.054490,-0.185870,-0.004270,-0.181600,-0.319796,1.499367,-1.819163,-0.062454,-0.001844,-0.060610,0.280189,-2.557550,2.837739,-0.351495,-0.000578,-0.350917,0.085117,0.013024,0.067118,-0.238789,0.032584,0.276711,0.209974,-6.229385,16.223990,-6.021330,15.502545,-1.213416,-0.386855,-1.905509
0.743682,-0.139157,-0.006964,-0.132193,-0.159030,-0.604732,0.445701,-0.129863,-0.005443,-0.124420,-1.300727,-2.208939,0.908212,-0.046392,0.000840,-0.047232,1.066439,1.318893,-0.252454,0.412965,0.700174,-0.287209,-0.153994,-0.020750,-0.133244,-0.052274,1.002217,-1.054490,-0.185870,-0.004270,-0.181600,-0.319796,1.499367,-1.819163,-0.062454,-0.001844,-0.060610,0.280189,-2.557550,2.837739,-0.351495,-0.000578,-0.350917,0.085117,0.013024,0.067118,-0.238789,0.032584,0.276711,0.209974,-6.272163,16.332198,-6.062940,15.608694,-1.221686,-0.389394,-1.918377
0.749489,-0.140702,-0.006964,-0.133739,-0.159556,-0.604732,0.445176,-0.131731,-0.005443,-0.126288,-1.303958,-2.208939,0.904981,-0.047019,0.000840,-0.047859,1.069274,1.318893,-0.249620,0.409438,0.700174,-0.290736,-0.153140,-0.020750,-0.132390,-0.052124,1.002217,-1.054341,-0.185193,-0.004270,-0.180923,-0.322164,1.499367,-1.821531,-0.062123,-0.001844,-0.060279,0.282945,-2.557550,2.840495,-0.349378,-0.000578,-0.348800,0.084622,0.016657,0.067474,-0.231610,0.033286,0.270871,0.210662,-6.388011,16.434620,-6.192454,15.725831,-1.245561,-0.346142,-1.953086
0.753535,-0.140702,-0.006964,-0.133739,-0.159556,-0.604732,0.445176,-0.131731,-0.005443,-0.126288,-1.303958,-2.208939,0.904981,-0.047019,0.000840,-0.047859,1.069274,1.318893,-0.249620,0.409438,0.700174,-0.290736,-0.153140,-0.020750,-0.132390,-0.052124,1.002217,-1.054341,-0.185193,-0.004270,-0.180923,-0.322164,1.499367,-1.821531,-0.062123,-0.001844,-0.060279,0.282945,-2.557550,2.840495,-0.349378,-0.000578,-0.348800,0.084622,0.016657,0.067474,-0.231610,0.033286,0.270871,0.210662,-6.423530,16.523419,-6.227095,15.813017,-1.252436,-0.347978,-1.963771
0.758686,-0.142229,-0.006964,-0.135266,-0.160076,-0.604732,0.444656,-0.133579,-0.005443,-0.128136,-1.307191,-2.208939,0.901748,-0.047639,0.000840,-0.048478,1.072116,1.318893,-0.246777,0.405955,0.700174,-0.294219,-0.152296,-0.020750,-0.131546,-0.051940,1.002217,-1.054156,-0.184516,-0.004270,-0.180246,-0.324444,1.499367,-1.823811,-0.061786,-0.001844,-0.059943,0.285624,-2.557550,2.843175,-0.347268,-0.000578,-0.346690,0.084129,0.020265,0.067827,-0.224478,0.033983,0.265070,0.211346,-6.534667,16.612685,-6.352274,15.917464,-1.275399,-0.303512,-1.997039
0.763798,-0.142229,-0.006964,-0.135266,-0.160076,-0.604732,0.444656,-0.133579,-0.005443,-0.128136,-1.307191,-2.208939,0.901748,-0.047639,0.000840,-0.048478,1.072116,1.318893,-0.246777,0.405955,0.700174,-0.294219,-0.152296,-0.020750,-0.131546,-0.051940,1.002217,-1.054156,-0.184516,-0.004270,-0.180246,-0.324444,1.499367,-1.823811,-0.061786,-0.001844,-0.059943,0.285624,-2.557550,2.843175,-0.347268,-0.000578,-0.346690,0.084129,0.020265,0.067827,-0.224478,0.033983,0.265070,0.211346,-6.579449,16.723365,-6.396063,16.026230,-1.284077,-0.305490,-2.010509
0.768665,-0.143740,-0.006964,-0.136777,-0.160592,-0.604732,0.444140,-0.135412,-0.005443,-0.129968,-1.310429,-2.208939,0.898510,-0.048252,0.000840,-0.049091,1.074971,1.318893,-0.243923,0.402511,0.700174,-0.297663,-0.151461,-0.020750,-0.130712,-0.051720,1.002217,-1.053937,-0.183840,-0.004270,-0.179570,-0.326642,1.499367,-1.826009,-0.061445,-0.001844,-0.059601,0.288232,-2.557550,2.845783,-0.345162,-0.000578,-0.344584,0.083640,0.023855,0.068179,-0.217383,0.034677,0.259298,0.212026,-6.688753,16.806449,-6.519736,16.124842,-1.306684,-0.259894,-2.043202
0.774920,-0.145260,-0.006964,-0.138296,-0.161111,-0.604732,0.443621,-0.137258,-0.005443,-0.131815,-1.313727,-2.208939,0.895212,-0.048868,0.000840,-0.049708,1.077884,1.318893,-0.241009,0.399048,0.700174,-0.301126,-0.150622,-0.020750,-0.129872,-0.051462,1.002217,-1.053679,-0.183152,-0.004270,-0.178882,-0.328793,1.499367,-1.828160,-0.061092,-0.001844,-0.059249,0.290812,-2.557550,2.848363,-0.343025,-0.000578,-0.342447,0.083640,0.023855,0.068179,-0.217383,0.034677,0.259298,0.212026,-6.811465,16.918076,-6.657109,16.249434,-1.332021,-0.213569,-2.079935
0.778121,-0.145260,-0.006964,-0.138296,-0.161111,-0.604732,0.443621,-0.137258,-0.005443,-0.131815,-1.313727,-2.208939,0.895212,-0.048868,0.000840,-0.049708,1.077884,1.318893,-0.241009,0.399048,0.700174,-0.301126,-0.150622,-0.020750,-0.129872,-0.051462,1.002217,-1.053679,-0.183152,-0.004270,-0.178882,-0.328793,1.499367,-1.828160,-0.061092,-0.001844,-0.059249,0.290812,-2.557550,2.848363,-0.343025,-0.000578,-0.342447,0.083144,0.027486,0.068534,-0.210207,0.035379,0.253461,0.212714,-6.840522,16.988874,-6.685573,16.321654,-1.337548,-0.214041,-2.088638
0.783193,-0.145260,-0.006964,-0.138296,-0.161111,-0.604732,0.443621,-0.137258,-0.005443,-0.131815,-1.313727,-2.208939,0.895212,-0.048868,0.000840,-0.049708,1.077884,1.318893,-0.241009,0.399048,0.700174,-0.301126,-0.150622,-0.020750,-0.129872,-0.051462,1.002217,-1.053679,-0.183152,-0.004270,-0.178882,-0.328793,1.499367,-1.828160,-0.061092,-0.001844,-0.059249,0.290812,-2.557550,2.848363,-0.343025,-0.000578,-0.342447,0.083144,0.027486,0.068534,-0.210207,0.035379,0.253461,0.212714,-6.885362,17.097238,-6.729641,16.428335,-1.346257,-0.215362,-2.102123
0.788701,-0.146751,-0.006964,-0.139788,-0.161620,-0.604732,0.443111,-0.139073,-0.005443,-0.133630,-1.317002,-2.208939,0.891938,-0.049473,0.000840,-0.050313,1.080783,1.318893,-0.238110,0.395653,0.700174,-0.304521,-0.149799,-0.020750,-0.129049,-0.051171,1.002217,-1.053388,-0.182470,-0.004270,-0.178200,-0.330845,1.499367,-1.830212,-0.060738,-0.001844,-0.058894,0.293300,-2.557550,2.850850,-0.340910,-0.000578,-0.340332,0.082655,0.031069,0.068885,-0.203125,0.036071,0.247700,0.213394,-7.002324,17.194387,-6.861513,16.541353,-1.370351,-0.167551,-2.137064
0.793483,-0.146751,-0.006964,-0.139788,-0.161620,-0.604732,0.443111,-0.139073,-0.005443,-0.133630,-1.317002,-2.208939,0.891938,-0.049473,0.000840,-0.050313,1.080783,1.318893,-0.238110,0.395653,0.700174,-0.304521,-0.149799,-0.020750,-0.129049,-0.051171,1.002217,-1.053388,-0.182470,-0.004270,-0.178200,-0.330845,1.499367,-1.830212,-0.060738,-0.001844,-0.058894,0.293300,-2.557550,2.850850,-0.340910,-0.000578,-0.340332,0.082655,0.031069,0.068885,-0.203125,0.036071,0.247700,0.213394,-7.045158,17.296780,-6.903711,16.642246,-1.378680,-0.168506,-2.149944
0.798629,-0.148251,-0.006964,-0.141288,-0.162132,-0.604732,0.442599,-0.140901,-0.005443,-0.135458,-1.320333,-2.208939,0.888606,-0.050081,0.000840,-0.050921,1.083741,1.318893,-0.235152,0.392241,0.700174,-0.307933,-0.148972,-0.020750,-0.128222,-0.050841,1.002217,-1.053058,-0.181776,-0.004270,-0.177507,-0.332848,1.499367,-1.832215,-0.060372,-0.001844,-0.058528,0.295758,-2.557550,2.853308,-0.338764,-0.000578,-0.338186,0.082161,0.034693,0.069240,-0.195964,0.036771,0.241875,0.214080,-7.160508,17.385571,-7.034545,16.747508,-1.402472,-0.118781,-2.184367
0.804008,-0.148251,-0.006964,-0.141288,-0.162132,-0.604732,0.442599,-0.140901,-0.005443,-0.135458,-1.320333,-2.208939,0.888606,-0.050081,0.000840,-0.050921,1.083741,1.318893,-0.235152,0.392241,0.700174,-0.307933,-0.148972,-0.020750,-0.128222,-0.050841,1.002217,-1.053058,-0.181776,-0.004270,-0.177507,-0.332848,1.499367,-1.832215,-0.060372,-0.001844,-0.058528,0.295758,-2.557550,2.853308,-0.338764,-0.000578,-0.338186,0.082161,0.034693,0.069240,-0.195964,0.036771,0.241875,0.214080,-7.209403,17.501191,-7.082831,16.861538,-1.411989,-0.119521,-2.199068
0.808639,-0.149728,-0.006964,-0.142764,-0.162636,-0.604732,0.442096,-0.142705,-0.005443,-0.137262,-1.323652,-2.208939,0.885288,-0.050679,0.000840,-0.051519,1.086692,1.318893,-0.232201,0.388884,0.700174,-0.311290,-0.148158,-0.020750,-0.127408,-0.050479,1.002217,-1.052695,-0.181086,-0.004270,-0.176817,-0.334761,1.499367,-1.834128,-0.060003,-0.001844,-0.058159,0.298133,-2.557550,2.855684,-0.336633,-0.000578,-0.336055,0.081671,0.038280,0.069592,-0.188874,0.037464,0.236108,0.214760,-7.320174,17.578685,-7.209320,16.955743,-1.434869,-0.068963,-2.232083
0.814216,-0.149728,-0.006964,-0.142764,-0.162636,-0.604732,0.442096,-0.142705,-0.005443,-0.137262,-1.323652,-2.208939,0.885288,-0.050679,0.000840,-0.051519,1.086692,1.318893,-0.232201,0.388884,0.700174,-0.311290,-0.148158,-0.020750,-0.127408,-0.050479,1.002217,-1.052695,-0.181086,-0.004270,-0.176817,-0.334761,1.499367,-1.834128,-0.060003,-0.001844,-0.058159,0.298133,-2.557550,2.855684,-0.336633,-0.000578,-0.336055,0.081671,0.038280,0.069592,-0.188874,0.037464,0.236108,0.214760,-7.370933,17.697449,-7.259565,17.072977,-1.444760,-0.069377,-2.247344
0.818729,-0.151224,-0.006964,-0.144260,-0.163145,-0.604732,0.441587,-0.144535,-0.005443,-0.139092,-1.327050,-2.208939,0.881889,-0.051285,0.000840,-0.052125,1.089723,1.318893,-0.229170,0.385487,0.700174,-0.314687,-0.147333,-0.020750,-0.126583,-0.050072,1.002217,-1.052289,-0.180380,-0.004270,-0.176110,-0.336637,1.499367,-1.836004,-0.059620,-0.001844,-0.057776,0.300494,-2.557550,2.858045,-0.334455,-0.000578,-0.333877,0.081173,0.041934,0.069949,-0.181653,0.038170,0.230234,0.215452,-7.483060,17.772592,-7.388047,17.165427,-1.467916,-0.016611,-2.280725
0.823319,-0.151224,-0.006964,-0.144260,-0.163145,-0.604732,0.441587,-0.144535,-0.005443,-0.139092,-1.327050,-2.208939,0.881889,-0.051285,0.000840,-0.052125,1.089723,1.318893,-0.229170,0.385487,0.700174,-0.314687,-0.147333,-0.020750,-0.126583,-0.050072,1.002217,-1.052289,-0.180380,-0.004270,-0.176110,-0.336637,1.499367,-1.836004,-0.059620,-0.001844,-0.057776,0.300494,-2.557550,2.858045,-0.334455,-0.000578,-0.333877,0.081173,0.041934,0.069949,-0.181653,0.038170,0.230234,0.215452,-7.525541,17.870935,-7.430196,17.262591,-1.476202,-0.016660,-2.293495
0.828125,-0.152676,-0.006964,-0.145713,-0.163638,-0.604732,0.441094,-0.146314,-0.005443,-0.140871,-1.330387,-2.208939,0.878553,-0.051872,0.000840,-0.052712,1.092704,1.318893,-0.226189,0.382192,0.700174,-0.317982,-0.146533,-0.020750,-0.125783,-0.049641,1.002217,-1.051857,-0.179687,-0.004270,-0.175417,-0.338398,1.499367,-1.837765,-0.059239,-0.001844,-0.057396,0.302742,-2.557550,2.860292,-0.332322,-0.000578,-0.331744,0.080658,0.045076,0.070343,-0.175256,0.038800,0.225074,0.216003,-7.639145,17.951803,-7.560023,17.360481,-1.499611,0.035998,-2.327298
0.833913,-0.152676,-0.006964,-0.145713,-0.163638,-0.604732,0.441094,-0.146314,-0.005443,-0.140871,-1.330387,-2.208939,0.878553,-0.051872,0.000840,-0.052712,1.092704,1.318893,-0.226189,0.382192,0.700174,-0.317982,-0.146533,-0.020750,-0.125783,-0.049641,1.002217,-1.051857,-0.179687,-0.004270,-0.175417,-0.338398,1.499367,-1.837765,-0.059239,-0.001844,-0.057396,0.302742,-2.557550,2.860292,-0.332322,-0.000578,-0.331744,0.080658,0.045076,0.070343,-0.175256,0.038800,0.225074,0.216003,-7.693311,18.075920,-7.613886,17.483220,-1.510185,0.036303,-2.343578
0.838889,-0.154140,-0.006964,-0.147176,-0.164133,-0.604732,0.440599,-0.148110,-0.005443,-0.142667,-1.333784,-2.208939,0.875155,-0.052464,0.000840,-0.053303,1.095747,1.318893,-0.223146,0.378875,0.700174,-0.321299,-0.145729,-0.020750,-0.124979,-0.049186,1.002217,-1.051402,-0.178979,-0.004270,-0.174709,-0.340140,1.499367,-1.839507,-0.058849,-0.001844,-0.057006,0.304986,-2.557550,2.862537,-0.330160,-0.000578,-0.329582,0.079972,0.045758,0.071003,-0.172618,0.039086,0.223229,0.215821,-7.810415,18.158957,-7.747618,17.583767,-1.534347,0.090808,-2.378421
0.843736,-0.154140,-0.006964,-0.147176,-0.164133,-0.604732,0.440599,-0.148110,-0.005443,-0.142667,-1.333784,-2.208939,0.875155,-0.052464,0.000840,-0.053303,1.095747,1.318893,-0.223146,0.378875,0.700174,-0.321299,-0.145729,-0.020750,-0.124979,-0.049186,1.002217,-1.051402,-0.178979,-0.004270,-0.174709,-0.340140,1.499367,-1.839507,-0.058849,-0.001844,-0.057006,0.304986,-2.557550,2.862537,-0.330160,-0.000578,-0.329582,0.079972,0.045758,0.071003,-0.172618,0.039086,0.223229,0.215821,-7.855861,18.262035,-7.792911,17.685790,-1.543227,0.091373,-2.392079
0.848639,-0.155592,-0.006964,-0.148629,-0.164622,-0.604732,0.440110,-0.149896,-0.005443,-0.144453,-1.337193,-2.208939,0.871746,-0.053050,0.000840,-0.053890,1.098807,1.318893,-0.220086,0.375585,0.700174,-0.324589,-0.144933,-0.020750,-0.124183,-0.048725,1.002217,-1.050942,-0.178266,-0.004270,-0.173996,-0.341852,1.499367,-1.841219,-0.058457,-0.001844,-0.056614,0.307209,-2.557550,2.864759,-0.328003,-0.000578,-0.327425,0.079287,0.046439,0.071661,-0.169985,0.039372,0.221387,0.215639,-7.972680,18.342660,-7.926624,17.784046,-1.567317,0.147074,-2.426799
0.853611,-0.155592,-0.006964,-0.148629,-0.164622,-0.604732,0.440110,-0.149896,-0.005443,-0.144453,-1.337193,-2.208939,0.871746,-0.053050,0.000840,-0.053890,1.098807,1.318893,-0.220086,0.375585,0.700174,-0.324589,-0.144933,-0.020750,-0.124183,-0.048725,1.002217,-1.050942,-0.178266,-0.004270,-0.173996,-0.341852,1.499367,-1.841219,-0.058457,-0.001844,-0.056614,0.307209,-2.557550,2.864759,-0.328003,-0.000578,-0.327425,0.079287,0.046439,0.071661,-0.169985,0.039372,0.221387,0.215639,-8.020188,18.449333,-7.974075,17.889721,-1.576606,0.147982,-2.441074
0.858852,-0.157048,-0.006964,-0.150084,-0.165110,-0.604732,0.439621,-0.151687,-0.005443,-0.146244,-1.340643,-2.208939,0.868296,-0.053636,0.000840,-0.054476,1.101911,1.318893,-0.216982,0.372294,0.700174,-0.327880,-0.144138,-0.020750,-0.123388,-0.048254,1.002217,-1.050471,-0.177541,-0.004270,-0.173271,-0.343550,1.499367,-1.842917,-0.058059,-0.001844,-0.056216,0.309428,-2.557550,2.866979,-0.325833,-0.000578,-0.325255,0.078597,0.047125,0.072324,-0.167333,0.039660,0.219532,0.215456,-8.141670,18.537021,-8.112860,17.995229,-1.601600,0.205475,-2.477153
0.863549,-0.157048,-0.006964,-0.150084,-0.165110,-0.604732,0.439621,-0.151687,-0.005443,-0.146244,-1.340643,-2.208939,0.868296,-0.053636,0.000840,-0.054476,1.101911,1.318893,-0.216982,0.372294,0.700174,-0.327880,-0.144138,-0.020750,-0.123388,-0.048254,1.002217,-1.050471,-0.177541,-0.004270,-0.173271,-0.343550,1.499367,-1.842917,-0.058059,-0.001844,-0.056216,0.309428,-2.557550,2.866979,-0.325833,-0.000578,-0.325255,0.078597,0.047125,0.072324,-0.167333,0.039660,0.219532,0.215456,-8.186777,18.637295,-8.158009,18.094652,-1.610427,0.206639,-2.490704
0.868807,-0.158488,-0.006964,-0.151525,-0.165592,-0.604732,0.439140,-0.153462,-0.005443,-0.148019,-1.344094,-2.208939,0.864845,-0.054216,0.000840,-0.055056,1.105023,1.318893,-0.213870,0.369039,0.700174,-0.331135,-0.143354,-0.020750,-0.122604,-0.047778,1.002217,-1.049995,-0.176813,-0.004270,-0.172543,-0.345214,1.499367,-1.844581,-0.057661,-0.001844,-0.055817,0.311619,-2.557550,2.869170,-0.323675,-0.000578,-0.323097,0.077910,0.047807,0.072984,-0.164693,0.039947,0.217686,0.215274,-8.309067,18.725528,-8.297811,18.200734,-1.635554,0.265232,-2.526986
0.874778,-0.159899,-0.006964,-0.152936,-0.166061,-0.604732,0.438671,-0.155204,-0.005443,-0.149761,-1.347510,-2.208939,0.861429,-0.054783,0.000840,-0.055623,1.108109,1.318893,-0.210784,0.365855,0.700174,-0.334319,-0.142588,-0.020750,-0.121839,-0.047303,1.002217,-1.049520,-0.176089,-0.004270,-0.171820,-0.346826,1.499367,-1.846194,-0.057265,-0.001844,-0.055421,0.313759,-2.557550,2.871309,-0.321551,-0.000578,-0.320973,0.077910,0.047807,0.072984,-0.164693,0.039947,0.217686,0.215274,-8.437711,18.830076,-8.444155,18.320178,-1.661919,0.324105,-2.565142
0.878539,-0.159899,-0.006964,-0.152936,-0.166061,-0.604732,0.438671,-0.155204,-0.005443,-0.149761,-1.347510,-2.208939,0.861429,-0.054783,0.000840,-0.055623,1.108109,1.318893,-0.210784,0.365855,0.700174,-0.334319,-0.142588,-0.020750,-0.121839,-0.047303,1.002217,-1.049520,-0.176089,-0.004270,-0.171820,-0.346826,1.499367,-1.846194,-0.057265,-0.001844,-0.055421,0.313759,-2.557550,2.871309,-0.321551,-0.000578,-0.320973,0.077233,0.048479,0.073634,-0.162093,0.040229,0.215867,0.215094,-8.474381,18.909214,-8.480776,18.401371,-1.669067,0.325689,-2.576155
0.883855,-0.159899,-0.006964,-0.152936,-0.166061,-0.604732,0.438671,-0.155204,-0.005443,-0.149761,-1.347510,-2.208939,0.861429,-0.054783,0.000840,-0.055623,1.108109,1.318893,-0.210784,0.365855,0.700174,-0.334319,-0.142588,-0.020750,-0.121839,-0.047303,1.002217,-1.049520,-0.176089,-0.004270,-0.171820,-0.346826,1.499367,-1.846194,-0.057265,-0.001844,-0.055421,0.313759,-2.557550,2.871309,-0.321551,-0.000578,-0.320973,0.077233,0.048479,0.073634,-0.162093,0.040229,0.215867,0.215094,-8.526318,19.022457,-8.532976,18.513846,-1.679246,0.327703,-2.591753
0.888658,-0.161333,-0.006964,-0.154369,-0.166535,-0.604732,0.438196,-0.156976,-0.005443,-0.151532,-1.351015,-2.208939,0.857924,-0.055359,0.000840,-0.056198,1.111284,1.318893,-0.207609,0.362624,0.700174,-0.337550,-0.141813,-0.020750,-0.121063,-0.046811,1.002217,-1.049027,-0.175344,-0.004270,-0.171074,-0.348447,1.499367,-1.847814,-0.056858,-0.001844,-0.055014,0.315926,-2.557550,2.873476,-0.319383,-0.000578,-0.318805,0.076542,0.049166,0.074298,-0.159437,0.040517,0.214010,0.214911,-8.646417,19.100793,-8.671219,18.610426,-1.703902,0.389196,-2.627285
0.894262,-0.161333,-0.006964,-0.154369,-0.166535,-0.604732,0.438196,-0.156976,-0.005443,-0.151532,-1.351015,-2.208939,0.857924,-0.055359,0.000840,-0.056198,1.111284,1.318893,-0.207609,0.362624,0.700174,-0.337550,-0.141813,-0.020750,-0.121063,-0.046811,1.002217,-1.049027,-0.175344,-0.004270,-0.171074,-0.348447,1.499367,-1.847814,-0.056858,-0.001844,-0.055014,0.315926,-2.557550,2.873476,-0.319383,-0.000578,-0.318805,0.076542,0.049166,0.074298,-0.159437,0.040517,0.214010,0.214911,-8.701420,19.219573,-8.726613,18.728502,-1.714689,0.391685,-2.643800
0.898773,-0.162743,-0.006964,-0.155780,-0.167000,-0.604732,0.437732,-0.158720,-0.005443,-0.153277,-1.354497,-2.208939,0.854442,-0.055924,0.000840,-0.056763,1.114445,1.318893,-0.204448,0.359450,0.700174,-0.340724,-0.141053,-0.020750,-0.120303,-0.046317,1.002217,-1.048534,-0.174600,-0.004270,-0.170330,-0.350024,1.499367,-1.849391,-0.056452,-0.001844,-0.054609,0.318051,-2.557550,2.875601,-0.317241,-0.000578,-0.316663,0.075859,0.049845,0.074954,-0.156810,0.040802,0.212173,0.214729,-8.818783,19.292094,-8.862160,18.819187,-1.738768,0.453750,-2.678470
0.903699,-0.162743,-0.006964,-0.155780,-0.167000,-0.604732,0.437732,-0.158720,-0.005443,-0.153277,-1.354497,-2.208939,0.854442,-0.055924,0.000840,-0.056763,1.114445,1.318893,-0.204448,0.359450,0.700174,-0.340724,-0.141053,-0.020750,-0.120303,-0.046317,1.002217,-1.048534,-0.174600,-0.004270,-0.170330,-0.350024,1.499367,-1.849391,-0.056452,-0.001844,-0.054609,0.318051,-2.557550,2.875601,-0.317241,-0.000578,-0.316663,0.075859,0.049845,0.074954,-0.156810,0.040802,0.212173,0.214729,-8.867707,19.396759,-8.911528,18.923319,-1.748369,0.456274,-2.693156
0.908700,-0.164146,-0.006964,-0.157183,-0.167459,-0.604732,0.437273,-0.160458,-0.005443,-0.155015,-1.357996,-2.208939,0.850943,-0.056485,0.000840,-0.057324,1.117627,1.318893,-0.201266,0.356296,0.700174,-0.343878,-0.140300,-0.020750,-0.119550,-0.045817,1.002217,-1.048033,-0.173849,-0.004270,-0.169579,-0.351575,1.499367,-1.850942,-0.056044,-0.001844,-0.054200,0.320158,-2.557550,2.877708,-0.315100,-0.000578,-0.314522,0.075175,0.050525,0.075611,-0.154183,0.041088,0.210335,0.214548,-8.990415,19.478920,-9.052704,19.023671,-1.773466,0.519907,-2.729382
0.913884,-0.164146,-0.006964,-0.157183,-0.167459,-0.604732,0.437273,-0.160458,-0.005443,-0.155015,-1.357996,-2.208939,0.850943,-0.056485,0.000840,-0.057324,1.117627,1.318893,-0.201266,0.356296,0.700174,-0.343878,-0.140300,-0.020750,-0.119550,-0.045817,1.002217,-1.048033,-0.173849,-0.004270,-0.169579,-0.351575,1.499367,-1.850942,-0.056044,-0.001844,-0.054200,0.320158,-2.557550,2.877708,-0.315100,-0.000578,-0.314522,0.075175,0.050525,0.075611,-0.154183,0.041088,0.210335,0.214548,-9.042034,19.588330,-9.104891,19.132615,-1.783601,0.522894,-2.744874
0.918871,-0.165549,-0.006964,-0.158585,-0.167916,-0.604732,0.436816,-0.162197,-0.005443,-0.156754,-1.361528,-2.208939,0.847411,-0.057044,0.000840,-0.057884,1.120847,1.318893,-0.198046,0.353149,0.700174,-0.347025,-0.139550,-0.020750,-0.118800,-0.045307,1.002217,-1.047523,-0.173087,-0.004270,-0.168818,-0.353107,1.499367,-1.852474,-0.055631,-0.001844,-0.053787,0.322257,-2.557550,2.879807,-0.312951,-0.000578,-0.312373,0.074488,0.051207,0.076271,-0.151542,0.041374,0.208489,0.214366,-9.166230,19.670894,-9.247893,19.233538,-1.808961,0.588230,-2.781492
0.923771,-0.165549,-0.006964,-0.158585,-0.167916,-0.604732,0.436816,-0.162197,-0.005443,-0.156754,-1.361528,-2.208939,0.847411,-0.057044,0.000840,-0.057884,1.120847,1.318893,-0.198046,0.353149,0.700174,-0.347025,-0.139550,-0.020750,-0.118800,-0.045307,1.002217,-1.047523,-0.173087,-0.004270,-0.168818,-0.353107,1.499367,-1.852474,-0.055631,-0.001844,-0.053787,0.322257,-2.557550,2.879807,-0.312951,-0.000578,-0.312373,0.074488,0.051207,0.076271,-0.151542,0.041374,0.208489,0.214366,-9.215702,19.774793,-9.298003,19.337081,-1.818681,0.591402,-2.796336
0.928346,-0.166944,-0.006964,-0.159980,-0.168367,-0.604732,0.436364,-0.163928,-0.005443,-0.158485,-1.365074,-2.208939,0.843865,-0.057600,0.000840,-0.058440,1.124087,1.318893,-0.194806,0.350023,0.700174,-0.350151,-0.138807,-0.020750,-0.118057,-0.044790,1.002217,-1.047007,-0.172320,-0.004270,-0.168050,-0.354613,1.499367,-1.853980,-0.055215,-0.001844,-0.053371,0.324337,-2.557550,2.881888,-0.310803,-0.000578,-0.310225,0.073801,0.051890,0.076931,-0.148902,0.041661,0.206642,0.214183,-9.336121,19.847766,-9.437387,19.428499,-1.843260,0.657780,-2.831768
0.933182,-0.166944,-0.006964,-0.159980,-0.168367,-0.604732,0.436364,-0.163928,-0.005443,-0.158485,-1.365074,-2.208939,0.843865,-0.057600,0.000840,-0.058440,1.124087,1.318893,-0.194806,0.350023,0.700174,-0.350151,-0.138807,-0.020750,-0.118057,-0.044790,1.002217,-1.047007,-0.172320,-0.004270,-0.168050,-0.354613,1.499367,-1.853980,-0.055215,-0.001844,-0.053371,0.324337,-2.557550,2.881888,-0.310803,-0.000578,-0.310225,0.073801,0.051890,0.076931,-0.148902,0.041661,0.206642,0.214183,-9.385582,19.950703,-9.487579,19.531167,-1.852982,0.661258,-2.846605
0.938484,-0.168322,-0.006964,-0.161359,-0.168811,-0.604732,0.435921,-0.165640,-0.005443,-0.160197,-1.368613,-2.208939,0.840326,-0.058148,0.000840,-0.058987,1.127327,1.318893,-0.191566,0.346939,0.700174,-0.353235,-0.138075,-0.020750,-0.117326,-0.044270,1.002217,-1.046487,-0.171550,-0.004270,-0.167281,-0.356082,1.499367,-1.855449,-0.054798,-0.001844,-0.052955,0.326386,-2.557550,2.883936,-0.308671,-0.000578,-0.308093,0.073119,0.052568,0.077587,-0.146279,0.041946,0.204808,0.214002,-9.513586,20.038941,-9.634753,19.637739,-1.879006,0.729091,-2.884262
0.943832,-0.168322,-0.006964,-0.161359,-0.168811,-0.604732,0.435921,-0.165640,-0.005443,-0.160197,-1.368613,-2.208939,0.840326,-0.058148,0.000840,-0.058987,1.127327,1.318893,-0.191566,0.346939,0.700174,-0.353235,-0.138075,-0.020750,-0.117326,-0.044270,1.002217,-1.046487,-0.171550,-0.004270,-0.167281,-0.356082,1.499367,-1.855449,-0.054798,-0.001844,-0.052955,0.326386,-2.557550,2.883936,-0.308671,-0.000578,-0.308093,0.073119,0.052568,0.077587,-0.146279,0.041946,0.204808,0.214002,-9.568055,20.151296,-9.690126,19.749890,-1.889718,0.733254,-2.900597
0.949304,-0.169711,-0.006964,-0.162748,-0.169254,-0.604732,0.435477,-0.167366,-0.005443,-0.161923,-1.372212,-2.208939,0.836727,-0.058698,0.000840,-0.059538,1.130630,1.318893,-0.188263,0.343836,0.700174,-0.356338,-0.137341,-0.020750,-0.116592,-0.043736,1.002217,-1.045953,-0.170765,-0.004270,-0.166495,-0.357545,1.499367,-1.856912,-0.054374,-0.001844,-0.052530,0.328442,-2.557550,2.885993,-0.306514,-0.000578,-0.305936,0.072427,0.053255,0.078251,-0.143622,0.042234,0.202949,0.213819,-9.698950,20.241310,-9.840678,19.858540,-1.916278,0.803461,-2.939053
0.954524,-0.169711,-0.006964,-0.162748,-0.169254,-0.604732,0.435477,-0.167366,-0.005443,-0.161923,-1.372212,-2.208939,0.836727,-0.058698,0.000840,-0.059538,1.130630,1.318893,-0.188263,0.343836,0.700174,-0.356338,-0.137341,-0.020750,-0.116592,-0.043736,1.002217,-1.045953,-0.170765,-0.004270,-0.166495,-0.357545,1.499367,-1.856912,-0.054374,-0.001844,-0.052530,0.328442,-2.557550,2.885993,-0.306514,-0.000578,-0.305936,0.072427,0.053255,0.078251,-0.143622,0.042234,0.202949,0.213819,-9.754064,20.353989,-9.896807,19.971105,-1.927121,0.808011,-2.955577
0.958858,-0.171084,-0.006964,-0.164120,-0.169690,-0.604732,0.435042,-0.169074,-0.005443,-0.163630,-1.375802,-2.208939,0.833137,-0.059241,0.000840,-0.060081,1.133931,1.318893,-0.184962,0.340775,0.700174,-0.359399,-0.136619,-0.020750,-0.115869,-0.043199,1.002217,-1.045416,-0.169977,-0.004270,-0.165707,-0.358971,1.499367,-1.858338,-0.053949,-0.001844,-0.052105,0.330467,-2.557550,2.888017,-0.304372,-0.000578,-0.303794,0.071741,0.053938,0.078911,-0.140982,0.042521,0.201103,0.213636,-9.874291,20.421679,-10.036571,20.057369,-1.951530,0.878286,-2.990779
0.963867,-0.171084,-0.006964,-0.164120,-0.169690,-0.604732,0.435042,-0.169074,-0.005443,-0.163630,-1.375802,-2.208939,0.833137,-0.059241,0.000840,-0.060081,1.133931,1.318893,-0.184962,0.340775,0.700174,-0.359399,-0.136619,-0.020750,-0.115869,-0.043199,1.002217,-1.045416,-0.169977,-0.004270,-0.165707,-0.358971,1.499367,-1.858338,-0.053949,-0.001844,-0.052105,0.330467,-2.557550,2.888017,-0.304372,-0.000578,-0.303794,0.071741,0.053938,0.078911,-0.140982,0.042521,0.201103,0.213636,-9.926488,20.527466,-10.089820,20.163133,-1.961803,0.882910,-3.006424
